gens,average_placement,hands_won,mean_money,fitness
gen0,5.356000,686,688.037320,4.250000
gen1,5.447000,626,693.713685,7.350000
gen2,10.396000,1943,4809.170104,7.800000
gen3,5.324000,666,701.126310,3.800000
gen4,11.978000,2101,5191.170615,12.050000
gen5,5.323000,678,668.147191,4.400000
gen6,9.856000,2973,4662.202060,5.250000
gen7,5.391000,667,747.472640,7.200000
gen8,5.436000,691,772.048253,6.500000
gen9,11.921000,1719,4895.661672,11.200000
gen10,5.333000,683,753.000590,4.100000
gen11,8.499000,1603,3859.539644,5.250000
gen12,5.283000,648,697.094939,3.400000
gen13,11.773000,1937,4551.509440,12.050000
gen14,5.293000,723,696.595890,3.400000
gen15,11.641000,3283,3531.414844,11.950000
gen16,11.724000,3440,3390.041097,12.950000
gen17,11.652000,3330,3455.411961,11.250000
gen18,11.474000,4404,3340.882213,11.250000
gen19,11.275000,4427,3421.668436,10.250000
gen20,11.268000,4650,3309.757892,10.400000
gen21,11.326000,4503,3362.728537,12.100000
gen22,11.611000,4119,3384.411066,12.650000
gen23,11.426000,4340,3400.685694,11.400000
gen24,11.435000,4554,3389.346381,11.950000
gen25,11.381000,4183,3469.811274,10.950000
gen26,11.441000,4016,3481.752285,10.400000
gen27,11.520000,4472,3409.209495,13.100000
gen28,11.057000,5222,3273.227916,9.550000
gen29,11.339000,4488,3321.074414,10.700000
gen30,11.047000,5168,3296.550857,9.850000
gen31,11.354000,4695,3406.655365,11.100000
gen32,11.260000,4777,3386.764289,10.400000
gen33,11.376000,4547,3506.508419,10.100000
gen34,11.200000,4918,3416.727272,9.400000
gen35,11.506000,4677,3298.527968,13.250000
gen36,11.532000,4301,3385.033100,12.100000
gen37,11.519000,4356,3326.090842,12.400000
gen38,11.224000,5009,3401.956554,10.400000
gen39,11.577000,4420,3397.195039,12.650000
gen40,11.233000,5149,3309.155467,11.400000
gen41,11.199000,4354,3347.085694,10.400000
gen42,11.351000,4566,3273.549554,11.400000
gen43,11.581000,3969,3601.234475,11.800000
gen44,11.245000,4509,3456.125490,9.250000
gen45,11.514000,4465,3444.151501,12.800000
gen46,11.282000,4701,3410.666151,10.100000
gen47,11.350000,4359,3401.733374,10.400000
gen48,11.414000,4518,3268.027722,12.400000
gen49,11.310000,4651,3361.097112,10.100000
gen50,11.449000,4476,3437.630963,10.950000
gen51,11.178000,4989,3398.686181,9.400000
gen52,11.191000,4648,3408.677275,10.100000
gen53,11.191000,4960,3313.521309,9.400000
gen54,11.316000,4587,3379.743995,11.100000
gen55,11.497000,4332,3176.867673,11.550000
gen56,11.143000,4901,3425.042576,9.400000
gen57,11.079000,5147,3271.460447,10.550000
gen58,11.426000,4162,3394.249351,13.100000
gen59,11.052000,5084,3472.779307,9.250000
gen60,11.127000,4999,3572.750588,9.100000
gen61,11.581000,4736,3549.413719,11.650000
gen62,11.425000,4256,3283.909972,11.400000
gen63,11.134000,4677,3739.840381,8.950000
gen64,11.271000,4750,3675.645493,9.250000
gen65,11.376000,4204,4500.915089,8.650000
gen66,11.338000,4271,3642.564282,9.250000
gen67,11.360000,4657,5828.027598,8.650000
gen68,11.221000,4298,4749.203427,8.650000
gen69,11.502000,3683,4822.764305,9.500000
gen70,11.365000,4090,4393.414941,8.650000
gen71,10.758000,5081,3624.217790,9.250000
gen72,11.216000,4319,4434.834125,8.650000
gen73,11.244000,4165,3853.149335,9.800000
gen74,9.956000,608,2775.079538,6.450000
gen75,5.714000,720,1000.735293,7.050000
gen76,6.636000,722,1862.190195,7.050000
gen77,9.353000,758,4477.344800,5.250000
gen78,8.010000,1734,6280.559584,5.250000
gen79,5.365000,1394,4297.446017,3.550000
gen80,6.421000,1579,5489.884329,5.250000
gen81,5.435000,1348,4295.908738,5.250000
gen82,5.439000,1327,4132.335182,5.250000
gen83,5.340000,1441,4155.674043,4.400000
gen84,5.647000,722,793.054949,7.050000
gen85,7.764000,1802,6267.651840,5.250000
gen86,5.429000,1539,4716.591097,5.250000
gen87,5.472000,1421,4956.917200,5.250000
gen88,5.368000,720,863.451896,4.500000
gen89,6.465000,2320,6191.544230,5.250000
gen90,5.225000,1219,3697.014961,1.850000
gen91,7.132000,1837,5314.221481,5.250000
gen92,5.282000,690,911.178382,2.800000
gen93,8.948000,2174,3899.183091,5.250000
gen94,5.403000,700,815.419388,5.500000
gen95,6.965000,2377,3888.708779,5.250000
gen96,5.282000,719,1042.941886,3.650000
gen97,5.502000,1004,2258.293252,7.050000
gen98,6.218000,1689,5375.017214,5.250000
gen99,6.129000,1624,5018.184307,5.250000
gen100,5.778000,1664,4693.353076,5.250000
gen101,6.642000,1656,4872.425049,5.250000
gen102,5.971000,1700,5188.366369,5.250000
gen103,6.187000,1522,5088.463281,5.250000
gen104,6.017000,1655,4852.058185,5.250000
gen105,6.274000,1463,4582.689968,5.250000
gen106,6.100000,1532,5255.289135,5.250000
gen107,5.966000,1859,4920.140348,5.250000
gen108,6.070000,1295,5127.162104,5.250000
gen109,6.122000,1414,4719.554325,5.250000
gen110,7.019000,1399,5748.612830,5.250000
gen111,5.711000,1164,3897.896619,5.250000
gen112,6.659000,1479,5084.167635,5.250000
gen113,5.442000,888,2561.609329,6.450000
gen114,6.655000,1449,5343.006103,5.250000
gen115,5.642000,1147,2788.829201,6.450000
gen116,6.276000,1534,5429.158267,5.250000
gen117,5.244000,923,2397.817076,3.200000
gen118,5.876000,1320,4446.878147,5.250000
gen119,5.890000,1548,4612.320360,5.250000
gen120,5.358000,1157,3268.757228,3.050000
gen121,5.909000,1565,4604.027485,5.250000
gen122,6.131000,1372,5000.173142,5.250000
gen123,5.933000,1489,4961.591596,5.250000
gen124,6.754000,1898,5692.037065,5.250000
gen125,5.313000,991,2762.634468,2.200000
gen126,8.411000,2844,5319.506239,5.250000
gen127,5.477000,935,2987.559867,6.450000
gen128,7.467000,3123,5701.588233,5.250000
gen129,5.662000,1227,4178.529084,5.250000
gen130,8.530000,3064,4669.534706,5.250000
gen131,5.441000,751,1499.576988,6.200000
gen132,7.794000,2615,5698.954684,5.250000
gen133,5.418000,861,2237.267635,6.050000
gen134,6.047000,1580,5115.278175,5.250000
gen135,5.392000,1158,3483.738442,6.000000
gen136,6.274000,1604,5939.012062,5.250000
gen137,5.440000,1042,3455.399281,6.150000
gen138,5.634000,1437,4351.866619,5.250000
gen139,7.510000,2643,5710.985835,5.250000
gen140,5.651000,1291,4491.410931,5.250000
gen141,9.704000,3459,4389.878710,5.250000
gen142,5.704000,1150,3199.052977,6.450000
gen143,8.760000,3765,4363.524574,5.250000
gen144,5.548000,1075,3146.871459,6.450000
gen145,7.742000,2974,5447.273576,5.250000
gen146,5.593000,1293,4628.603762,5.250000
gen147,6.827000,1860,6282.132384,5.250000
gen148,5.846000,1409,4727.520589,5.250000
gen149,8.928000,3593,4739.476389,5.250000
gen150,5.433000,1028,2908.157023,4.750000
gen151,9.636000,4124,3488.589058,6.000000
gen152,5.590000,1209,2970.625792,6.450000
gen153,9.780000,3569,3980.833591,5.250000
gen154,5.244000,845,1302.068204,2.800000
gen155,11.631000,3968,3308.437708,12.400000
gen156,5.576000,1106,3232.517055,6.450000
gen157,6.533000,1654,5335.935495,5.250000
gen158,6.494000,1583,4395.949230,5.250000
gen159,6.887000,1643,5226.449472,5.250000
gen160,5.562000,887,2237.364251,7.050000
gen161,9.720000,5442,3420.398679,6.150000
gen162,5.688000,895,1990.262977,7.050000
gen163,9.471000,3833,3974.928665,5.250000
gen164,5.686000,917,1717.530078,7.050000
gen165,6.771000,2307,4649.922863,5.250000
gen166,5.882000,1892,3334.495769,6.150000
gen167,6.635000,3069,3737.141785,5.250000
gen168,5.907000,1444,2864.246288,6.450000
gen169,6.509000,2448,3767.946430,5.250000
gen170,6.076000,2125,3015.749480,6.450000
gen171,6.341000,2081,3181.187237,6.450000
gen172,5.970000,2244,3146.123777,6.450000
gen173,6.197000,1809,3097.360524,6.450000
gen174,6.212000,2655,3330.282089,6.450000
gen175,5.993000,1998,3330.188084,6.300000
gen176,5.898000,2580,3524.601913,5.550000
gen177,7.204000,4299,3593.561340,5.700000
gen178,5.888000,2371,3303.261548,6.450000
gen179,7.857000,4444,3609.603461,5.700000
gen180,5.381000,857,1963.054202,7.050000
gen181,6.549000,2758,3395.256477,5.850000
gen182,6.020000,2943,3491.870301,5.400000
gen183,8.770000,5017,3326.570812,6.300000
gen184,5.677000,1918,3131.679451,6.450000
gen185,6.060000,3072,3425.297424,6.150000
gen186,6.102000,2580,3306.361123,6.450000
gen187,8.504000,3499,3534.961533,5.850000
gen188,5.748000,1999,3069.230366,6.450000
gen189,6.740000,3819,3450.563713,5.850000
gen190,6.987000,3991,3537.187319,5.700000
gen191,5.748000,2305,3064.306034,6.450000
gen192,6.736000,5036,3484.619983,5.700000
gen193,7.198000,5056,3566.305264,5.400000
gen194,7.018000,4584,3484.523670,5.850000
gen195,6.557000,4924,3450.897933,5.850000
gen196,6.607000,4518,3346.887621,6.150000
gen197,6.966000,4890,3389.358189,6.150000
gen198,6.363000,4242,3583.101646,5.550000
gen199,6.465000,4720,3438.953818,5.850000
gen200,5.947000,3713,3441.879459,6.000000
gen201,5.941000,4042,3364.148926,6.150000
gen202,6.860000,5310,3297.201419,6.300000
gen203,5.724000,3659,3411.475144,6.150000
gen204,6.765000,5356,3348.855946,6.000000
gen205,6.013000,3415,3267.520426,6.300000
gen206,6.395000,4401,3566.546755,5.400000
gen207,5.664000,3508,3238.419652,6.450000
gen208,6.059000,3842,3540.980912,5.550000
gen209,7.002000,5105,3457.559430,5.850000
gen210,6.527000,4926,3530.945297,5.700000
gen211,6.241000,4263,3535.214801,5.700000
gen212,6.297000,4725,3495.842440,5.850000
gen213,5.933000,3879,3527.603548,5.550000
gen214,5.984000,3959,3452.873889,6.000000
gen215,6.338000,4256,3525.965322,5.850000
gen216,6.027000,4619,3495.594508,5.700000
gen217,5.950000,4751,3507.234556,5.850000
gen218,7.127000,5650,3380.072913,5.850000
gen219,5.828000,3748,3494.134761,5.700000
gen220,6.206000,4276,3333.557544,6.450000
gen221,6.421000,4753,3537.859448,5.700000
gen222,6.434000,4631,3407.569803,5.850000
gen223,6.083000,5061,3437.739440,5.850000
gen224,6.403000,5757,3462.284842,5.850000
gen225,5.679000,3778,3302.005418,6.450000
gen226,5.725000,4230,3408.780515,6.000000
gen227,5.918000,4202,3607.115511,5.400000
gen228,5.904000,4362,3544.915922,5.550000
gen229,6.216000,4706,3457.965598,5.550000
gen230,5.754000,4123,3348.360286,6.150000
gen231,6.119000,4742,3328.712586,6.450000
gen232,8.188000,5774,3279.518698,6.150000
gen233,6.048000,4216,3532.310016,5.700000
gen234,6.159000,4514,3464.712071,6.000000
gen235,7.778000,5158,3432.069168,6.000000
gen236,7.648000,5266,3348.465582,5.850000
gen237,7.125000,5056,3421.579263,6.000000
gen238,7.273000,4823,3465.890190,6.150000
gen239,7.358000,4974,3370.670366,6.150000
gen240,6.473000,5173,3513.332859,5.550000
gen241,7.130000,4992,3277.429497,6.300000
gen242,7.000000,5078,3140.811971,6.450000
gen243,7.481000,5821,3552.509806,5.700000
gen244,8.136000,5885,3227.319222,6.450000
gen245,8.048000,5127,3388.875081,6.150000
gen246,8.403000,5152,3337.381807,6.300000
gen247,7.301000,5500,3537.832993,5.700000
gen248,7.605000,4806,3421.663548,5.850000
gen249,7.336000,5090,3513.317463,5.700000
gen250,8.056000,4511,3459.566519,5.850000
gen251,8.034000,4584,3273.153932,6.450000
gen252,7.492000,4968,3432.242712,5.850000
gen253,7.884000,5444,3402.115411,5.850000
gen254,8.102000,4847,3393.000449,6.150000
gen255,8.144000,4651,3520.190027,5.700000
gen256,7.905000,4710,3347.499130,6.150000
gen257,8.128000,5143,3524.771577,6.000000
gen258,8.813000,5197,3332.728797,6.000000
gen259,8.151000,4984,3432.081244,5.850000
gen260,8.000000,5042,3328.788000,6.150000
gen261,8.320000,5320,3439.788678,6.000000
gen262,8.321000,4318,3402.905274,6.150000
gen263,8.399000,4812,3494.909240,5.850000
gen264,8.154000,4828,3398.281527,6.300000
gen265,8.125000,4728,3343.203761,6.450000
gen266,8.197000,5221,3419.712133,6.150000
gen267,8.293000,5028,3318.063060,6.300000
gen268,8.266000,4429,3466.413472,5.700000
gen269,8.000000,5795,3387.327119,6.000000
gen270,8.319000,5343,3398.015751,6.000000
gen271,7.944000,5894,3412.291135,6.000000
gen272,8.264000,5370,3337.793861,6.450000
gen273,8.125000,5409,3515.349022,5.850000
gen274,8.229000,5196,3381.549114,6.150000
gen275,8.425000,4802,3319.355360,6.450000
gen276,8.197000,5392,3497.215262,5.850000
gen277,8.264000,4773,3450.088831,6.150000
gen278,8.123000,5379,3467.574112,5.550000
gen279,7.907000,5969,3439.302556,6.000000
gen280,8.006000,5521,3465.027325,5.850000
gen281,8.225000,4732,3357.462377,6.300000
gen282,8.127000,5175,3484.701951,5.850000
gen283,8.266000,5591,3356.882928,6.300000
gen284,8.595000,5179,3193.865845,6.450000
gen285,8.257000,5424,3252.950975,6.300000
gen286,8.414000,5115,3454.334465,5.850000
gen287,8.373000,5273,3386.960099,5.850000
gen288,8.543000,5531,3314.258385,6.150000
gen289,7.994000,5127,3407.840537,5.850000
gen290,8.343000,5535,3458.531936,6.000000
gen291,8.769000,5048,3279.417023,6.450000
gen292,8.075000,6012,3414.703655,5.850000
gen293,8.222000,5027,3374.431972,6.150000
gen294,8.109000,5380,3473.071326,5.700000
gen295,8.261000,5484,3377.596799,6.150000
gen296,8.184000,5282,3328.260512,6.150000
gen297,8.006000,5242,3474.121518,5.850000
gen298,8.240000,5287,3255.819076,6.300000
gen299,8.391000,5599,3301.983649,6.150000
gen300,8.312000,4812,3404.470811,5.850000
gen301,8.169000,5284,3446.849200,5.850000
gen302,8.228000,5081,3384.059968,5.850000
gen303,8.138000,5543,3378.100041,6.000000
gen304,8.338000,5381,3404.125938,6.150000
gen305,8.299000,5359,3316.303613,5.850000
gen306,8.551000,5035,3265.125583,6.450000
gen307,8.032000,5375,3417.104755,6.000000
gen308,8.368000,4357,3375.521865,6.150000
gen309,8.239000,5646,3344.380320,6.150000
gen310,8.035000,5578,3344.575474,6.000000
gen311,8.214000,5223,3526.263898,5.850000
gen312,8.096000,5426,3290.054334,6.450000
gen313,8.230000,5242,3357.550817,6.150000
gen314,8.436000,5250,3339.644277,6.300000
gen315,8.455000,5568,3265.154952,6.450000
gen316,8.441000,5914,3303.486519,6.150000
gen317,8.458000,5254,3281.029573,6.150000
gen318,8.084000,5566,3275.462396,6.450000
gen319,8.443000,5036,3348.143614,6.000000
gen320,8.018000,5679,3436.642985,5.850000
gen321,8.196000,4427,3485.225868,5.700000
gen322,8.363000,5045,3401.415385,6.000000
gen323,8.219000,5206,3239.685775,6.450000
gen324,8.627000,5693,3321.371734,6.300000
gen325,8.143000,5953,3412.528361,6.000000
gen326,8.075000,5309,3335.070159,6.150000
gen327,8.043000,5283,3417.323893,6.000000
gen328,8.076000,5259,3279.742726,6.300000
gen329,8.339000,5326,3275.903518,6.300000
gen330,8.118000,5290,3277.453320,6.150000
gen331,8.519000,5239,3373.580283,6.000000
gen332,8.000000,5048,3503.083634,5.850000
gen333,7.881000,5960,3440.153371,5.850000
gen334,8.005000,4620,3364.572941,5.850000
gen335,8.096000,4859,3458.021507,5.850000
gen336,7.869000,4977,3315.496452,6.150000
gen337,8.176000,4838,3494.413094,5.850000
gen338,8.414000,4756,3470.085978,5.850000
gen339,8.383000,4631,3244.786864,6.450000
gen340,8.128000,5163,3413.029494,6.000000
gen341,8.119000,5181,3429.569634,6.150000
gen342,8.051000,5540,3373.299264,6.000000
gen343,8.444000,5273,3368.376817,6.150000
gen344,8.023000,4626,3621.827782,5.700000
gen345,8.077000,4439,3381.793515,6.300000
gen346,8.133000,5400,3413.115570,6.150000
gen347,7.933000,5127,3439.155383,5.700000
gen348,8.118000,4858,3320.701414,6.150000
gen349,8.029000,5042,3459.806997,5.850000
gen350,8.122000,5355,3455.306767,5.850000
gen351,8.201000,5440,3436.189860,5.850000
gen352,7.775000,4783,3359.683472,6.000000
gen353,7.759000,4800,3419.835352,6.150000
gen354,7.663000,4626,3445.263232,5.850000
gen355,7.774000,5082,3545.839043,5.850000
gen356,7.976000,5131,3533.668176,6.150000
gen357,8.206000,4628,3489.537627,6.000000
gen358,7.985000,4836,3417.521361,6.000000
gen359,8.182000,4742,3346.637571,6.450000
gen360,8.349000,4932,3397.383950,6.000000
gen361,8.165000,5199,3443.787459,6.000000
gen362,8.127000,5471,3372.799202,5.850000
gen363,8.307000,5294,3397.713455,6.300000
gen364,8.553000,5087,3305.134775,6.450000
gen365,8.200000,5528,3275.934899,6.450000
gen366,7.734000,5056,3571.993681,5.700000
gen367,8.205000,4604,3420.302527,5.850000
gen368,7.800000,5520,3500.285106,5.850000
gen369,7.445000,5086,3283.464884,6.450000
gen370,7.785000,4983,3281.452405,6.300000
gen371,8.039000,5100,3203.975723,6.300000
gen372,8.087000,5248,3413.216548,6.000000
gen373,7.701000,4918,3572.205879,5.700000
gen374,8.219000,5627,3407.640850,5.850000
gen375,8.046000,5101,3258.364459,6.450000
gen376,8.350000,5665,3365.896616,6.000000
gen377,8.107000,6122,3316.307197,5.850000
gen378,8.199000,4979,3399.927252,5.850000
gen379,8.025000,4963,3439.054761,5.850000
gen380,8.024000,5597,3324.505761,6.150000
gen381,8.385000,5016,3363.133782,6.000000
gen382,7.931000,5449,3364.404521,6.300000
gen383,8.015000,5852,3365.461436,6.150000
gen384,7.861000,5915,3376.354211,6.000000
gen385,8.320000,5546,3404.496273,5.850000
gen386,8.088000,5722,3259.554718,6.300000
gen387,8.021000,5996,3418.885396,5.850000
gen388,8.232000,5721,3359.576450,5.850000
gen389,8.310000,5225,3348.403840,6.150000
gen390,8.088000,5480,3411.675292,6.300000
gen391,8.108000,5913,3299.707833,6.300000
gen392,8.254000,6264,3222.694688,6.300000
gen393,8.294000,5880,3321.577393,6.450000
gen394,8.355000,5429,3269.741889,6.450000
gen395,7.664000,4867,3469.662044,5.850000
gen396,8.356000,5345,3328.471462,6.000000
gen397,8.045000,4668,3478.248451,6.000000
gen398,7.726000,4681,3453.182612,6.000000
gen399,8.158000,4692,3429.522884,5.850000
gen400,7.866000,5323,3456.080979,6.000000
gen401,8.415000,5555,3323.362279,6.150000
gen402,8.304000,5781,3367.394557,6.000000
gen403,8.028000,5523,3458.144995,5.850000
gen404,8.258000,5267,3401.353524,5.850000
gen405,8.139000,5400,3525.794243,5.700000
gen406,8.194000,5662,3370.445065,6.000000
gen407,8.345000,5002,3394.233721,5.850000
gen408,8.702000,5014,3160.448033,6.450000
gen409,8.015000,5318,3534.919190,5.550000
gen410,8.245000,5546,3322.852566,6.000000
gen411,8.180000,5558,3445.614790,5.850000
gen412,7.966000,4986,3351.308544,6.000000
gen413,8.237000,5169,3373.190969,6.300000
gen414,8.314000,5255,3476.190738,5.850000
gen415,7.950000,5396,3304.998115,6.450000
gen416,8.280000,5009,3324.277699,6.300000
gen417,8.080000,6023,3296.143082,6.300000
gen418,7.890000,5631,3374.944663,6.000000
gen419,7.952000,5455,3534.170321,5.550000
gen420,8.306000,5080,3507.390308,5.850000
gen421,7.979000,5486,3405.259685,6.150000
gen422,8.245000,5159,3418.205149,6.000000
gen423,8.192000,4933,3320.686510,6.150000
gen424,8.106000,5692,3406.732789,5.850000
gen425,8.152000,5670,3380.450925,6.300000
gen426,8.174000,5656,3298.140447,6.450000
gen427,8.089000,5614,3256.632033,6.450000
gen428,7.727000,5738,3266.900159,6.450000
gen429,8.346000,5849,3251.993827,6.300000
gen430,8.375000,5081,3363.300007,6.000000
gen431,7.705000,5218,3489.555813,5.700000
gen432,8.226000,5664,3333.809261,6.300000
gen433,8.303000,5373,3438.585896,6.000000
gen434,7.971000,5692,3349.523681,6.300000
gen435,8.367000,5323,3362.668868,6.150000
gen436,8.675000,5531,3382.251087,5.850000
gen437,8.013000,5774,3314.009850,6.300000
gen438,8.343000,5513,3195.594459,6.450000
gen439,8.406000,5139,3510.229733,6.000000
gen440,8.315000,4716,3307.163021,6.450000
gen441,7.712000,4706,3216.048930,6.450000
gen442,7.844000,5079,3355.677942,6.150000
gen443,8.280000,5047,3227.804791,6.450000
gen444,8.768000,4507,3253.081231,6.450000
gen445,7.971000,5358,3391.671584,6.000000
gen446,8.076000,4916,3485.511898,5.850000
gen447,7.858000,5480,3494.721008,5.850000
gen448,8.202000,4977,3375.442216,5.850000
gen449,7.909000,5460,3376.311433,6.000000
gen450,8.901000,5097,3396.471440,6.000000
gen451,7.993000,5380,3473.751347,5.850000
gen452,8.313000,5367,3364.543692,6.300000
gen453,8.155000,6172,3309.664303,6.150000
gen454,8.649000,5253,3238.385470,6.450000
gen455,8.550000,5290,3351.487831,6.150000
gen456,8.322000,5413,3296.522141,6.300000
gen457,8.450000,4875,3263.731621,6.300000
gen458,8.028000,5764,3335.329057,6.450000
gen459,8.058000,5639,3281.417316,6.450000
gen460,8.192000,5948,3212.235383,6.300000
gen461,8.416000,5587,3314.352471,6.300000
gen462,7.843000,5509,3351.817018,6.150000
gen463,8.190000,5287,3245.508923,6.450000
gen464,8.225000,5604,3385.885288,6.000000
gen465,8.196000,6230,3287.784174,6.150000
gen466,8.041000,5378,3343.801227,6.450000
gen467,8.224000,5525,3438.846982,6.150000
gen468,8.401000,5657,3432.314652,5.850000
gen469,8.138000,5728,3414.853857,5.850000
gen470,8.502000,5751,3203.237357,6.450000
gen471,8.383000,5413,3317.881392,6.300000
gen472,8.606000,5509,3271.701970,6.300000
gen473,8.436000,5697,3309.150275,6.150000
gen474,8.544000,5335,3312.183751,6.150000
gen475,8.705000,5727,3093.213266,6.450000
gen476,7.965000,5254,3517.460803,5.850000
gen477,8.001000,5832,3280.450180,6.300000
gen478,8.283000,5321,3247.920050,6.300000
gen479,8.430000,5151,3196.814676,6.450000
gen480,8.407000,5360,3056.315683,6.450000
gen481,8.761000,4957,3124.346238,6.450000
gen482,8.205000,5604,3200.738462,6.450000
gen483,8.597000,5391,3290.055227,6.300000
gen484,8.203000,5581,3234.269907,6.450000
gen485,8.742000,5034,3103.731311,6.450000
gen486,8.728000,5163,3186.557175,6.450000
gen487,8.401000,5583,3176.264659,6.450000
gen488,8.116000,5947,3306.732019,6.150000
gen489,8.262000,5492,3307.322105,6.450000
gen490,8.266000,5769,3333.793162,6.300000
gen491,8.427000,5106,3278.249404,6.300000
gen492,8.029000,5642,3320.527853,6.150000
gen493,8.184000,5236,3293.394819,6.150000
gen494,8.461000,5273,3076.747614,6.450000
gen495,7.675000,6286,3374.228363,5.850000
gen496,7.946000,5479,3293.801648,6.300000
gen497,7.846000,5258,3221.713600,6.300000
gen498,7.751000,5925,3291.907148,6.150000
gen499,7.818000,5734,3391.425746,6.150000
gen500,6.795000,5368,3428.003250,6.150000
gen501,8.448000,5413,3364.681853,6.000000
gen502,7.903000,5598,3248.871235,6.450000
gen503,7.064000,5795,3326.131875,6.300000
gen504,7.446000,5684,3321.955023,6.300000
gen505,7.284000,5046,3299.747260,6.300000
gen506,7.127000,5616,3263.853462,6.450000
gen507,6.732000,5129,3302.515692,6.300000
gen508,7.050000,5596,3267.446723,6.150000
gen509,7.219000,5670,3348.149856,5.850000
gen510,7.203000,5415,3384.346371,5.850000
gen511,7.411000,5055,3281.421705,6.300000
gen512,8.542000,4987,3439.648314,6.000000
gen513,6.453000,6002,3444.333928,5.700000
gen514,6.927000,6050,3323.845559,6.150000
gen515,6.437000,5960,3408.326755,6.000000
gen516,6.175000,5811,3511.796650,5.850000
gen517,6.294000,5540,3462.888615,5.550000
gen518,6.497000,5249,3538.651247,5.700000
gen519,6.536000,5169,3328.533308,6.300000
gen520,6.461000,5504,3315.698665,6.300000
gen521,6.333000,5196,3387.165366,6.150000
gen522,6.668000,6397,3283.267482,6.150000
gen523,6.341000,5539,3365.579699,6.000000
gen524,6.890000,6505,3219.942136,6.450000
gen525,7.284000,5680,3251.752934,6.300000
gen526,7.125000,6194,3330.635221,6.450000
gen527,6.842000,5973,3276.383335,6.450000
gen528,7.833000,6576,3193.275169,6.450000
gen529,6.813000,6548,3281.427887,6.150000
gen530,6.708000,6414,3148.736164,6.750000
gen531,6.490000,6097,3429.001343,6.450000
gen532,6.674000,6781,3265.641463,6.300000
gen533,6.536000,5959,3308.349508,6.000000
gen534,6.521000,6227,3394.073259,5.850000
gen535,6.891000,5471,3295.609760,6.450000
gen536,6.445000,4893,3260.864590,6.450000
gen537,6.854000,5531,3204.119276,6.300000
gen538,6.241000,5327,3400.317204,6.000000
gen539,6.083000,5091,3355.563222,6.150000
gen540,6.356000,5520,3364.803108,6.000000
gen541,6.188000,5432,3376.223464,6.300000
gen542,6.106000,5440,3399.688224,5.850000
gen543,6.727000,6474,3199.788838,6.450000
gen544,6.324000,5599,3335.428643,6.450000
gen545,6.645000,5591,3439.874129,5.850000
gen546,6.599000,5700,3363.143209,6.150000
gen547,6.683000,5871,3358.053248,6.000000
gen548,6.727000,6453,3329.679800,6.150000
gen549,7.057000,5579,3255.719165,6.450000
gen550,6.694000,5198,3476.832058,5.850000
gen551,6.725000,5986,3308.511470,6.450000
gen552,7.004000,5796,3287.550254,6.300000
gen553,6.954000,5809,3287.200402,6.000000
gen554,6.725000,5889,3338.642143,6.150000
gen555,6.302000,5371,3484.277493,5.850000
gen556,6.690000,4638,3196.604612,6.300000
gen557,6.198000,4766,3420.748770,5.850000
gen558,6.134000,4892,3380.792274,6.000000
gen559,6.166000,4715,3422.769280,6.150000
gen560,6.207000,3992,3404.156760,5.700000
gen561,6.194000,5497,3340.243049,6.000000
gen562,6.844000,3874,3558.151088,5.550000
gen563,6.302000,4971,3428.930017,6.150000
gen564,6.481000,4655,3380.909040,5.850000
gen565,5.711000,4138,3386.991204,6.150000
gen566,5.902000,4380,3351.242728,6.300000
gen567,6.089000,4408,3273.863388,6.000000
gen568,6.110000,4803,3448.594003,6.000000
gen569,5.735000,3982,3463.005972,5.850000
gen570,6.362000,5430,3356.021953,5.850000
gen571,5.919000,4276,3361.209910,5.850000
gen572,6.250000,4655,3343.132563,6.000000
gen573,6.349000,4291,3440.215413,5.850000
gen574,5.908000,4489,3303.303344,6.450000
gen575,6.265000,5088,3422.108193,6.000000
gen576,7.064000,4979,3315.536113,6.000000
gen577,6.322000,5189,3474.933563,5.400000
gen578,6.528000,5550,3294.780268,6.450000
gen579,6.915000,4944,3271.706318,6.300000
gen580,6.783000,5386,3292.990859,6.150000
gen581,6.422000,4197,3479.402659,5.400000
gen582,6.926000,5116,3385.282979,6.150000
gen583,6.539000,5607,3393.278930,6.000000
gen584,7.106000,6093,3129.787860,6.450000
gen585,6.671000,5418,3252.179857,6.300000
gen586,6.060000,5500,3293.140948,6.300000
gen587,5.937000,4884,3325.349821,6.150000
gen588,6.123000,4822,3300.727952,6.150000
gen589,6.236000,4873,3342.813736,6.000000
gen590,5.629000,5088,3372.133280,6.450000
gen591,5.808000,5272,3544.425013,5.400000
gen592,6.491000,6711,3243.592159,6.300000
gen593,5.778000,4674,3250.141823,6.450000
gen594,6.760000,6869,3172.685024,6.450000
gen595,7.133000,7032,3234.837615,6.450000
gen596,7.065000,6695,3284.346618,6.450000
gen597,6.507000,6632,3398.420437,5.850000
gen598,6.883000,6848,3161.416671,6.450000
gen599,6.716000,6238,3325.994656,6.450000
gen600,7.178000,6643,3294.783608,6.450000
gen601,6.951000,6741,3271.754527,6.450000
gen602,7.080000,6596,3364.384242,6.150000
gen603,7.043000,6330,3267.823729,6.450000
gen604,6.214000,6096,3459.769796,5.700000
gen605,5.811000,5721,3332.120343,6.150000
gen606,6.210000,5781,3294.545238,6.000000
gen607,6.031000,5046,3333.610249,6.000000
gen608,5.686000,5854,3434.765642,6.000000
gen609,6.512000,5716,3367.348077,6.150000
gen610,5.661000,5165,3340.093097,6.150000
gen611,6.453000,6328,3382.160495,6.150000
gen612,6.247000,6469,3512.619042,5.850000
gen613,5.840000,5547,3374.219537,6.150000
gen614,6.475000,6417,3319.881766,6.300000
gen615,5.923000,4874,3524.313949,6.000000
gen616,5.594000,4800,3395.191018,6.300000
gen617,5.885000,6018,3262.739750,6.300000
gen618,6.390000,6006,3320.392846,6.450000
gen619,5.689000,5357,3388.955094,6.150000
gen620,5.461000,5081,3388.780898,6.300000
gen621,5.821000,5719,3318.540490,6.300000
gen622,6.031000,5602,3370.984272,6.000000
gen623,5.849000,5861,3409.946784,6.300000
gen624,5.835000,5684,3535.697899,5.700000
gen625,5.843000,5893,3476.912776,5.550000
gen626,6.109000,5810,3322.580892,6.450000
gen627,6.665000,5958,3397.263276,6.000000
gen628,5.755000,5263,3299.481457,6.450000
gen629,5.769000,5719,3369.320080,6.150000
gen630,5.485000,5046,3396.130817,5.850000
gen631,5.518000,4511,3169.205535,6.450000
gen632,5.778000,5582,3356.349107,6.300000
gen633,5.486000,4751,3311.371759,6.150000
gen634,5.595000,5489,3398.350189,6.000000
gen635,5.536000,4406,3340.254292,6.300000
gen636,5.441000,4714,3256.773275,6.450000
gen637,5.551000,4797,3531.200918,5.700000
gen638,5.452000,4733,3348.746238,6.300000
gen639,5.357000,4396,3483.643826,5.150000
gen640,5.506000,4823,3186.588321,6.450000
gen641,5.618000,4793,3430.075883,6.000000
gen642,5.620000,5927,3464.148834,5.700000
gen643,5.352000,5151,3390.617704,6.150000
gen644,5.633000,5667,3352.792827,6.450000
gen645,5.574000,6132,3480.207949,6.000000
gen646,5.481000,4513,3251.020453,6.450000
gen647,5.878000,5877,3207.237621,6.450000
gen648,5.801000,6027,3405.207188,6.000000
gen649,5.304000,4968,3174.912138,3.050000
gen650,6.203000,6192,3135.269204,6.450000
gen651,5.474000,5753,3343.573761,6.300000
gen652,5.548000,5410,3460.217902,5.850000
gen653,5.789000,5648,3259.715750,6.450000
gen654,5.396000,4811,3321.035312,6.300000
gen655,5.241000,4781,3252.944147,2.200000
gen656,5.298000,5174,3446.272121,3.850000
gen657,5.995000,6377,3282.509783,6.300000
gen658,5.715000,6757,3445.751897,5.700000
gen659,6.105000,6090,3375.447610,6.000000
gen660,5.544000,4905,3424.384598,6.150000
gen661,6.461000,5272,3505.952369,5.700000
gen662,6.872000,5898,3349.959895,6.150000
gen663,6.094000,5743,3468.734361,5.700000
gen664,6.075000,5559,3363.117312,6.000000
gen665,6.262000,5187,3531.867573,5.700000
gen666,6.157000,5422,3271.810077,6.450000
gen667,6.012000,4806,3498.705789,5.700000
gen668,6.081000,4515,3508.907148,5.550000
gen669,6.370000,5609,3407.628658,5.850000
gen670,6.429000,4697,3524.879376,5.400000
gen671,6.206000,4267,3650.317252,5.250000
gen672,6.289000,6111,3437.451002,5.700000
gen673,6.118000,5280,3655.289562,5.550000
gen674,6.451000,6206,3345.985772,6.300000
gen675,6.825000,5722,3319.188379,6.450000
gen676,5.496000,4545,3461.886797,5.850000
gen677,6.218000,5598,3393.847959,5.850000
gen678,6.626000,5127,3505.045293,5.850000
gen679,5.803000,4795,3546.037205,6.000000
gen680,6.018000,5274,3492.456036,5.700000
gen681,6.223000,6050,3451.257218,5.700000
gen682,6.028000,5174,3619.005750,5.700000
gen683,6.196000,4977,3397.527404,5.850000
gen684,6.116000,4904,3455.483471,5.850000
gen685,6.210000,5084,3521.581505,5.550000
gen686,6.478000,6440,3370.966948,5.850000
gen687,6.326000,5075,3399.462895,6.150000
gen688,6.681000,5959,3416.066728,6.000000
gen689,6.134000,5203,3497.853949,5.850000
gen690,6.387000,6179,3355.579512,6.000000
gen691,6.218000,5363,3273.296104,6.450000
gen692,6.461000,6722,3367.769616,5.850000
gen693,6.361000,6559,3345.669881,6.300000
gen694,6.204000,5327,3340.013840,6.150000
gen695,6.026000,5874,3380.057616,6.300000
gen696,5.849000,5404,3430.093404,5.700000
gen697,5.397000,5018,3208.506378,6.450000
gen698,5.416000,4800,3131.870928,6.450000
gen699,5.684000,5406,3494.693157,5.850000
gen700,5.722000,5720,3356.891447,6.300000
gen701,5.969000,6066,3362.121557,6.150000
gen702,5.945000,6220,3238.738968,6.300000
gen703,6.461000,6727,3359.565670,6.000000
gen704,6.302000,6260,3203.758034,6.450000
gen705,5.776000,5397,3465.867874,5.850000
gen706,5.785000,5989,3243.203868,6.300000
gen707,5.856000,6097,3325.270981,6.300000
gen708,6.040000,5904,3306.975207,6.300000
gen709,6.222000,6829,3238.458899,6.300000
gen710,6.356000,6713,3282.877356,6.300000
gen711,5.657000,5013,3332.675341,6.450000
gen712,6.794000,6200,3260.456650,6.450000
gen713,5.812000,5320,3369.868254,6.150000
gen714,6.311000,5999,3250.999184,6.450000
gen715,6.260000,6438,3355.311253,6.450000
gen716,5.483000,5086,3379.394207,6.150000
gen717,6.237000,6228,3405.494833,6.300000
gen718,7.802000,5953,3317.053426,6.300000
gen719,6.560000,6605,3299.956605,6.300000
gen720,6.717000,7130,3319.409288,6.450000
gen721,6.550000,6375,3390.594580,6.150000
gen722,6.566000,6376,3346.211595,6.150000
gen723,6.245000,6409,3351.267490,6.150000
gen724,6.002000,6505,3366.321675,6.150000
gen725,5.760000,5403,3264.601008,6.450000
gen726,5.974000,5812,3296.500194,6.300000
gen727,5.648000,4802,3430.338169,5.850000
gen728,5.752000,4700,3426.757515,6.150000
gen729,6.053000,5959,3394.661791,6.000000
gen730,6.649000,6103,3378.051714,5.850000
gen731,6.929000,6287,3230.258040,6.300000
gen732,6.375000,6337,3319.883235,5.850000
gen733,6.242000,6332,3250.971703,6.150000
gen734,6.053000,5951,3360.947588,6.300000
gen735,5.810000,6374,3457.678405,6.150000
gen736,6.049000,6366,3373.659699,6.000000
gen737,6.045000,6268,3482.326190,5.850000
gen738,6.317000,6098,3354.927654,6.300000
gen739,5.983000,5599,3423.438898,5.850000
gen740,5.797000,5467,3401.372728,5.850000
gen741,6.208000,6086,3463.142962,6.000000
gen742,6.180000,5913,3324.257059,6.300000
gen743,5.893000,5869,3283.077348,6.450000
gen744,6.118000,5449,3488.960096,5.850000
gen745,7.019000,6151,3303.622475,6.150000
gen746,5.977000,5536,3459.716724,6.000000
gen747,6.155000,5817,3279.651931,6.000000
gen748,6.035000,6072,3392.246792,6.450000
gen749,6.317000,6576,3311.989666,6.300000
gen750,6.021000,5508,3356.762317,6.000000
gen751,6.189000,6096,3306.856329,6.150000
gen752,6.804000,6418,3352.564432,6.150000
gen753,6.889000,6000,3432.414997,5.850000
gen754,6.344000,6007,3379.704782,6.000000
gen755,6.245000,6396,3454.565501,5.850000
gen756,6.644000,5841,3301.093869,6.150000
gen757,6.394000,5823,3374.280141,6.150000
gen758,5.970000,5628,3386.536268,5.400000
gen759,5.798000,4595,3497.780320,5.250000
gen760,6.239000,5394,3500.794036,5.700000
gen761,6.419000,4938,3476.714038,5.700000
gen762,6.395000,5343,3483.997467,5.850000
gen763,6.276000,5514,3400.329808,6.150000
gen764,6.200000,5345,3626.954974,5.700000
gen765,6.123000,5328,3599.203631,5.700000
gen766,6.537000,4217,3374.877049,6.000000
gen767,6.458000,5148,3398.311299,6.150000
gen768,8.187000,5380,3504.985447,5.850000
gen769,7.195000,5377,3340.670789,6.150000
gen770,5.902000,4505,3653.774545,5.250000
gen771,6.084000,4358,3578.010299,5.700000
gen772,6.126000,3844,3497.426274,5.700000
gen773,5.700000,4759,3461.389074,5.700000
gen774,5.558000,3912,3142.747230,6.450000
gen775,5.753000,4543,3727.703899,5.250000
gen776,5.375000,3531,3273.428512,6.300000
gen777,5.930000,4874,3237.758764,6.450000
gen778,6.619000,5074,3484.771642,5.700000
gen779,5.850000,5016,3427.915611,6.000000
gen780,6.110000,5041,3513.708289,5.400000
gen781,5.816000,5003,3645.288991,5.400000
gen782,6.703000,4935,3411.040724,6.000000
gen783,5.718000,4795,3450.310005,5.700000
gen784,6.141000,6991,3373.394056,6.150000
gen785,7.257000,5447,3479.976464,5.550000
gen786,6.014000,5965,3245.768239,6.450000
gen787,5.982000,5613,3339.935233,6.000000
gen788,6.128000,5540,3352.726752,6.150000
gen789,6.314000,6341,3393.889737,6.000000
gen790,5.665000,5337,3266.742204,6.450000
gen791,5.606000,5428,3293.853674,6.150000
gen792,6.249000,5456,3186.121757,6.300000
gen793,6.162000,5359,3416.433750,5.850000
gen794,7.244000,5623,3376.531817,6.000000
gen795,6.462000,5473,3461.465035,5.550000
gen796,7.022000,5102,3219.426994,6.300000
gen797,6.220000,4924,3421.997148,5.700000
gen798,6.504000,5083,3470.465474,5.700000
gen799,6.107000,5159,3425.915974,5.850000
gen800,6.116000,5315,3486.290162,5.700000
gen801,6.034000,4040,3562.673345,5.400000
gen802,6.071000,4632,3430.510084,6.000000
gen803,6.464000,4903,3365.829670,6.000000
gen804,6.224000,5152,3408.549343,5.850000
gen805,6.599000,4909,3514.732366,5.700000
gen806,5.813000,4909,3377.567760,6.150000
gen807,5.747000,5259,3417.618942,6.150000
gen808,7.496000,5510,3385.794399,6.000000
gen809,6.179000,5349,3229.129922,6.450000
gen810,6.730000,5808,3552.338765,5.850000
gen811,6.083000,5415,3348.518267,6.150000
gen812,5.993000,5523,3481.286894,5.850000
gen813,5.943000,4809,3361.178876,6.150000
gen814,5.667000,4128,3517.241343,5.700000
gen815,5.504000,4303,3452.321236,5.850000
gen816,7.862000,6074,3380.580283,6.000000
gen817,6.566000,5118,3458.945165,6.000000
gen818,6.499000,5480,3428.602196,5.850000
gen819,6.975000,5432,3484.712482,5.850000
gen820,5.998000,4820,3541.148491,5.400000
gen821,6.254000,4778,3249.517360,6.450000
gen822,6.078000,4809,3482.188899,5.850000
gen823,6.761000,5205,3492.130172,5.850000
gen824,7.762000,4866,3475.458464,5.700000
gen825,7.100000,5525,3384.911779,6.450000
gen826,8.874000,5034,3388.280360,6.150000
gen827,6.543000,4568,3511.904305,5.550000
gen828,6.454000,4585,3468.179023,6.000000
gen829,6.678000,5423,3504.313937,5.700000
gen830,5.909000,4753,3303.457414,6.450000
gen831,5.940000,4812,3397.450955,6.150000
gen832,7.443000,5637,3246.078771,6.450000
gen833,6.801000,5841,3371.594895,6.000000
gen834,6.310000,5243,3353.545772,6.150000
gen835,6.137000,5938,3341.508312,6.150000
gen836,6.763000,5076,3476.100158,6.000000
gen837,5.905000,5603,3511.680541,5.850000
gen838,5.614000,5527,3335.105627,6.300000
gen839,5.848000,5216,3302.828952,6.450000
gen840,5.808000,4943,3314.973356,6.150000
gen841,7.261000,5824,3352.741209,6.300000
gen842,5.868000,5956,3433.892521,6.300000
gen843,6.356000,6942,3360.683534,6.150000
gen844,6.190000,4832,3409.910636,6.300000
gen845,5.881000,7518,3358.589293,6.000000
gen846,6.748000,5634,3375.811338,6.300000
gen847,8.134000,5612,3424.177577,6.300000
gen848,6.898000,5962,3387.599363,5.850000
gen849,6.352000,6089,3327.205309,6.150000
gen850,6.602000,6629,3124.916937,6.450000
gen851,6.994000,6327,3372.921765,6.000000
gen852,7.382000,5594,3321.369282,6.300000
gen853,5.675000,5400,3431.018945,5.700000
gen854,6.988000,5967,3340.608350,6.150000
gen855,7.624000,5817,3277.826857,6.450000
gen856,7.707000,5617,3548.326077,5.700000
gen857,7.042000,5619,3264.375895,6.300000
gen858,5.899000,5353,3312.003820,6.450000
gen859,6.421000,5787,3400.948788,6.150000
gen860,7.006000,5689,3328.718570,6.300000
gen861,6.633000,6414,3459.184100,5.850000
gen862,6.480000,5649,3313.366659,6.150000
gen863,6.424000,6875,3320.850047,6.450000
gen864,6.366000,6004,3302.585910,6.300000
gen865,6.177000,6124,3358.833104,6.150000
gen866,5.406000,3750,3092.361502,5.600000
gen867,6.261000,5870,3443.482392,5.700000
gen868,8.134000,6517,3316.584973,6.000000
gen869,5.991000,6219,3422.972762,5.850000
gen870,5.764000,5286,3463.124140,5.850000
gen871,6.355000,6573,3482.690060,5.850000
gen872,5.597000,5379,3481.632437,5.400000
gen873,6.045000,6614,3432.744347,5.850000
gen874,5.745000,6721,3323.883614,6.000000
gen875,6.405000,5939,3335.624953,6.150000
gen876,5.887000,5760,3342.915619,6.000000
gen877,5.516000,5907,3374.125307,6.000000
gen878,5.941000,6380,3426.340253,6.000000
gen879,5.737000,7084,3290.513894,6.450000
gen880,5.778000,5648,3382.404475,6.000000
gen881,5.178000,5842,3536.725320,1.750000
gen882,5.824000,5872,3479.132751,5.700000
gen883,5.351000,4641,3410.153206,5.450000
gen884,5.360000,4896,3478.108008,5.000000
gen885,5.613000,5478,3596.700278,5.700000
gen886,5.797000,5639,3330.785841,6.300000
gen887,5.851000,5786,3387.705206,6.000000
gen888,6.169000,5383,3375.179470,5.850000
gen889,6.101000,3851,3434.021505,6.150000
gen890,5.405000,3604,3278.781473,6.450000
gen891,5.740000,4769,3343.906691,6.300000
gen892,6.342000,5134,3514.183600,6.000000
gen893,6.079000,4704,3544.947532,5.550000
gen894,6.266000,4903,3486.897605,5.700000
gen895,6.375000,4540,3396.822457,6.300000
gen896,6.369000,4775,3523.633981,5.700000
gen897,6.174000,4540,3606.961140,5.400000
gen898,6.188000,4085,3483.375481,5.700000
gen899,5.996000,3826,3602.081062,5.400000
gen900,6.642000,3742,3499.270765,5.850000
gen901,5.974000,3932,3735.126374,5.250000
gen902,6.874000,4232,3593.171393,5.550000
gen903,6.574000,4180,3555.006406,5.550000
gen904,6.594000,4297,3496.568455,5.550000
gen905,6.469000,3758,3437.206246,6.000000
gen906,6.312000,3937,3693.475098,5.400000
gen907,5.730000,3965,3395.855992,5.850000
gen908,5.686000,3170,3555.199284,5.550000
gen909,5.519000,3260,3403.379209,6.150000
gen910,5.669000,4271,3603.879364,5.400000
gen911,5.732000,4522,3616.124088,5.400000
gen912,5.990000,3225,3432.961269,6.300000
gen913,7.735000,4656,3437.208191,5.850000
gen914,5.924000,4129,3706.163465,5.250000
gen915,6.525000,4625,3499.072078,6.150000
gen916,5.882000,3872,3585.204614,5.250000
gen917,6.121000,5439,3322.663341,6.150000
gen918,6.208000,4283,3441.514496,5.850000
gen919,6.176000,4341,3589.371261,5.250000
gen920,6.145000,4289,3500.841550,5.850000
gen921,5.911000,3735,3474.201447,5.850000
gen922,5.588000,3769,3551.392189,5.250000
gen923,5.564000,3541,3578.374041,5.400000
gen924,7.866000,5398,3266.290675,6.450000
gen925,8.151000,4888,3480.393018,5.700000
gen926,7.779000,4756,3479.885555,6.000000
gen927,6.962000,4806,3515.485815,5.700000
gen928,5.935000,4954,3342.808591,6.450000
gen929,6.012000,4269,3424.127441,6.150000
gen930,6.798000,5504,3408.402377,5.700000
gen931,6.679000,4317,3645.887508,5.400000
gen932,5.824000,3488,3667.736932,5.250000
gen933,5.705000,4459,3320.005238,6.300000
gen934,5.897000,4268,3394.820871,6.300000
gen935,5.976000,3790,3403.918204,6.300000
gen936,6.452000,4946,3450.159420,5.850000
gen937,6.520000,5324,3472.614310,5.850000
gen938,5.395000,4341,3361.882995,6.450000
gen939,6.164000,5157,3411.550515,6.300000
gen940,5.801000,6287,3495.664340,6.150000
gen941,5.937000,5699,3452.378828,6.150000
gen942,5.696000,5854,3386.052793,6.150000
gen943,6.853000,5513,3389.289804,6.450000
gen944,7.758000,6575,3308.634041,6.150000
gen945,5.869000,4938,3566.766070,5.550000
gen946,6.201000,5564,3463.816661,5.850000
gen947,6.428000,5583,3355.742868,6.450000
gen948,6.516000,4931,3335.528919,6.300000
gen949,5.709000,5492,3345.694459,6.450000
gen950,5.904000,6108,3305.872046,6.300000
gen951,5.864000,5158,3506.799082,5.550000
gen952,5.994000,5823,3415.174546,6.150000
gen953,6.351000,6618,3415.046737,5.850000
gen954,6.145000,5728,3439.586308,6.150000
gen955,6.074000,6063,3437.087988,6.000000
gen956,7.418000,6026,3415.103667,6.000000
gen957,5.755000,5156,3594.072739,5.400000
gen958,6.140000,5815,3237.498289,6.450000
gen959,6.017000,5740,3307.160927,6.450000
gen960,6.087000,6575,3365.095933,6.300000
gen961,5.695000,5564,3362.840241,6.300000
gen962,5.794000,5594,3349.428675,6.300000
gen963,5.403000,5863,3295.640784,6.300000
gen964,6.182000,6300,3385.641475,6.150000
gen965,5.337000,5544,3393.720497,3.300000
gen966,5.729000,5559,3402.969401,6.150000
gen967,6.739000,6708,3399.547308,5.700000
gen968,5.530000,5713,3471.738283,5.700000
gen969,6.845000,6034,3295.040246,6.300000
gen970,6.285000,5946,3387.691576,5.700000
gen971,5.614000,5684,3495.194302,5.850000
gen972,6.344000,5507,3389.319183,6.150000
gen973,5.809000,5239,3300.775014,6.450000
gen974,6.499000,6255,3374.251986,6.300000
gen975,6.221000,5780,3370.553886,6.000000
gen976,6.690000,5725,3433.945299,6.150000
gen977,6.318000,5776,3384.517403,6.000000
gen978,6.238000,5823,3382.838030,5.850000
gen979,6.987000,5322,3327.809785,6.300000
gen980,6.259000,5630,3609.974400,5.250000
gen981,6.206000,6421,3383.676278,6.000000
gen982,6.437000,6283,3428.434456,6.150000
gen983,5.759000,5465,3512.871627,5.850000
gen984,7.067000,6399,3335.897008,5.850000
gen985,6.169000,6526,3361.960420,5.850000
gen986,6.497000,6927,3330.566924,6.000000
gen987,6.485000,6770,3215.686367,6.300000
gen988,5.944000,6749,3390.635369,6.000000
gen989,5.599000,6164,3362.891920,6.150000
gen990,5.601000,5286,3571.758237,5.400000
gen991,5.679000,5874,3383.767109,6.000000
gen992,5.986000,6250,3514.594129,5.400000
gen993,7.118000,6302,3413.551298,5.850000
gen994,5.847000,5514,3386.134336,6.000000
gen995,6.371000,6051,3320.693024,6.450000
gen996,5.995000,6353,3356.337031,6.000000
gen997,6.777000,6955,3340.648658,6.150000
gen998,6.046000,6310,3325.524236,6.300000
gen999,7.056000,5969,3395.757020,6.000000
gen1000,6.510000,6627,3364.524515,6.000000
gen1001,5.465000,4099,3433.129669,5.850000
gen1002,6.136000,6126,3350.750342,6.300000
gen1003,6.209000,5344,3413.904152,5.550000
gen1004,6.069000,5187,3442.819468,5.850000
gen1005,6.140000,7254,3357.676739,5.850000
gen1006,6.118000,4987,3313.990386,6.300000
gen1007,7.307000,6459,3407.395974,5.850000
gen1008,5.890000,5627,3389.756099,6.000000
gen1009,5.955000,5801,3292.913444,6.300000
gen1010,6.044000,4570,3588.802588,5.700000
gen1011,7.405000,6529,3335.716502,6.150000
gen1012,6.245000,6655,3299.252126,6.300000
gen1013,6.127000,5563,3262.558370,6.450000
gen1014,6.163000,6113,3344.877436,6.150000
gen1015,6.479000,5876,3344.441342,6.150000
gen1016,6.413000,5292,3428.041589,6.150000
gen1017,5.958000,6126,3379.247209,6.150000
gen1018,6.418000,6127,3398.523233,6.150000
gen1019,5.588000,5714,3338.963465,6.300000
gen1020,5.577000,5647,3371.887175,6.300000
gen1021,6.326000,6460,3188.560512,6.600000
gen1022,5.942000,5222,3379.817615,6.300000
gen1023,5.788000,5730,3299.373283,6.450000
gen1024,5.523000,5651,3373.520794,6.300000
gen1025,5.903000,6523,3319.101286,6.300000
gen1026,5.897000,6021,3256.944286,6.450000
gen1027,5.686000,7126,3377.172749,6.150000
gen1028,5.513000,5825,3435.698838,6.000000
gen1029,6.005000,5455,3232.175333,6.450000
gen1030,5.705000,6249,3367.915016,6.150000
gen1031,5.328000,5159,3324.574888,5.300000
gen1032,6.224000,5808,3472.474780,6.000000
gen1033,6.248000,5580,3268.782936,6.300000
gen1034,6.197000,5914,3267.324645,6.450000
gen1035,6.338000,6131,3332.970133,6.150000
gen1036,6.517000,5501,3354.554918,6.450000
gen1037,6.090000,5360,3408.049501,5.850000
gen1038,6.227000,5275,3349.092490,6.450000
gen1039,6.571000,4683,3429.319510,6.000000
gen1040,6.507000,6779,3447.280080,5.850000
gen1041,6.541000,5930,3448.526970,6.300000
gen1042,6.058000,5784,3482.767750,6.000000
gen1043,5.812000,6279,3403.332679,6.000000
gen1044,6.464000,6021,3337.771938,6.450000
