gen0,13.415,0.598,5781.42,0.598363,2.59207,2.31554,8.02768,100.79
gen1,10.063,0.563,821.664,0.622426,0.0083167,0,0,293.165
gen2,10.023,0.519,940.174,0.624239,0,0,0,228.972
gen3,10.279,0.575,998.072,0.619603,0.107925,0.095228,0.308117,307.948
gen4,10.111,0.54,755.543,0.620808,0,0,0,309.973
gen5,10.074,0.545,908.938,0.622955,0.00207779,0.00207779,0.00424529,312.402
gen6,9.924,0.513,878.46,0.625705,0,0,0,236.465
gen7,10.208,0.513,877.491,0.61987,0,0,0,200.218
gen8,10.212,0.487,898.178,0.619931,0.00838012,0.00628509,0.0149566,213.583
gen9,10.136,0.528,915.409,0.621714,0,0,0,155.87
gen10,10.003,0.577,876.009,0.624169,0,0,0,312.808
gen11,9.955,0.515,860.555,0.624911,0,0,0,318.275
gen12,10.025,0.53,817.681,0.623114,0,0,0,193.13
gen13,9.743,0.544,923.098,0.629871,0,0,0,349.055
gen14,10.204,0.53,849.981,0.619733,0,0,0,182.195
gen15,10.08,0.545,847.346,0.622278,0,0,0,304.708
gen16,10.046,0.527,775.321,0.622297,0,0,0,234.642
gen17,10.047,0.526,856.86,0.623009,0,0,0,237.275
gen18,10.037,0.522,763.59,0.622368,0,0,0,206.9
gen19,9.939,0.54,964.449,0.626216,0,0,0,272.105
gen20,23.895,0.516,4383.3,0.370669,5.93376,0.915363,3.11764,158.502
gen21,24.008,0.462,4810.28,0.372104,5.55249,0.846444,2.96431,110.307
gen22,27.053,0.81,6194.94,0.322684,19.91,1.5045,4.62542,-139.982
gen23,14.962,0.482,2030.39,0.532677,0.912829,0.315482,0.89516,173.488
gen24,10.643,0.528,935.915,0.611498,0.0768344,0.0426858,0.153673,221.075
gen25,23.381,0.564,4445.01,0.381848,6.38102,1.28936,3.22477,176.12
gen26,26.976,0.925,5393.37,0.317241,25.363,2.6809,2.20868,-101.71
gen27,28.053,1.377,5930.34,0.300735,52.278,6.90656,4.18832,-257.432
gen28,27.887,1.453,7291.36,0.316516,56.5391,8.74219,6.09266,-121.758
gen29,13.129,0.539,1563.02,0.566166,0.553202,0.244821,0.71245,328.4
gen30,27.081,2.889,6044.58,0.324221,79.2937,6.38167,3.05035,10.07
gen31,14.624,0.494,1798.63,0.537544,0.661704,0.248139,0.807616,261.373
gen32,27.793,2.602,6232.33,0.310828,76.6078,6.66431,3.71262,-32.0499
gen33,10.544,0.52,1112.95,0.615109,0.100068,0.0532277,0.192183,224.315
gen34,24.382,0.575,4458.85,0.361457,9.04523,2.04762,2.69645,45.7101
gen35,25.627,0.672,5357.28,0.344166,12.0111,2.5171,3.04573,61.9102
gen36,10.942,0.55,1189.7,0.607686,0.251364,0.137498,0.35819,122.66
gen37,10.659,0.523,924.168,0.611056,0.0895045,0.0532765,0.151627,218.848
gen38,15.632,0.535,1860.85,0.517496,1.08506,0.385448,0.846609,370.52
gen39,26.015,0.89,5524.7,0.338077,16.6451,2.36017,2.90444,60.0875
gen40,25.074,0.548,4072.49,0.34374,6.44061,0.989771,1.42819,216.215
gen41,13.83,0.568,2232.03,0.557855,1.74589,0.582782,1.03935,245.983
gen42,26.682,0.627,5060.07,0.319775,13.6031,2.04371,2.16715,70.8201
gen43,27.15,0.621,5323,0.312532,15.7449,3.07876,3.56455,-79.4349
gen44,26.335,0.889,5608.52,0.332266,18.3509,2.70908,2.69732,78.3125
gen45,26.954,1.069,6015.37,0.32353,28.7274,3.84924,2.68999,-52.9075
gen46,27.168,1.239,5929.97,0.318655,39.0447,4.15369,2.6105,-75.1824
gen47,27.563,1.149,6177.95,0.312634,36.3552,3.8824,2.60274,-134.515
gen48,10.336,0.56,910.58,0.617621,0.109909,0.057068,0.132984,327.995
gen49,28.712,1.239,5878.15,0.286517,49.0865,4.87765,3.06125,-322.435
gen50,27.717,1.964,6699.53,0.315528,63.1955,5.90227,4.44254,-116.695
gen51,10.222,0.524,916.679,0.619954,0.0167102,0.0125326,0.0170445,235.655
gen52,11.954,0.522,1269.5,0.587598,0.41603,0.195646,0.375461,257.323
gen53,10.65,0.528,1091.62,0.612756,0.145592,0.102771,0.325486,228.163
gen54,23.66,0.517,6568.69,0.395159,5.12867,4.7422,12.6495,-42.985
gen55,28.646,0.806,9023.57,0.315458,20.035,9.007,15.7738,-365.973
gen56,20.881,0.615,6910.32,0.455402,5.0621,4.5551,12.9219,-31.4424
gen57,28.334,0.592,8160.36,0.313732,11.3438,10.6209,25.5984,-302.388
gen58,27.336,0.642,7590.13,0.329156,9.05225,7.69925,19.0571,-166.915
gen59,17.986,0.581,5067.66,0.498146,3.38912,3.10589,8.93664,113.142
gen60,19.838,0.606,4445.69,0.454601,4.33647,2.2688,5.70009,61.1001
gen61,21.135,0.649,7597.61,0.456435,5.82,5.56,15.5349,127.318
gen62,21.547,0.52,5326.48,0.427328,3.98724,3.74995,11.0578,65.1501
gen63,22.534,0.549,5603.2,0.409621,5.12199,4.06645,10.9275,5.41241
gen64,15.034,0.693,3888.04,0.54827,2.27669,2.12146,6.38609,300.86
gen65,16.57,0.557,4302.97,0.52027,2.65785,2.3867,7.35558,190.7
gen66,22.946,0.605,6110.29,0.405827,6.14235,4.97585,13.3169,-58.1725
gen67,12.118,0.566,2251.75,0.593148,1.09409,0.995271,3.18212,251.247
gen68,16.481,0.569,3283.63,0.512942,2.48922,1.47456,3.78629,215
gen69,19.34,0.576,4691.43,0.466978,3.43669,2.01901,5.41527,193.738
gen70,12.549,0.589,2409.09,0.585761,1.17872,1.1309,3.15205,251.653
gen71,15.446,0.554,3167.74,0.533105,2.24663,1.93087,5.96119,180.98
gen72,19.464,0.6,4280.64,0.460777,3.51291,1.43281,3.2339,236.465
gen73,20.38,0.607,3612.38,0.435985,3.85846,1.44737,3.18184,239.098
gen74,15.159,0.559,3839.35,0.545045,2.44801,1.88308,5.62945,237.275
gen75,11.416,0.503,2190.11,0.606888,0.839702,0.789365,2.50597,307.542
gen76,12.35,0.592,2710.91,0.592564,1.27571,1.03783,3.1934,228.568
gen77,11.74,0.596,2370.68,0.602022,1.06133,0.948272,2.98757,252.26
gen78,11.289,0.604,3069.71,0.617578,1.15501,1.06424,3.60364,354.927
gen79,19.383,0.714,6105.2,0.47905,4.5347,4.21685,12.9266,61.505
gen80,15.089,0.597,3852.19,0.54666,2.25321,2.13633,6.70558,181.992
gen81,14.877,0.557,2802.16,0.541491,1.87822,0.929915,1.99046,426.613
gen82,13.195,0.562,4159.72,0.58822,2.17957,2.04302,6.28088,217.835
gen83,11.048,0.581,1647.04,0.609679,0.53389,0.417445,1.02075,415.88
gen84,11.543,0.577,3050.85,0.612153,1.08464,1.00749,3.48095,273.725
gen85,12.955,0.603,2720.71,0.580261,1.27092,1.17822,3.97553,400.693
gen86,14.723,0.644,3427.59,0.550424,1.99882,1.88125,5.99154,289.115
gen87,10.03,0.51,834.248,0.623127,0.0104504,0.00836033,0.0213301,224.315
gen88,11.283,0.574,1871.16,0.606864,0.678899,0.634526,2.10646,300.05
gen89,10.646,0.538,1479.14,0.616342,0.487264,0.458985,1.59353,327.185
gen90,14.21,0.617,2865.99,0.555848,1.78317,1.66957,5.23367,260.765
gen91,10.593,0.6,1552.06,0.618189,0.470537,0.431686,1.39399,319.693
gen92,10.689,0.576,2651.19,0.626072,0.847865,0.784494,2.48451,381.86
gen93,14.562,0.635,3405.61,0.553514,2.02136,1.79474,5.57911,342.777
gen94,10.647,0.56,1664.71,0.618029,0.500856,0.466165,1.63981,295.393
gen95,10.467,0.538,1269.98,0.618132,0.328148,0.308971,0.905762,267.448
gen96,14.834,0.666,4961.24,0.561987,3.06762,2.87147,9.12325,352.093
gen97,10.817,0.509,1528.89,0.613234,0.467546,0.449986,1.28385,141.897
gen98,12.747,0.732,6919.13,0.622528,4.58257,4.30772,12.1595,255.703
gen99,12.499,0.848,8215.4,0.639475,4.68119,4.40083,12.5989,341.562
gen100,11.166,0.515,1512.74,0.60594,0.681859,0.652701,1.9426,145.543
gen101,16.927,1.48,10757.6,0.572577,17.6392,17.0202,37.8173,75.4775
gen102,10.634,0.557,1781.07,0.619337,0.652013,0.61058,1.87826,230.39
gen103,15.604,0.739,4252.66,0.539936,6.67827,2.96071,7.21229,62.5176
gen104,11.316,0.552,2015.13,0.607446,0.927326,0.749081,2.35177,282.433
gen105,10.174,0.545,1109,0.622705,0.217249,0.206703,0.675574,270.08
gen106,10.384,0.589,1198.96,0.61928,0.44392,0.390307,1.18145,242.945
gen107,10.164,0.534,1405.23,0.625558,0.412917,0.376919,1.01342,284.458
gen108,10.776,0.618,2043.96,0.618892,0.713929,0.661849,2.03854,276.56
gen109,10.829,0.561,1687.9,0.614506,0.620328,0.52169,1.51569,99.17
gen110,10.111,0.597,1025.8,0.623335,0.296755,0.193627,0.699345,246.995
gen111,10.354,0.528,1240.74,0.62017,0.35066,0.325002,0.952402,257.323
gen112,14.502,1.181,9886.88,0.613986,9.91895,9.56436,23.5818,299.645
gen113,16.68,1.728,8746.87,0.559961,19.1407,18.5318,40.859,80.135
gen114,17.909,1.513,9658.35,0.542596,22.8768,22.1694,46.6776,-122.77
gen115,11.203,0.607,1984.01,0.609575,1.24752,1.17226,3.46718,231.605
gen116,14.731,0.829,7186.49,0.584399,6.86138,6.55778,17.471,19.1825
gen117,15.049,1.049,8140.42,0.586828,10.3362,9.94457,24.8043,106.662
gen118,10.022,0.564,958.31,0.624498,0.141868,0.11266,0.315276,274.737
gen119,13.135,1.194,5709.87,0.604456,8.19924,3.58353,11.211,-8.76251
gen120,16.944,1.439,6685.78,0.535514,25.0821,11.4654,25.6869,-379.742
gen121,16.633,1.834,6290.71,0.538996,31.9757,8.68343,17.8816,-174.812
gen122,14.264,1.044,5539.07,0.57951,9.81153,5.60318,14.7431,-125.2
gen123,16.021,1.755,6128.1,0.549955,26.464,8.15037,18.1829,-135.527
gen124,14.924,1.176,7315.45,0.582178,11.4728,9.39886,23.1413,-95.23
gen125,15.596,1.375,7566.22,0.570983,17.4106,8.04357,19.3243,-100.9
gen126,16.169,1.698,6773.94,0.552636,27.5309,9.69723,20.7283,-185.342
gen127,12.357,0.708,4390.18,0.607727,3.68372,3.21335,8.75115,55.025
gen128,13.77,0.762,7669.79,0.608349,7.1321,6.16204,16.5823,-118.72
gen129,14.265,1.157,5364.51,0.578106,12.9446,5.44862,13.2797,-46.225
gen130,15.781,1.26,6211.67,0.554805,17.23,8.36658,20.7982,-150.513
gen131,13.017,0.836,5662.29,0.605851,6.58014,4.13701,11.3976,225.125
gen132,16.189,2.103,5974.21,0.545704,32.6668,9.74287,16.4215,94.715
gen133,13.788,0.826,7607.65,0.607528,6.75466,5.47489,15.2906,99.9801
gen134,13.551,0.812,5388.63,0.592395,6.90872,4.1932,11.4121,121.243
gen135,17.453,1.913,7166.04,0.530185,36.8664,16.6014,26.9545,-247.915
gen136,12.141,0.811,4545.35,0.613727,5.08191,2.98507,7.82094,213.38
gen137,13.592,0.872,6739.32,0.60381,6.38863,6.11207,16.7458,60.29
gen138,14.132,2.161,5680.04,0.585348,26.4138,6.85327,10.8136,253.88
gen139,11.082,0.561,2596.38,0.617492,1.31229,1.13121,3.47081,124.685
gen140,15.303,1.555,7669.62,0.578223,19.4275,9.40799,19.0884,111.118
gen141,15.906,1.359,8045.21,0.568908,16.9512,11.7805,27.7615,-197.29
gen142,14.572,1.593,6770.12,0.585186,18.4221,7.2975,15.668,97.55
gen143,11.351,0.877,3279.05,0.618645,3.36756,1.97781,5.34856,338.93
gen144,17.473,1.509,10095.2,0.555464,22.601,21.2875,45.0433,-162.662
gen145,11.704,0.749,5430.76,0.630556,3.26914,2.90323,8.69705,474.807
gen146,16.06,2.832,5551.34,0.545759,47.2799,7.91615,11.0681,184.422
gen147,10.027,0.636,1039.59,0.625247,0.26377,0.153693,0.544959,346.625
gen148,13.254,1.109,8025.6,0.622715,8.60268,7.12951,18.908,251.045
gen149,14.772,1.507,6713.82,0.580433,17.5409,7.73692,17.3958,105.65
gen150,12.265,0.79,4522.59,0.610943,5.15973,2.97015,8.75936,189.688
gen151,14.953,2.09,5135.44,0.563487,26.8312,7.30889,12.6188,44.09
gen152,12.601,0.993,5006.93,0.608748,6.63219,3.2549,9.35521,140.885
gen153,13.328,0.977,5095.84,0.594609,8.16812,3.57251,11.3284,5.00751
gen154,11.002,0.775,5120.03,0.642203,3.406,1.79706,5.08607,264.613
gen155,13.245,0.928,8414.13,0.626094,6.87357,6.15693,16.9888,217.835
gen156,13.554,1.038,7380.63,0.610638,9.92004,5.62591,14.7687,38.6226
gen157,13.873,1.311,5419.86,0.586902,12.4478,5.59922,14.4982,82.7675
gen158,12.889,0.963,7339.6,0.623784,6.96061,4.42779,12.1519,160.122
gen159,14.727,1.092,8251.32,0.594502,11.5981,8.53128,21.2288,-57.97
gen160,12.543,1.227,5974.08,0.619032,10.2092,4.18175,10.2134,208.115
gen161,14.842,1.781,5092.4,0.564861,23.7113,6.03823,13.0593,87.2225
gen162,13.96,1.123,7030.98,0.599304,11.1393,6.97752,17.2691,-16.4575
gen163,14.089,1.33,7408.8,0.600404,13.6414,6.86795,17.3184,20.6
gen164,14.49,1.8,6894.27,0.58833,24.1549,8.68585,15.3183,198.395
gen165,14.03,1.206,7335.3,0.600746,12.2075,6.92702,17.7831,45.7101
gen166,15.878,1.313,8743.96,0.575694,19.3508,10.9101,25.0013,-147.475
gen167,13.786,1.178,7113.15,0.603705,12.4662,6.46171,16.8872,28.9026
gen168,13.65,1.208,7316.19,0.608372,12.3902,6.39295,16.5759,95.3225
gen169,15.533,1.789,6465.09,0.563055,28.7412,8.02141,18.889,-15.2425
gen170,15.876,3.079,4572.08,0.541132,47.2927,4.42974,8.05828,119.825
gen171,12.706,1.074,5482.99,0.611014,8.74072,3.77653,9.85764,110.713
gen172,22.948,1.773,8221.58,0.426734,52.5535,14.6598,19.0606,-125.402
gen173,12.47,0.947,4272.11,0.604745,7.69503,2.74516,7.42071,134.608
gen174,17.684,1.958,4911.44,0.50523,43.9557,7.29287,16.0322,-349.165
gen175,12.957,1.292,4348.88,0.596022,12.0621,3.86668,9.66778,123.065
gen176,18.066,2.532,5529.56,0.503914,63.1231,9.93449,17.2313,-215.11
gen177,13.28,1.349,5547.53,0.600279,12.8632,4.92661,11.6726,116.99
gen178,12.585,1.138,4664.09,0.606232,9.84686,3.26463,8.33596,129.95
gen179,13.898,1.349,5370.61,0.586009,14.6128,6.02868,14.1422,75.8826
gen180,13.996,1.663,6011.97,0.590295,18.8129,6.19328,14.4908,150.2
gen181,14.367,1.361,8792.36,0.607205,13.8548,10.3217,25.3809,49.5575
gen182,12.546,1.134,5386.78,0.61353,9.67194,3.19825,8.65403,132.785
gen183,16.497,2.243,5487.1,0.535235,42.4353,6.84993,13.0033,-78.2199
gen184,11.221,0.875,4114.97,0.628832,4.31909,1.74076,4.73129,274.94
gen185,15.009,1.541,4644.56,0.557005,22.3483,5.3478,11.946,-21.115
gen186,14.709,1.551,4692,0.563603,20.6873,5.44285,14.1157,-90.5724
gen187,13.676,1.484,4359.33,0.581687,15.5329,4.75827,9.40915,175.715
gen188,13.391,1.761,4784.59,0.591822,17.1607,5.30829,10.1002,337.31
gen189,13.635,1.195,4015.88,0.578955,10.6973,3.99377,9.99212,77.3
gen190,12.49,0.924,4013.37,0.601968,6.01534,3.17983,8.29584,274.333
gen191,13.76,1.44,4535.27,0.581474,15.8413,3.94391,9.55937,184.22
gen192,12.411,1.105,3278.75,0.597279,6.75975,3.17987,7.86065,345.613
gen193,13.426,1.571,4097.85,0.584607,17.0138,3.70116,7.55155,230.188
gen194,12.605,1.079,3855.97,0.598451,9.11128,3.43519,8.56735,135.013
gen195,15.008,1.819,4151.71,0.553053,25.8921,5.34292,12.1988,-44.2001
gen196,12.766,1.385,3823.47,0.595366,12.2965,3.95587,7.79331,323.54
gen197,16.303,3.086,5756.41,0.543043,49.1703,4.91703,8.46965,-35.0875
gen198,10.816,0.729,2546.34,0.622778,3.14239,1.24469,3.40183,196.775
gen199,14.176,2.029,5531.18,0.582885,22.417,4.95907,12.3323,131.57
gen200,13.236,1.424,4185.99,0.589052,13.555,4.30643,10.8315,180.17
gen201,11.866,1.215,3434.43,0.610043,7.82218,2.66583,7.2319,327.995
gen202,11.161,0.899,3338.23,0.623112,4.7464,1.5371,4.13513,283.445
gen203,13.464,1.979,4562.28,0.588687,20.5331,4.144,9.88664,239.098
gen204,12.322,1.593,4379.71,0.609826,13.8595,3.40361,8.53009,152.023
gen205,12.191,1.711,4345.76,0.612405,13.995,3.8363,8.77314,347.84
gen206,12.824,1.637,4018.21,0.596349,15.281,3.84296,9.34046,239.3
gen207,11.207,1.051,3592.06,0.624706,6.01684,2.27059,5.49867,313.82
gen208,13.199,1.812,4642.62,0.594568,16.7579,4.31666,10.5317,76.49
gen209,12.588,1.175,3670.23,0.597288,9.70913,2.80256,7.50889,110.51
gen210,12.191,1.248,3379.9,0.60294,10.5344,3.11416,7.49372,252.665
gen211,15.456,2.904,4876.08,0.552191,42.168,4.9101,10,94.9175
gen212,11.923,1.258,3732.03,0.611623,9.12393,2.77778,7.03455,286.28
gen213,13.936,1.614,3733.13,0.570934,19.8232,3.58883,8.48221,45.3051
gen214,13.189,1.683,4193.36,0.590514,18.0885,3.00359,6.82816,228.77
gen215,12.274,1.091,3290.65,0.600173,8.66738,1.98237,5.59133,-4.91498
gen216,14.189,2.235,5134.63,0.579393,26.3661,3.47767,7.77475,57.6576
gen217,13.776,3.086,5177.13,0.589666,33.3112,2.8738,5.84697,363.432
gen218,13.2,2.198,4613.4,0.594928,20.935,2.60961,6.18359,230.998
gen219,12.384,1.509,4130.59,0.606172,13.9403,2.20307,5.86779,242.54
gen220,11.324,1.066,2702.13,0.614321,6.7233,2.25477,4.98622,406.363
gen221,12.123,1.253,3446.7,0.604945,9.6031,2.30881,5.58978,242.54
gen222,12.307,1.553,3678.78,0.603759,12.7019,2.39608,5.90064,321.718
gen223,12.332,1.885,4386.34,0.610167,15.2627,2.5744,6.43412,451.925
gen224,14.058,2.545,5100.33,0.582288,30.4843,2.92168,5.68369,315.44
gen225,11.672,1.636,3708.81,0.617193,11.8942,2.35868,5.78129,445.242
gen226,13.94,2.448,4224.61,0.576666,29.3287,3.05508,7.30628,115.168
gen227,12.146,1.528,4019.43,0.610086,12.7558,2.38258,5.90549,457.19
gen228,14.851,2.732,5354.25,0.568619,36.8766,2.82,5.25183,258.74
gen229,11.511,1.053,2780.14,0.611166,6.41913,1.76027,4.12391,454.76
gen230,12.541,1.816,4185.48,0.603957,15.8174,2.91032,6.6771,300.455
gen231,11.267,1.355,3876.88,0.626545,8.87012,2.37071,4.96592,442.205
gen232,14.38,2.494,4203.27,0.567525,30.9795,3.23283,7.31819,135.823
gen233,11.259,1.571,3519.92,0.623857,11.3176,2.56283,6.1439,622.228
gen234,11.362,1.481,3872.66,0.624768,10.3845,2.34407,5.64247,455.367
gen235,12.591,1.709,3645.5,0.597894,15.9231,3.18959,6.82674,284.053
gen236,11.834,1.516,3881.03,0.61522,11.8133,2.1262,4.9094,424.385
gen237,13.437,2.696,4312.15,0.588185,30.6086,3.15011,6.82709,341.158
gen238,12.372,1.625,3982.74,0.605281,14.6822,3.41609,7.26462,388.137
gen239,12.27,1.582,3650.25,0.604309,13.7798,3.35316,7.50979,430.865
gen240,11.934,1.265,3771.43,0.611764,9.29167,2.35634,6.07799,450.912
gen241,11.579,1.423,3839.24,0.61992,9.89411,2.8384,6.48461,497.083
gen242,11,1.912,4792.25,0.641189,11.909,2.27343,5.19389,704.443
gen243,11.767,1.514,3501.79,0.613178,11.9288,2.86025,6.05586,441.193
gen244,11.201,1.551,4485.39,0.633702,9.45901,2.32782,5.2649,613.925
gen245,13.444,2.63,4758.57,0.591949,27.3302,5.26617,8.86902,333.057
gen246,11.081,1.522,4453.85,0.635832,9.32012,2.47472,5.22863,491.413
gen247,10.822,1.061,3178.01,0.628893,5.79105,1.90312,4.4123,577.07
gen248,11.277,1.371,3850.9,0.626133,8.96457,2.5317,5.21884,429.65
gen249,13.875,2.73,4789.99,0.583557,31.9399,3.62255,7.29755,267.042
gen250,11.041,1.19,3343.07,0.626102,7.54159,2.18957,4.74017,726.11
gen251,11.563,1.517,3821.18,0.620242,11.1472,3.40384,7.07503,682.168
gen252,11.475,1.432,3794.85,0.621668,9.5492,2.12357,4.54066,408.792
gen253,11.9,2.004,4307.84,0.618521,16.8855,3.79768,7.04513,722.87
gen254,11.367,1.289,3377.49,0.619889,8.81459,2.69148,5.64348,548.315
gen255,12.676,2.036,4157.58,0.601304,18.0127,4.70637,8.46025,624.657
gen256,10.115,0.969,2645.07,0.638446,3.88109,1.35933,2.98261,892.16
gen257,11.003,1.031,3147.76,0.624858,5.25378,1.56789,3.42395,610.887
gen258,15.488,4.23,5407.92,0.558532,57.9079,3.17633,4.84561,406.97
gen259,11.347,1.573,4113.3,0.627395,11.297,2.72939,5.43443,689.66
gen260,15.494,3.464,5236.84,0.555592,51.7072,4.04783,6.82849,228.365
gen261,11.665,1.106,3455.74,0.614176,7.82838,1.83817,3.99944,439.167
gen262,11.824,1.807,5023.52,0.626193,13.7135,2.5789,5.1211,390.365
gen263,11.766,1.314,3969.07,0.617071,9.70142,2.10951,4.47654,575.855
gen264,11.8,1.653,4622.37,0.622818,12.7091,2.77212,5.53787,679.13
gen265,11.921,1.696,4012.17,0.614916,14.2595,3.1783,5.76783,707.48
gen266,12.153,1.929,4096.31,0.611302,15.9953,3.25405,5.54008,841.94
gen267,11.089,1.11,3315.71,0.624738,6.60138,2.04809,3.93904,625.67
gen268,11.608,1.352,3495.73,0.616115,9.42923,2.12399,4.44522,679.13
gen269,12.332,1.442,3862.27,0.604713,11.237,2.27616,4.36758,583.955
gen270,12.817,1.93,4171.91,0.598364,17.8662,2.59022,5.62346,635.998
gen271,12.636,2.293,4341.47,0.604208,21.7733,3.23428,6.4341,583.145
gen272,11.588,1.416,3563.61,0.617243,10.9392,2.41829,5.15414,808.933
gen273,11.286,1.358,3934.72,0.626681,10.364,2.40704,5.05005,746.563
gen274,11.089,1.159,3489.98,0.626388,7.38446,1.94447,4.20447,817.032
gen275,12.024,1.698,4208.34,0.614572,13.7754,2.98055,6.32639,656.652
gen276,12.079,1.467,3307.4,0.60495,12.4702,2.55324,5.29839,557.225
gen277,12.448,1.469,3713.05,0.601035,14.2206,2.39364,4.88408,439.573
gen278,11.708,1.184,2944.85,0.608826,9.68986,1.82532,4.31004,425.802
gen279,11.562,1.242,3946.9,0.620936,7.65888,1.98887,4.40006,526.242
gen280,11.685,1.961,4143.98,0.621385,16.4244,2.56794,5.81295,706.67
gen281,12.12,1.81,4145.82,0.612227,14.2118,2.51495,5.47219,562.49
gen282,11.46,1.261,3726.92,0.62108,8.62789,1.63692,3.64722,656.855
gen283,11.86,1.096,2953.94,0.605643,8.01448,1.72973,3.81165,437.345
gen284,11.771,1.366,3433.63,0.612236,10.9916,2.33005,4.68592,541.835
gen285,12.236,1.591,4165.58,0.60966,13.9407,2.92504,6.25717,483.515
gen286,11.826,1.603,3859.63,0.615337,12.4518,2.73911,5.54598,545.885
gen287,11.914,1.669,4775.9,0.621888,13.0436,2.41196,4.32204,680.345
gen288,11.708,1.564,3602.15,0.615375,12.4781,2.10148,3.94899,644.907
gen289,11.252,1.442,4277.27,0.630601,10.558,2.16575,4.81275,593.675
gen290,11.265,1.54,4093.75,0.628846,11.3608,2.32374,4.91064,623.443
gen291,12.258,2.547,4933.52,0.617713,21.8699,2.8034,4.77453,821.083
gen292,11.531,1.694,4410.4,0.626496,13.4936,2.5895,5.13053,586.587
gen293,11.278,1.997,5113.57,0.63852,14.3147,2.25937,4.27535,836.068
gen294,12.653,2.298,4782.86,0.60784,22.0357,3.04151,5.65714,419.323
gen295,11.453,1.615,4033.26,0.62457,11.2777,2.2246,4.80669,507.41
gen296,10.606,1.482,3573.52,0.637586,9.40136,1.95418,4.17175,789.088
gen297,11.964,2.67,5234.57,0.626659,23.1448,2.60441,4.94872,600.762
gen298,10.333,0.944,2350.52,0.631282,4.20583,1.23113,2.6848,664.145
gen299,12.742,2.277,4402.27,0.602554,22.9054,2.82246,4.52923,486.552
gen300,11.418,1.541,3772.37,0.622817,11.1995,2.08862,4.34665,565.528
gen301,11.304,1.627,3913.18,0.626566,10.9034,1.92799,4.19977,626.48
gen302,12.029,2.078,5122.02,0.623326,16.8883,2.4748,4.26205,584.968
gen303,11.481,1.461,4222.82,0.625445,10.7151,2.16609,4.58001,673.257
gen304,11.032,1.926,5227.95,0.644477,12.5654,2.01516,3.83111,842.345
gen305,14.012,3.73,5297.55,0.586982,46.0889,2.57007,2.97133,543.657
gen306,11.453,1.756,5238.81,0.635655,11.0831,1.99401,3.81227,508.017
gen307,11.388,2.162,4755.09,0.633312,14.9277,2.56007,5.10217,752.84
gen308,11.519,2.318,5186.14,0.634764,16.7688,2.04514,3.48132,576.26
gen309,11.296,1.689,4813.92,0.63494,11.3738,1.80993,3.9425,468.125
gen310,11.98,2.141,4598.98,0.619728,16.7815,2.24309,4.22232,519.763
gen311,11.524,1.444,4211.04,0.624429,10.7561,1.97532,4.08072,492.627
gen312,11.193,2.1,4981.24,0.639244,14.373,2.34031,4.38183,689.457
gen313,12.605,2.666,5683.04,0.617539,24.0377,3.32938,6.18267,527.458
gen314,12.317,2.556,5324.15,0.620034,20.4833,3.39308,5.5245,696.14
gen315,11.608,1.635,4884.51,0.629086,13.248,2.08712,3.45274,500.525
gen316,12.273,2.458,4729.06,0.615417,21.7551,2.20595,3.6214,453.95
gen317,11.842,2.113,4977.66,0.625921,15.7898,2.19032,3.92111,636.2
gen318,12.536,2.302,4947.64,0.611729,20.9289,2.32213,3.45725,528.065
gen319,11.53,1.843,4711.43,0.629475,13.6826,1.94421,3.0586,590.84
gen320,12.016,1.981,4751.87,0.620099,16.3299,2.19189,3.29457,463.265
gen321,11.673,1.997,5583.72,0.634648,15.4691,2.0166,3.17041,678.725
gen322,13.056,2.415,4961.53,0.601376,23.4388,2.48516,4.06269,511.46
gen323,11.176,1.625,3823.63,0.628383,11.0921,1.81677,3.68377,613.52
gen324,11.231,1.802,5072.3,0.638787,12.7874,2.08907,3.4772,636.403
gen325,11.859,2.102,4606.02,0.622209,16.5095,2.07073,3.48521,560.06
gen326,11.499,2.024,4915.72,0.632251,13.6701,1.87448,3.05291,503.157
gen327,11.559,2.223,5490.18,0.636522,15.2165,2.46066,3.89956,891.35
gen328,12.079,2.203,4900.51,0.620515,17.8993,2.09638,2.87362,487.97
gen329,11.51,2.635,5543.27,0.638691,19.1112,2.34108,3.30699,659.69
gen330,12.703,3.023,5166.7,0.611477,25.7491,2.78335,3.4725,723.478
gen331,11.459,2.564,5225.21,0.636757,18.676,2.37057,3.24166,751.017
gen332,12.147,2.589,5012.13,0.620768,21.8919,2.37755,2.94962,640.047
gen333,11.923,2.882,5199.21,0.627535,22.1943,2.19713,2.75675,760.535
gen334,11.929,2.839,5873.44,0.633408,21.3382,2.22001,2.83216,707.48
gen335,12.861,2.666,5402.69,0.609765,22.8462,2.76756,3.87163,453.343
gen336,13.425,2.693,5644.44,0.600416,21.8339,2.98229,4.26243,447.47
gen337,13.569,2.452,5729.18,0.597824,21.2317,3.12707,4.64788,355.333
gen338,12.41,2.484,4820.12,0.61347,21.7554,2.58591,2.57964,371.128
gen339,10.927,1.824,5049.12,0.644851,11.805,1.87014,2.653,653.413
gen340,11.966,2.091,5299.31,0.626235,16.0929,2.17477,2.6908,478.655
gen341,12.745,2.708,5845.09,0.616196,22.4398,2.19701,2.44534,665.36
gen342,12.409,2.543,5097.84,0.616088,21.0653,2.41669,3.0785,574.437
gen343,13.329,3.246,5648.99,0.603348,27.2555,2.44771,2.79125,709.505
gen344,13.132,3.093,5171.73,0.602839,29.6782,2.91566,3.14256,650.172
gen345,14.853,3.253,5514.64,0.570889,34.6142,4.07226,3.74786,559.25
gen346,12.459,2.806,4989.61,0.614527,24.1345,2.35477,3.0736,557.833
gen347,12.493,3.424,5271.19,0.617394,27.9005,2.63054,2.91137,783.417
gen348,12.448,2.66,4968.3,0.614317,21.9927,2.22418,2.88286,520.168
gen349,12.253,2.197,4690.19,0.615043,18.2819,2.04952,2.45431,517.333
gen350,13.821,4.248,5588.03,0.594377,46.4257,2.98799,2.51442,737.45
gen351,11.61,2.213,5135.55,0.632267,15.8757,1.77996,2.43797,543.455
gen352,13.416,3.87,5724.95,0.603287,38.4736,2.46796,2.23048,703.025
gen353,10.602,1.303,3750.2,0.638959,6.35556,1.37377,2.32758,668.802
gen354,11.947,2.46,5303.43,0.627277,18.6019,2.2963,2.85024,660.5
gen355,11.876,2.54,4999.7,0.626133,18.5596,2.36729,2.97092,595.7
gen356,12.242,2.801,4933.28,0.618463,22.8838,2.31732,2.55459,695.33
gen357,12.023,2.629,4830.41,0.621743,19.8396,2.14595,2.5041,627.088
gen358,11.795,2.08,3900.73,0.617137,17.5517,1.89869,2.30567,522.193
gen359,11.54,2.577,4972.59,0.632843,20.5916,2.2905,2.87276,800.022
gen360,11.876,2.606,5168.66,0.627764,21.105,2.20025,2.80007,756.283
gen361,11.741,2.898,5257.95,0.631823,22.6447,2.13743,2.54435,789.898
gen362,11.78,2.507,4632.18,0.62474,20.012,1.94058,2.52868,648.755
gen363,10.178,0.767,2702.41,0.637333,1.77447,0.312774,0.700624,367.483
gen364,13.23,3.305,5305.21,0.602383,30.6754,2.68611,2.88109,718.617
gen365,11.682,2.711,4867.7,0.62921,20.4395,1.87457,2.17452,827.36
gen366,11.913,2.615,5034.1,0.625809,20.1086,1.88459,2.16951,621.013
gen367,12.097,2.647,4663.1,0.618749,21.6169,2.16145,2.97856,763.573
gen368,11.014,1.398,4009.97,0.633004,8.07522,1.53886,2.15267,534.545
gen369,12.066,2.965,5317.9,0.625808,23.9831,2.23005,2.36396,788.682
gen370,11.3,2.366,4914.65,0.636893,17.8019,1.87604,2.27236,681.358
gen371,12.621,3.291,5334.36,0.615115,28.7561,2.02664,2.48326,615.343
gen372,11.604,3.011,5381.67,0.635935,21.9249,1.91619,2.65315,775.318
gen373,12.057,3.215,5093.09,0.624386,26.7053,2.02025,2.41732,743.525
gen374,12.82,3.225,5334.79,0.610927,28.6807,2.52874,2.4918,532.115
gen375,11.564,2.337,4742.13,0.629877,16.6852,1.706,1.97843,510.65
gen376,14.17,3.697,5398.23,0.584592,39.6508,3.19837,3.80429,602.382
gen377,12.039,2.574,4484.85,0.618213,21.9458,2.27246,2.53995,479.06
gen378,13.009,2.95,5251.84,0.605845,30.0162,2.44726,2.2159,521.383
gen379,12.11,3.882,5399.06,0.627164,31.5114,2.48574,2.15416,795.568
gen380,12.636,3.734,5688.72,0.618735,33.9163,2.40601,2.0356,765.193
gen381,12.97,3.469,5859.49,0.612979,29.7843,2.30085,1.98635,625.468
gen382,12.088,3.536,5399.29,0.627041,28.1243,2.20871,2.10997,683.382
gen383,12.326,4.311,5369.79,0.623185,39.9257,2.54982,1.86601,938.938
gen384,11.593,2.831,5107.32,0.633392,21.0007,2.26433,2.41377,676.093
gen385,11.829,2.804,5120.45,0.628624,21.8214,1.99826,1.98818,590.637
gen386,13.322,4.185,5384.17,0.602674,40.2154,2.02608,1.63073,626.885
gen387,12.253,3.639,5562.3,0.625295,30.4096,2.57874,2.27675,769.04
gen388,12.358,3.609,5495.79,0.622493,29.6209,2.0765,1.82845,800.833
gen389,10.892,1.707,4480.31,0.640255,10.9607,1.50756,2.07381,759.523
gen390,12.652,3.044,5210.09,0.612949,27.7033,2.27358,2.06918,579.5
gen391,12.099,3.358,5161.13,0.624375,29.8657,1.98963,1.73782,674.068
gen392,11.786,2.753,5173.87,0.629902,20.1328,1.89461,2.27431,658.475
gen393,11.414,2.724,5241.47,0.638093,21.5875,2.20756,2.17532,675.89
gen394,11.865,2.494,4868.91,0.625105,19.5563,2.31233,2.79321,580.715
gen395,11.862,2.376,5052.72,0.626624,19.2501,1.75991,1.7747,477.035
gen396,12.296,3.087,5338.55,0.621479,24.0349,2.34557,2.89981,636.402
gen397,11.843,2.699,5141.63,0.628352,23.1566,2.24866,2.42554,692.495
gen398,11.645,3.452,5608.72,0.637873,25.1773,2.10978,2.24831,820.273
gen399,12.326,3.311,5022.18,0.61839,28.2272,2.45328,2.48547,666.373
gen400,12.443,4.066,5583.89,0.622303,35.652,3.0839,3.01738,847.61
gen401,11.674,2.421,5254.15,0.632368,17.9017,1.27281,1.51225,510.245
gen402,13.514,4.189,5323.11,0.598192,42.1398,3.0046,2.18278,802.655
gen403,11.966,2.554,5392.82,0.627848,18.7083,2.10818,2.40037,529.078
gen404,12.902,4.126,5464.24,0.611911,38.8828,2.66619,1.94637,817.235
gen405,11.742,2.878,5236.58,0.631577,23.8755,2.07129,2.08074,769.243
gen406,11.957,2.261,4707.6,0.621378,18.3349,2.15239,2.52612,650.578
gen407,13.214,3.912,5436.71,0.604907,40.1113,2.83021,2.07421,694.925
gen408,11.524,3.116,5383.8,0.637771,24.1825,2.22618,2.162,827.765
gen409,11.681,2.361,5171.3,0.631379,17.6141,2.26522,2.5623,748.385
gen410,12.414,3.275,5440.12,0.620286,25.319,2.64231,2.58185,715.783
gen411,12.198,3.045,5689.35,0.626577,24.0984,2.70779,2.86721,742.512
gen412,12.722,3.59,5477.82,0.614832,32.467,3.40858,2.8817,877.175
gen413,12.148,3.629,5291.58,0.624996,30.0136,3.10519,2.94744,930.23
gen414,11.707,3.523,5459.3,0.635375,28.0132,2.87975,2.58032,917.473
gen415,10.711,2.516,4548.64,0.645931,16.6721,2.56791,2.90296,1024.19
gen416,13.032,4.143,5420.32,0.608878,38.3671,3.45943,2.68656,931.243
gen417,11.768,3.683,5520.19,0.634938,27.8622,2.92423,2.84296,1011.64
gen418,11.085,2.243,5177.63,0.643465,15.7516,2.64446,2.88558,904.513
gen419,11.151,2.641,5340.61,0.644242,18.8113,2.81345,3.05842,1002.12
gen420,11.505,2.794,5110.4,0.635163,20.5453,3.06931,3.16854,944.607
gen421,11.68,1.754,4478.84,0.624156,11.1038,2.1798,2.77799,972.958
gen422,11.414,2.499,4650.95,0.632403,21.2041,2.99643,3.18954,1035.94
gen423,11.267,2.742,5277.11,0.641459,20.3848,3.27717,3.33928,989.968
gen424,11.235,2.399,4877.69,0.637949,17.1003,2.28451,2.7226,910.588
gen425,11.409,2.676,5225.69,0.637973,18.6572,2.75598,2.86465,800.022
gen426,11.816,3.054,5419.7,0.632001,24.5387,2.97333,2.96719,840.725
gen427,11.707,3.188,5137.83,0.631923,25.4704,3.32273,2.92279,904.512
gen428,11.149,3.035,5504.48,0.646414,21.4725,2.94951,2.9327,969.92
gen429,12.381,3.218,5192.49,0.618639,28.4733,3.27916,2.93689,768.635
gen430,12.418,3.625,5638.05,0.622569,28.8982,2.95251,2.72859,883.047
gen431,12.108,3.554,5187.65,0.624756,29.2561,3.28807,2.87959,1041.6
gen432,13.697,4.194,5865.96,0.599332,42.2423,5.2507,4.5341,769.648
gen433,11.95,2.89,5223.75,0.627215,23.8009,3.31402,3.28015,716.593
gen434,12.799,2.996,5067.57,0.608571,28.6437,5.43637,5.844,770.255
gen435,12.667,3.157,5555.67,0.61594,27.8891,4.8366,5.18972,808.325
gen436,11.187,2.501,5554.26,0.645193,15.5892,3.11174,3.49478,1047.88
gen437,11.289,2.08,4628.23,0.634064,13.2448,3.02287,3.97382,761.75
gen438,12.014,3.086,5395.97,0.627779,22.7507,3.74266,4.13225,795.972
gen439,11.507,2.697,5067.98,0.634579,21.6371,2.98387,3.11252,893.983
gen440,11.894,3.321,5479.05,0.63138,24.5347,3.35277,3.76744,949.67
gen441,15.703,3.369,5433.93,0.55292,41.8863,7.06485,7.27581,457.797
gen442,12.585,2.797,4962.33,0.611682,23.9426,3.9999,4.50726,525.838
gen443,12.316,2.869,5417.23,0.621414,24.4686,4.16172,4.40562,660.298
gen444,12.094,3.141,5314.64,0.625498,25.3021,3.0997,3.00818,770.255
gen445,10.924,2.106,5172.75,0.646496,14.1321,2.57505,3.05625,881.225
gen446,10.894,1.867,4906.85,0.644319,12.1675,1.97698,2.3689,706.468
gen447,11.732,2.859,4911.28,0.628823,21.9103,2.86456,2.78235,772.685
gen448,10.769,2.496,5244.68,0.650972,16.6732,2.81349,3.081,1076.23
gen449,12.288,4.073,5613.11,0.625758,36.1584,3.44702,2.82623,1016.9
gen450,10.586,2.432,5255.78,0.654719,14.8235,2.50613,3.06119,997.257
gen451,11.758,2.942,4833.31,0.627726,23.1889,3.61764,3.6797,780.583
gen452,11.393,2.654,5362.98,0.6395,18.748,3.16944,3.4045,833.03
gen453,11.18,2.651,5368.35,0.643913,17.9947,3.0305,3.12505,890.743
gen454,11.655,2.397,4917.19,0.629686,17.556,3.13275,3.29638,784.025
gen455,10.931,2.53,5522.46,0.650206,16.6344,3.01643,3.4496,1049.1
gen456,11.929,2.972,5218.27,0.627733,22.6178,3.54182,3.38681,912.005
gen457,11.844,3.182,5317.57,0.63072,26.6586,4.37091,3.83947,852.47
gen458,10.615,2.246,4571.83,0.647659,13.9364,2.68305,3.25466,1069.75
gen459,11.776,2.389,4725.94,0.625469,17.2384,3.04357,3.5504,746.765
gen460,11.597,3.039,5129.82,0.633859,23.4972,3.10056,2.92086,1042.82
gen461,11.058,1.854,4434.65,0.636684,12.8709,2.6692,3.34846,808.123
gen462,12.064,2.482,4959.16,0.621815,19.9148,4.2463,4.41003,792.935
gen463,11.552,2.954,5610.86,0.63897,22.4137,3.57641,3.69774,889.122
gen464,11.164,2.23,5314.26,0.643053,13.5552,2.78911,3.29678,834.245
gen465,11.009,2.292,5540.22,0.648369,13.9084,2.626,3.29772,948.05
gen466,11.517,2.418,5581.24,0.638528,16.8207,3.06588,3.27978,864.62
gen467,13.012,2.794,5262.57,0.60562,24.6145,4.0496,3.8107,763.37
gen468,11.642,3.488,5286.06,0.63509,26.7569,3.52536,3.16933,991.79
gen469,11.457,3.08,5413.3,0.63935,23.5075,3.66339,3.68214,879.605
gen470,10.057,1.212,4102.69,0.65316,5.58206,1.01054,1.62444,757.295
gen471,11.198,2.439,4538.53,0.635722,18.8,2.87231,2.99863,768.028
gen472,12.941,4.178,5356.67,0.61023,39.3094,3.06029,2.1915,830.398
gen473,13.113,4.052,5549.81,0.60823,39.7615,3.80388,2.72565,822.5
gen474,11.663,2.73,5287.94,0.633413,18.9803,3.54478,3.84294,828.98
gen475,11.781,2.969,5076.5,0.629488,22.5304,3.24064,3.20901,771.875
gen476,12.498,3.42,5169.09,0.616365,32.2887,4.88809,4.18381,944.203
gen477,11.987,3.476,5475.42,0.629698,27.2021,4.64762,4.16654,1018.32
gen478,11.434,2.378,4950.34,0.634486,16.6369,2.87217,3.14154,745.955
gen479,10.731,1.576,4731.24,0.645598,11.1766,2.25297,3.08614,924.763
gen480,11.85,2.531,4882.55,0.625597,20.8801,3.33639,3.4402,728.54
gen481,12.125,2.347,4469.11,0.615928,20.6712,3.23864,3.28156,595.903
gen482,11.57,3.289,5373.83,0.637026,26.3085,3.66872,3.44533,955.948
gen483,11.044,1.929,4239.87,0.635343,12.4379,2.61667,3.2606,813.387
gen484,10.752,1.726,4379.23,0.642249,10.5449,2.13044,2.82919,874.137
gen485,11.733,2.618,5076.32,0.629886,20.2694,3.52714,3.3648,773.698
gen486,11.535,2.278,4807.78,0.630964,17.1845,3.16825,3.36189,854.292
gen487,10.76,1.312,3510.35,0.633575,7.95359,1.89279,2.70673,782.81
gen488,11.387,2.74,4874.51,0.635371,18.9843,3.2173,3.59217,779.772
gen489,11.679,2.957,4881.11,0.629802,23.467,3.79845,3.55619,944.608
gen490,11.24,2.176,4936.7,0.638006,15.811,3.27847,4.02221,894.185
gen491,12.427,2.42,4364.79,0.608916,22.0913,3.05959,2.78714,607.85
gen492,12.282,3.261,5517.2,0.623664,28.7806,2.9696,2.5743,764.383
gen493,12.217,3.002,4957.11,0.619525,25.1715,4.15368,3.91851,649.565
gen494,11.474,2.525,5319.1,0.637229,18.2875,2.45034,2.50718,907.955
gen495,11.142,2.573,5367.45,0.644554,18.148,2.59289,2.69309,1009.61
gen496,11.431,2.501,4640.08,0.63196,19.1206,3.51501,3.7629,884.262
gen497,11.987,2.727,5008.71,0.624249,22.3309,2.9356,3.11201,702.013
gen498,14.739,4.666,5531.7,0.575736,56.998,2.13693,1.24889,647.743
gen499,11.442,2.837,5236.08,0.637658,21.2855,2.72803,2.84117,866.443
gen500,11.154,2.543,5019.87,0.64113,17.9429,2.39766,2.6759,855.103
gen501,10.786,2.086,4846.39,0.646356,12.7399,1.76503,2.27856,824.12
gen502,11.545,2.871,5090.95,0.634296,20.7731,2.45883,2.60543,871.1
gen503,11.844,2.456,5252.52,0.628925,19.4203,2.29059,2.54671,624.455
gen504,11.81,2.514,5095.64,0.628307,19.1639,2.39664,2.54348,664.55
gen505,12.332,2.847,5141.95,0.618571,23.5395,2.6945,2.75772,719.023
gen506,11.021,2.284,5110.41,0.644241,16.1358,2.28066,2.97468,960.2
gen507,11.351,2.385,5436.28,0.640573,16.5021,2.17654,2.47699,775.723
gen508,11.658,2.8,5428.74,0.6349,20.9702,2.45603,2.55251,932.863
gen509,11.553,2.402,4783.63,0.630584,19.4972,2.28159,2.50702,658.678
gen510,11.412,2.072,4912.48,0.634086,15.3777,2.01273,2.50054,633.365
gen511,11.225,2.128,4630.41,0.635477,15.0316,1.94879,2.34412,704.847
gen512,11.616,2.009,5140.48,0.631849,14.4821,2.11006,2.58824,544.062
gen513,11.474,2.149,5507.71,0.6383,15.0114,1.98677,2.29812,580.513
gen514,11.294,2.703,4894.37,0.637395,19.2123,2.19792,2.39265,903.905
gen515,11.163,3.021,5072.09,0.642212,21.1449,2.21427,2.40788,1045.86
gen516,11.523,2.456,4788.24,0.631331,16.9961,2.19847,2.42179,608.255
gen517,11.699,3.175,5360.76,0.634072,25.0845,2.40498,2.32877,857.735
gen518,11.261,2.424,4990.94,0.638476,17.0351,2.14316,2.55474,798.403
gen519,11.309,2.585,5078.71,0.63855,18.0861,2.22301,2.56916,772.28
gen520,11.078,2.452,5111.36,0.643361,18.762,2.33495,2.71753,929.623
gen521,11.296,1.935,4659.67,0.633962,14.868,1.82249,2.22533,616.355
gen522,11.102,2.661,5074.27,0.642883,19.1478,2.35458,2.67062,831.613
gen523,11.759,2.808,5257.56,0.631301,23.0019,2.36921,2.28261,737.248
gen524,11.763,2.758,5097.96,0.629699,21.1984,2.41116,2.49657,781.595
gen525,11.395,2.226,4739.71,0.633137,16.7834,2.02473,2.20424,656.855
gen526,11.25,2.133,5141.92,0.639576,14.7689,2.03105,2.22873,791.518
gen527,11.293,3.261,5401.98,0.642914,23.5494,2.51994,2.49945,969.313
gen528,11.284,2.479,4868.94,0.636998,18.4986,2.3032,2.60566,887.503
gen529,11.346,2.772,5216.43,0.639342,21.4456,2.54092,2.63573,904.31
gen530,11.337,2.744,5072.17,0.638182,20.614,2.4769,2.47593,867.455
gen531,11.581,2.077,4919.6,0.630692,16.1185,1.99107,2.31279,665.562
gen532,11.066,2.248,5321.19,0.645155,15.1979,1.8166,2.25606,848.623
gen533,11.313,2.73,5032.37,0.638293,21.898,2.38322,2.42725,876.77
gen534,11.262,2.264,5280.39,0.640794,16.0934,2.23828,2.49832,815.413
gen535,11.396,2.131,5029.93,0.63557,16.3713,2.19034,2.51669,744.133
gen536,11.577,2.74,5201.67,0.634418,21.824,2.6138,2.5728,853.078
gen537,11.939,2.965,4947.22,0.625077,23.9663,2.66834,2.44137,803.263
gen538,11.749,2.562,4544.94,0.624682,20.314,2.54126,2.49894,687.433
gen539,11.731,2.512,4673.39,0.626124,20.7033,2.31362,2.42486,782.608
gen540,11.61,2.643,5110.67,0.63276,20.052,2.14229,2.24316,762.155
gen541,11.45,2.42,5029.47,0.63494,18.3846,2.12252,2.08291,758.51
gen542,11.013,2.416,4910.04,0.642822,16.4602,1.94046,2.09847,893.578
gen543,11.716,3.794,5842.58,0.639091,31.0196,2.65452,2.18892,1140.83
gen544,11.568,2.644,5203.58,0.634459,21.1728,2.2921,2.21613,831.005
gen545,11.572,2.512,4559.6,0.628362,19.1153,2.00667,2.1951,667.993
gen546,11.376,2.558,5104.06,0.637359,18.8301,2.14297,2.27924,791.113
gen547,11.469,2.927,4828.78,0.633589,23.2182,2.47137,2.39879,942.785
gen548,11.372,2.46,5245.63,0.638552,17.8772,2.0454,2.16338,745.348
gen549,11.825,2.593,5250.46,0.629525,20.9277,2.49897,2.68807,703.632
gen550,11.731,2.476,4478.84,0.624313,19.5652,2.08115,2.2279,742.31
gen551,11.044,2.607,5515.96,0.647958,18.2844,1.94342,2.1798,869.885
gen552,12.076,2.741,4614.67,0.6189,23.4374,2.25939,2.15629,667.588
gen553,11.382,3.47,5266.09,0.640214,25.3688,2.41072,2.36502,1026.42
gen554,11.852,3.068,4980.6,0.627334,22.6172,2.32942,2.26295,802.048
gen555,11.374,2.816,4947.25,0.636419,22.0639,2.15647,2.26002,841.535
gen556,11.225,2.183,4656.61,0.635804,15.5306,1.77746,1.99553,790.708
gen557,11.412,2.805,5127.89,0.637246,20.3613,2.07694,2.08888,831.005
gen558,11.9,3.133,4872.92,0.625488,24.8776,2.27109,2.24515,785.848
gen559,12.069,3.159,4979.85,0.623027,25.4394,1.94463,1.84671,770.255
gen560,11.723,3.322,5254.44,0.632868,25.701,2.31288,2.12982,938.735
gen561,12.256,2.888,5265.76,0.621313,24.6168,2.14594,1.94516,668.803
gen562,11.322,2.701,4498.74,0.633257,20.3662,2.01368,2.13466,831.815
gen563,11.265,2.54,4692.92,0.635906,19.5039,1.94745,2.12504,851.458
gen564,11.889,2.386,4386.83,0.620094,19.0834,2.20529,2.45225,613.318
gen565,12.399,2.85,5023.63,0.616137,23.5834,2.14286,2.22753,661.918
gen566,11.566,3.338,5601.54,0.639239,24.9713,2.25845,2.34598,981.665
gen567,11.445,2.428,4456.9,0.629902,19.8749,1.94705,1.98837,778.355
gen568,11.302,2.861,5207.69,0.640314,21.3862,2.15789,2.17095,866.645
gen569,11.77,2.744,5207.39,0.630517,21.4467,1.77605,1.88099,657.26
gen570,11.617,2.422,4873.4,0.630113,20.1916,1.91559,1.85294,736.438
gen571,11.304,2.822,4790.67,0.636455,22.3587,2.16953,2.10132,877.58
gen572,11.613,2.71,4898.13,0.630897,20.3698,2.22051,2.3281,674.675
gen573,11.838,3.176,4914.48,0.627206,26.5626,2.3002,2.12063,805.49
gen574,11.566,2.85,5000.66,0.633018,22.176,2.24313,2.2152,939.343
gen575,11.853,2.813,4907.67,0.626232,22.9945,1.98593,1.98391,702.62
gen576,11.671,3.227,5498.62,0.635974,24.983,2.3072,2.23196,915.043
gen577,11.607,2.519,4504.01,0.627155,20.2262,2.33511,2.3894,800.63
gen578,11.573,2.962,4896.83,0.632126,24.1012,2.5311,2.48372,850.445
gen579,11.422,2.624,4700.68,0.632895,21.5571,2.11207,2.13672,852.47
gen580,10.742,2.272,4473.08,0.644208,14.0602,1.90925,2.37166,960.808
gen581,11.527,2.891,5562.98,0.638947,21.0433,2.2818,2.32834,854.9
gen582,11.263,2.342,4681.33,0.635512,17.046,2.12657,2.20537,836.877
gen583,11.598,2.464,4965.91,0.631405,21.2837,2.26826,2.28466,843.56
gen584,10.963,2.347,4725.99,0.642076,16.3475,2.05081,2.24273,847.205
gen585,11.192,2.289,4513.44,0.635369,16.8641,2.11685,2.44566,888.92
gen586,11.298,2.2,4291.98,0.631053,16.2709,2.10627,2.34888,849.432
gen587,11.815,2.713,4566.7,0.623776,21.9509,2.48293,2.4063,711.125
gen588,11.188,2.213,4969.84,0.639432,16.0246,2.076,2.3655,755.675
gen589,11.142,2.621,4995.69,0.641288,17.8794,2.18137,2.24018,841.738
gen590,11.544,2.149,4772.92,0.630251,17.2421,2.1828,2.29522,678.118
gen591,11.32,2.181,3902.18,0.627062,17.0883,2.18838,2.49377,789.29
gen592,11.207,2.347,5468.82,0.643757,16.0387,1.9414,2.23751,748.183
gen593,11.202,2.544,5114.84,0.641002,19.7075,2.2105,2.37688,932.053
gen594,12.699,3.87,5223.95,0.613486,36.9291,2.71497,2.02057,802.047
gen595,11.292,3.101,5131.9,0.640238,21.1928,2.19342,2.36042,922.94
gen596,11.23,2.712,5197.78,0.641454,19.9008,2.15907,2.2701,867.86
gen597,11.776,2.707,4746.42,0.626183,22.285,2.5162,2.41266,690.268
gen598,12.021,2.903,4717.25,0.621222,26.4816,2.28865,2.16136,774.71
gen599,10.648,2.185,4737.24,0.648369,13.9567,1.82449,2.09325,938.735
gen600,11.158,2.916,5010.14,0.641582,20.6847,2.09647,2.1911,893.578
gen601,11.403,3.085,5221.44,0.63874,22.8601,2.17406,2.25096,936.103
gen602,11.386,2.377,4889.3,0.634919,17.8492,1.94772,2.09221,667.588
gen603,11.045,2.611,5452.39,0.647372,17.8951,1.8308,2.20689,804.073
gen604,12.406,3.75,5242.6,0.619464,34.7667,2.60787,2.09838,793.948
gen605,11.253,2.702,4610.86,0.635683,21.9963,2.26304,2.13621,822.5
gen606,11.396,2.941,5353.66,0.639833,22.3165,2.04301,2.04613,797.998
gen607,11.472,3.05,4724.41,0.632793,24.5313,2.20088,2.13812,830.398
gen608,11.352,3.003,4718.12,0.635119,23.7066,2.0758,2.02616,809.135
gen609,11.101,2.539,4790.45,0.640146,19.021,2.05728,2.32293,779.165
gen610,10.841,2.262,4803.9,0.645138,15.2694,1.66936,1.91587,743.728
gen611,11.344,3.309,4861.34,0.637082,25.0484,2.16003,2.17186,846.598
gen612,10.867,2.272,4841.36,0.644959,16.2059,1.71904,2.03081,724.693
gen613,11.592,3.378,5393.98,0.636904,26.4055,2.51926,2.40785,993.815
gen614,11.094,2.704,5247.77,0.64468,18.5246,1.95239,2.24366,905.525
gen615,11.457,2.998,5344.04,0.63859,21.6451,2.07439,2.10045,883.047
gen616,11.153,2.216,4416.65,0.635177,17.1365,1.98037,2.26153,823.108
gen617,11.183,2.184,4615.3,0.636296,15.3638,1.70173,2.08216,668.398
gen618,11.273,2.682,5175.17,0.640318,19.8694,1.97446,2.16394,786.05
gen619,11.225,2.905,5037.2,0.640433,20.9114,2.01728,2.18668,786.253
gen620,11.552,3.129,5124.83,0.634887,23.1905,2.18309,2.19317,813.793
gen621,11.87,3.105,5228.18,0.629254,25.377,2.42224,2.28749,764.383
gen622,11.236,2.622,4928.2,0.638755,19.6137,2.04584,2.35858,742.31
gen623,11.136,2.739,4890.89,0.640665,19.9323,2.32167,2.3571,922.738
gen624,11.297,2.733,4811.91,0.636642,21.4936,2.29877,2.28048,819.868
gen625,11.168,2.205,4957.5,0.639718,14.9887,1.87413,2.25344,687.028
gen626,11.412,3.356,5510.34,0.641607,25.305,2.00709,2.016,899.855
gen627,11.31,2.059,4724.21,0.634462,14.6053,1.94074,2.31049,656.247
gen628,11.747,3.293,4856.11,0.628742,26.0174,2.11512,1.99743,750.815
gen629,11.415,3.132,5226.36,0.638616,23.3135,2.14051,2.13493,941.368
gen630,11.649,3.351,5325.13,0.63507,26.0525,1.89468,1.73782,816.223
gen631,12.068,3.116,5289.26,0.625761,26.9061,2.23401,2.24222,784.633
gen632,11.361,3.036,4754.11,0.635314,22.8758,2.20033,2.25003,818.855
gen633,12.273,2.99,4955.66,0.618343,26.1765,2.33766,2.30465,680.345
gen634,11.047,2.309,5080.46,0.64348,14.9612,1.68351,2.10039,768.028
gen635,11.689,2.505,5369.56,0.63324,20.1024,2.06167,2.18064,689.66
gen636,12.067,2.989,5198.46,0.624752,24.8627,2.3509,2.158,669.005
gen637,11.333,2.813,4844.49,0.63633,20.0205,2.20868,2.3135,777.95
gen638,11.432,1.993,4736.34,0.631959,14.4618,1.71282,2.08588,566.743
gen639,11.453,2.996,5052.38,0.636044,22.1376,2.06722,2.09301,875.15
gen640,11.619,2.62,5055.88,0.632044,20.1972,1.89022,2.15683,669.613
gen641,11.022,2.747,5034.31,0.644308,19.9785,1.89089,1.9506,973.363
gen642,11.323,2.834,5196.41,0.639737,21.1385,2.08167,2.10098,907.955
gen643,11.841,3.067,5414.67,0.631464,26.1144,2.62997,2.46647,917.675
gen644,11.701,2.916,5473.84,0.634617,23.4754,2.33973,2.3435,778.557
gen645,11.454,2.464,4655.2,0.631562,18.6364,2.04086,2.24937,700.595
gen646,11.743,2.316,5162.06,0.629949,18.4934,2.21746,2.46463,811.363
gen647,11.524,2.282,4554.93,0.628921,17.9162,1.88057,2.22203,600.155
gen648,11.89,3.401,5305.26,0.630031,26.186,2.54357,2.35501,830.802
gen649,11.445,2.509,4757.85,0.632746,20.521,2.10751,2.30322,786.658
gen650,11.423,2.363,4684.8,0.632296,19.682,2.27776,2.44411,784.633
gen651,11.26,2.389,4876.6,0.63741,16.7195,2.13597,2.28151,907.55
gen652,11.332,3.009,5076.58,0.638766,22.1388,2.20855,2.22312,939.14
gen653,12.193,2.341,4694.75,0.616554,20.5794,2.0546,2.08803,569.78
gen654,11.875,2.915,5142.93,0.628068,22.647,2.07156,2.00246,819.665
gen655,12.039,3.678,5433.88,0.628594,30.2839,2.4157,2.26667,917.27
gen656,12.136,3.228,5427.9,0.6258,28.642,2.37045,2.03307,850.648
gen657,11.914,3.27,5744.13,0.63327,26.5329,2.30904,2.10158,888.313
gen658,11.61,2.265,5405.06,0.63478,16.1362,1.95733,2.30466,690.673
gen659,11.937,3.256,5435.24,0.629995,26.5145,2.19549,2.10336,944
gen660,11.458,2.504,5092.94,0.635487,19.995,2.04551,2.08306,750.815
gen661,11.531,2.561,5158.27,0.634672,19.1769,1.88853,2.23317,756.283
gen662,11.699,2.59,4963.7,0.629523,19.2091,1.81794,2.03926,726.312
gen663,11.589,2.709,5502.57,0.636828,19.0733,1.88066,2.18511,703.633
gen664,11.181,2.706,5218.05,0.642631,18.7603,1.63162,1.95095,803.465
gen665,11.527,3.377,5028.55,0.634947,26.8171,2.57866,2.32975,971.743
gen666,11.565,2.874,5085.4,0.633841,20.6554,1.99492,2.06631,752.232
gen667,11.697,2.955,5234.15,0.632607,23.3651,2.21919,2.29879,825.335
gen668,11.675,3.656,5384.6,0.63558,30.7854,2.49024,2.05257,927.8
gen669,11.841,3.475,5599.47,0.633807,28.1709,2.33213,2.10416,958.378
gen670,12.321,3.671,5674.33,0.624962,30.3741,2.66494,2.19074,931.04
gen671,11.279,2.897,5305.6,0.641727,21.8485,2.27654,2.26349,1035.93
gen672,11.361,2.68,4856.61,0.635643,19.3284,1.98992,2.09316,869.885
gen673,11.294,2.583,4956.68,0.637756,18.4913,1.94749,2.22712,803.87
gen674,12.565,3.008,5447.21,0.616807,26.9099,2.55297,2.35525,630.125
gen675,12.264,3.068,5267.47,0.621464,24.4975,2.24732,2.3257,735.83
gen676,12.188,2.947,5001.32,0.620426,25.3877,2.35598,2.09483,610.483
gen677,12.658,4.063,5389.7,0.616141,36.3634,2.43339,1.90217,860.165
gen678,11.525,2.627,4897,0.632554,18.1271,1.91011,2.18045,740.487
gen679,11.408,2.972,5140.73,0.637722,23.1076,2.10109,2.07565,881.833
gen680,11.538,2.908,4989.98,0.633592,23.5066,1.95143,1.91136,861.785
gen681,12.362,3.303,5547.44,0.622365,29.2914,2.1746,1.94113,736.235
gen682,12.675,3.262,5030.7,0.611226,30.865,2.4435,2.16796,662.728
gen683,12.216,2.761,4895.48,0.618589,23.215,2.28964,2.37867,637.415
gen684,11.662,3.154,5873.39,0.639409,23.061,1.99089,1.92106,821.69
gen685,11.968,3.201,4867.27,0.624156,27.1869,2.24753,1.90162,809.54
gen686,11.196,2.671,5181.95,0.641941,17.9005,1.85457,2.13084,866.037
gen687,11.159,2.539,5163.48,0.642313,18.5091,1.83466,2.0255,769.648
gen688,11.288,2.971,5395.71,0.642477,21.9146,1.99627,2.04489,914.84
gen689,12.432,2.643,5199.56,0.616698,24.6871,2.44999,2.45208,573.222
gen690,11.583,2.816,5364.04,0.635883,22.5336,1.91929,1.87125,790.1
gen691,12.092,3.288,5531.01,0.627731,27.9127,2.4444,2.21572,941.367
gen692,11.399,3.03,5283.51,0.639289,21.7886,1.83859,1.93019,928.812
gen693,11.543,2.433,4467.76,0.627998,19.0274,1.7754,1.92076,628.303
gen694,10.935,2.371,5648.61,0.650994,17.1143,1.74873,2.13781,861.785
gen695,11.32,2.574,5190.76,0.639315,20.4847,2.05806,2.10241,742.513
gen696,11.962,3.072,5201.47,0.627072,25.2221,2.19069,2.23725,761.75
gen697,10.808,2.553,4954.57,0.647656,17.9972,1.77883,1.93169,1014.67
gen698,11.438,3.16,5067.97,0.636766,24.9599,2.07962,1.94834,944
gen699,11.077,2.74,4957.39,0.642476,19.8906,2.10242,2.24122,886.895
gen700,11.65,2.683,5344.28,0.634109,20.9856,1.81624,1.81219,684.193
gen701,11.461,2.557,4986.56,0.634556,21.2374,1.9106,1.88346,760.94
gen702,11.958,3.374,5282.97,0.628391,29.7014,2.12509,1.90155,853.078
gen703,11.107,2.912,5536.97,0.647363,20.2587,1.86936,2.05492,876.365
gen704,11.308,3.376,5617.44,0.644737,27.1505,2.07902,1.88789,1045.65
gen705,11.757,2.894,4715.4,0.626606,24.2391,2.06783,2.04465,761.143
gen706,11.521,3.232,5161.09,0.636021,26.0756,2.1338,1.91876,926.99
gen707,11.603,3.034,5301.13,0.635269,23.3318,2.00541,1.93951,894.185
gen708,11.505,3.095,5672.59,0.640724,22.8977,2.11789,2.01592,841.535
gen709,11.795,2.691,5210.12,0.62994,22.1342,2.10998,2.02536,680.953
gen710,11.822,2.779,5226.77,0.629683,21.6164,1.89484,1.87011,791.922
gen711,11.511,2.655,5030.65,0.634091,21.0645,2.10667,2.05257,752.84
gen712,12.062,3.483,5331.89,0.626879,30.8822,2.28554,1.93944,983.893
gen713,11.642,3.19,5451.32,0.636081,25.3877,2.20603,2.04239,914.233
gen714,11.457,2.801,5082.88,0.635912,19.9558,1.85615,1.96118,917.473
gen715,11.527,3.11,5534.61,0.639056,23.1339,2.19604,2.09287,911.6
gen716,11.361,2.901,5063.41,0.637872,22.1325,2.16647,1.94515,984.905
gen717,11.973,2.774,5054.58,0.625027,24.2902,2.31123,2.19309,747.373
gen718,11.525,2.416,4891.39,0.632152,19.7207,1.88895,1.84546,838.093
gen719,11.378,2.971,5350.16,0.640221,21.7078,1.93462,1.87139,898.438
gen720,10.972,2.449,5220.19,0.64651,15.8872,1.61178,1.77182,948.253
gen721,11.537,2.691,5103.91,0.634277,21.799,2.21543,2.1825,866.645
gen722,11.926,3.264,5481.89,0.630654,27.4758,2.44322,2.05505,936.305
gen723,11.823,3.158,5419.8,0.632031,25.0058,2.15407,2.06578,927.598
gen724,11.283,2.28,4620.51,0.634451,18.6727,1.87476,2.00768,837.485
gen725,11.22,2.584,4976.27,0.639452,19.3301,1.86127,2.00783,886.693
gen726,11.768,2.758,4956.54,0.628324,21.9911,2.03387,2.06435,700.19
gen727,11.225,3.097,5750.26,0.64717,21.873,1.87125,1.88499,982.475
gen728,11.667,2.487,5370.1,0.633666,19.6171,1.9352,2.05217,718.213
gen729,11.588,3.145,4917.47,0.632309,24.7693,2.26945,2.17509,963.44
gen730,12.265,3.211,5326.64,0.622214,27.9982,2.03298,1.71602,746.158
gen731,11.776,3.05,5516.55,0.633686,23.8495,2.24177,2.06638,888.515
gen732,11.789,3.582,5399.87,0.633256,27.6198,2.24208,2.05615,954.327
gen733,11.609,3.117,4960.01,0.632215,24.3902,2.21399,2.16439,923.75
gen734,11.923,2.218,4726.57,0.622174,19.9924,2.14205,2.3296,671.435
gen735,11.702,2.743,5024.12,0.630261,22.8715,2.35264,2.19141,903.905
gen736,11.115,2.377,5112.45,0.642487,16.6747,1.7588,2.00462,925.37
gen737,11.528,3.014,4920.42,0.633348,23.7569,2.20021,2.1793,928.61
gen738,11.229,2.299,4607.06,0.63547,16.757,1.87184,2.09437,921.523
gen739,12.038,3.74,5553.61,0.629795,31.7255,2.48633,2.24842,1035.94
gen740,11.541,2.631,5174.23,0.634727,19.8438,1.99909,2.06053,941.165
gen741,12.261,2.931,5002.73,0.618915,27.0168,2.20038,1.99197,751.422
gen742,11.138,2.202,4781.76,0.638747,16.8433,1.93084,2.21046,933.673
gen743,12.03,2.537,5167.18,0.624477,23.3827,2.16828,2.20556,815.615
gen744,11.751,3.069,5159.98,0.631021,23.2666,2.12129,2.06902,794.353
gen745,11.288,2.064,4704.29,0.634743,16.9069,1.71912,1.85063,880.213
gen746,12.11,2.673,4906.33,0.620715,22.3246,2.06356,1.99412,745.348
gen747,12.227,3.606,5597.48,0.62609,28.8133,2.39405,2.14197,876.568
gen748,11.813,2.934,5235.61,0.630205,23.6774,2.23979,2.21281,840.522
gen749,11.668,2.998,5234.48,0.633276,25.5464,2.13728,2.00575,958.175
gen750,11.656,3.041,5032.67,0.631778,23.6842,2.38458,2.37659,942.785
gen751,11.492,2.791,5175.14,0.636007,22.3915,2.29493,2.21064,956.555
gen752,11.446,2.468,5404.33,0.638475,17.9008,1.95362,2.12894,957.972
gen753,11.381,2.882,5195.39,0.638618,22.7874,2.16239,2.11216,956.353
gen754,11.923,2.785,5369.52,0.628906,21.4268,2.11816,2.19522,763.37
gen755,11.498,3.557,5942.25,0.644065,25.5353,1.9005,1.71326,1068.74
gen756,11.897,2.983,5340.88,0.629511,23.6372,2.32736,2.11824,831.815
gen757,12.263,2.943,5373.91,0.622234,25.5027,2.50929,2.25867,800.833
gen758,12.593,3.044,5704.01,0.618604,26.0236,2.0641,1.78209,734.412
gen759,11.444,3.486,6089.06,0.646376,24.9022,1.98903,1.92807,1166.34
gen760,12.133,3.11,5371.05,0.625154,25.1041,2.31404,2.19341,818.855
gen761,11.656,2.046,4583.24,0.626075,17.6187,1.89258,2.24082,917.877
gen762,11.313,3.095,5456.46,0.642718,23.6947,2.52176,2.50116,999.485
gen763,12.444,3.307,5115.51,0.616802,30.7685,2.35967,2.0097,895.197
gen764,11.95,2.64,5094.66,0.625637,22.1009,2.24664,2.09386,908.765
gen765,12.196,3.034,5206.59,0.622254,25.9565,2.12378,1.99598,826.348
gen766,11.86,3.093,5663.66,0.633359,24.2081,2.05422,2.01802,1047.48
gen767,11.503,2.781,5150.56,0.635544,21.0254,1.97205,1.98922,989.765
gen768,11.863,2.09,4773.9,0.623618,17.5091,1.87606,2.01614,890.54
gen769,12.53,2.458,4880.16,0.611505,21.4459,1.83337,1.74737,722.06
gen770,12.384,2.553,5136.47,0.616965,21.0974,2.02423,2.0993,744.133
gen771,11.714,2.427,5046.08,0.629685,19.3601,2.16636,2.26546,896.21
gen772,11.932,2.393,5344.24,0.62784,18.9438,2.18343,2.38274,927.598
gen773,11.432,1.961,4417.66,0.629038,16.3296,1.78584,2.08265,977.008
gen774,11.935,2.45,5081.66,0.625511,21.7161,2.73517,2.72585,1027.43
gen775,12.454,3.188,5229.66,0.617426,27.8334,2.22158,1.93156,867.05
gen776,12.069,2.432,4851.94,0.620664,19.9694,2.16972,2.28409,906.538
gen777,12.103,2.209,5114.82,0.621961,18.0202,2.29195,2.88736,758.51
gen778,12.733,2.893,5060.12,0.609686,25.5244,2.16098,2.03314,828.372
gen779,12.285,2.638,5404.35,0.621549,21.7362,2.10659,2.06281,826.145
gen780,12.656,2.811,5072.44,0.61124,26.8014,2.21456,1.94291,813.388
gen781,12.623,2.69,4938.34,0.610508,22.7373,1.96749,1.95417,845.787
gen782,13.046,3.257,5504.08,0.607868,29.624,2.39236,2.08525,900.665
gen783,12.745,1.979,4302.8,0.6011,19.5129,1.99376,2.12185,651.185
gen784,12.784,3.115,5176.47,0.610057,29.314,2.22459,1.93506,638.022
gen785,12.465,3.138,5326.09,0.617985,29.2684,2.0091,1.73573,871.505
gen786,11.767,1.878,4391.06,0.621788,15.4277,1.74465,2.17041,811.97
gen787,11.867,3.307,5265.67,0.62999,26.1446,2.29375,2.0164,941.975
gen788,12.032,2.904,4881.16,0.622473,24.0782,2.07542,1.96914,1002.52
gen789,12.272,3.124,5581.51,0.62422,25.013,2.11397,1.91324,964.25
gen790,11.959,3.032,5094.71,0.626106,23.7784,1.95973,1.88059,930.23
gen791,12.089,2.757,5071.67,0.622773,24.4699,2.20324,1.93535,846.598
gen792,11.918,2.82,5124.37,0.62686,23.5904,2.01194,1.87052,1035.73
gen793,11.956,2.877,5279.87,0.627575,22.6446,1.8571,1.71553,882.44
gen794,12.008,2.538,4797.84,0.621605,21.653,1.92398,1.79445,910.79
gen795,12.29,2.802,5390.07,0.621591,25.3672,2.23193,1.97849,845.382
gen796,12.083,3.254,5197.9,0.624861,28.0248,2.39486,1.94746,1045.25
gen797,12.35,2.94,5661.07,0.623029,24.1363,1.95839,1.86382,879.2
gen798,11.823,2.588,4466.51,0.622502,20.6423,1.9047,1.96235,733.805
gen799,12.19,2.555,4667.75,0.61673,22.9168,1.94641,1.86337,751.22
gen800,12.049,1.691,3750.78,0.609929,17.0418,1.85815,1.9851,676.903
gen801,12.037,2.682,4967.65,0.622779,22.8373,2.18685,2.10863,793.948
gen802,13.57,3.612,5703.24,0.599503,37.1943,2.18585,1.62956,813.995
gen803,11.619,3.085,5364.83,0.6356,22.9477,2.1113,2.12316,987.74
gen804,12.077,2.892,5323.76,0.625513,23.7482,2.26129,2.28983,873.733
gen805,12.425,2.875,5473.87,0.619698,25.8996,2.27355,2.13017,697.76
gen806,11.732,2.531,5337.92,0.632116,20.7284,2.06893,2.18921,863.202
gen807,12.778,3.303,5589.83,0.614213,31.2164,2.42687,2.08081,735.02
gen808,11.864,2.263,4254.72,0.619213,18.2221,2.24046,2.33642,927.8
gen809,11.892,2.199,4235.62,0.61836,19.9972,2.21009,2.15211,871.1
gen810,11.893,2.733,4889.78,0.625117,23.4776,2.43765,2.65394,821.285
gen811,11.19,2.504,4302.04,0.633866,19.9978,2.0797,2.34415,1043.02
gen812,11.909,2.491,4687.33,0.622563,20.2445,2.10323,2.41972,767.015
gen813,11.361,3.132,5585.4,0.642955,22.9723,2.21749,2.29017,1108.43
gen814,11.503,2.941,4947.74,0.633985,23.2881,2.53845,2.76972,1040.59
gen815,12.226,3.4,5399.5,0.623985,29.3869,2.36402,2.05967,863.203
gen816,12.495,2.911,4681.63,0.611191,25.8675,2.76026,2.58168,847.205
gen817,12.528,2.644,4690.56,0.61015,25.6874,2.51447,2.43033,844.978
gen818,12.376,3.118,5153.39,0.618223,28.6439,2.28811,2.02914,843.155
gen819,11.831,2.501,5018.82,0.627163,22.5174,2.70867,3.07304,821.893
gen820,11.928,2.48,4356.82,0.619181,22.2347,2.5393,2.5198,839.713
gen821,12.195,2.557,4603.55,0.616053,23.7782,2.37142,2.15452,812.578
gen822,11.93,2.413,4381.65,0.619251,22.0605,2.32926,2.31778,894.995
gen823,12.255,2.831,4524.86,0.61457,25.9084,2.55939,2.53163,793.745
gen824,11.405,1.881,3966.01,0.625393,16.5497,1.84419,2.00174,907.55
gen825,11.929,2.405,4547.75,0.620753,21.4502,2.3192,2.36625,868.873
gen826,11.974,2.51,4687.94,0.621267,21.229,2.2289,2.27771,863
gen827,12.162,3.05,5460.61,0.625265,28.1916,2.85652,2.67951,849.23
gen828,11.31,2.047,3840.72,0.626491,15.8517,1.72551,1.88786,888.515
gen829,11.46,1.892,3629.71,0.621257,15.5288,1.69167,1.88266,848.42
gen830,11.766,1.939,3890.94,0.617409,16.7946,1.90679,1.95022,719.225
gen831,12.162,2.588,4841.99,0.618927,23.6504,2.74253,2.96774,721.25
gen832,11.863,1.881,3846.58,0.614923,15.679,1.97387,2.15673,674.675
gen833,11.009,2.135,4148.73,0.635584,16.3549,2.1639,2.2326,962.833
gen834,12.199,2.583,4459.16,0.614714,24.2555,2.53131,2.44764,947.038
gen835,11.672,2.424,4658.44,0.627053,20.781,2.70736,2.64724,804.478
gen836,11.834,2.848,4860.03,0.626251,25.0432,2.52931,2.26001,857.128
gen837,12.063,1.927,3952.62,0.611852,17.1869,2.0982,2.05464,718.82
gen838,12.151,2.275,3999.29,0.611047,20.8687,2.3952,2.29494,728.135
gen839,11.678,2.133,3871.23,0.61936,19.0759,2.05489,1.95194,840.523
gen840,11.63,2.244,4801.38,0.628901,19.1896,2.31018,2.29567,885.073
gen841,12.52,2.93,4673.95,0.610641,28.3335,2.62275,2.59603,739.475
gen842,11.989,2.268,4149.66,0.615712,20.3922,2.40266,2.21894,720.44
gen843,11.8,2.182,4099.99,0.618998,19.3633,2.17189,2.05903,811.767
gen844,12.739,2.563,4251.52,0.601735,25.3693,2.74832,2.31585,660.905
gen845,11.872,2.289,3916.31,0.616046,20.5504,2.08397,1.8644,715.985
gen846,11.351,2.095,3795.47,0.625323,18.3619,2.0077,2.00076,916.865
gen847,12.113,3.058,5253.06,0.624415,26.6224,2.3079,2.27892,942.785
gen848,12.573,2.796,5273.2,0.614724,24.1463,2.27727,2.34739,743.323
gen849,12.25,3.114,5689.26,0.625624,26.8336,2.26908,2.20884,769.445
gen850,11.388,2.048,4038.22,0.62667,17.027,1.97029,2.00942,875.758
gen851,11.526,2.815,5297.35,0.63645,22.4326,2.58741,2.73596,876.972
gen852,11.874,2.726,4977.14,0.626281,23.3091,2.58472,2.86234,950.885
gen853,11.454,2.246,4319.46,0.628177,18.5617,2.29723,2.29831,887.503
gen854,11.925,3.005,5042.38,0.626287,26.9605,2.54057,2.49514,850.85
gen855,11.489,2.512,5191.79,0.635754,20,2.46273,2.92757,908.36
gen856,11.961,2.422,5162.07,0.625654,21.8299,2.55747,2.7904,793.542
gen857,11.986,2.876,5076.19,0.625125,25.8013,2.27903,2.05925,761.75
gen858,11.534,1.953,4659.48,0.629108,15.6354,2.13107,2.58705,656.45
gen859,10.945,1.841,4244.15,0.637266,14.9744,2.00102,2.42141,808.527
gen860,11.59,2.637,5512.89,0.63678,20.8106,2.08877,2.0759,692.698
gen861,11.895,2.802,5438.82,0.630132,24.0042,2.74286,3.06102,1054.97
gen862,11.902,2.998,5466.49,0.630564,25.6246,2.28223,2.07804,874.948
gen863,11.848,3.506,5668.55,0.634337,28.3767,2.47363,2.17257,968.907
gen864,10.926,2.462,5079.21,0.646206,18.3046,1.99846,2.32805,925.573
gen865,11.523,2.53,5183.24,0.635009,19.6252,2.08587,2.36984,822.905
gen866,11.788,2.084,4694.43,0.624431,18.2959,2.04505,2.36286,688.04
gen867,11.148,2.811,5568.57,0.646638,20.0018,2.97565,3.40386,1053.15
gen868,11.791,2.658,5229.74,0.630144,21.4238,2.20445,2.12058,736.843
gen869,11.906,2.959,5470.64,0.630455,25.2145,2.24245,1.97821,925.978
gen870,11.853,3.06,5296.48,0.630143,25.8034,2.44712,2.4833,897.02
gen871,11.303,2.213,4866.13,0.63614,17.4611,2.1818,2.50963,800.023
gen872,11.644,2.644,5457.37,0.635185,22.1194,2.4347,2.45332,963.035
gen873,11.649,2.468,4679.55,0.627788,20.0546,2.23112,2.46662,799.01
gen874,11.381,2.634,5359.28,0.63968,18.9612,2.0726,2.31313,772.483
gen875,11.263,2.911,5838.69,0.646877,19.9418,2.29913,2.34607,994.423
gen876,11.937,2.208,5003.72,0.624365,18.5841,2.03008,2.07037,602.99
gen877,11.438,2.714,5415.97,0.639154,18.8598,1.92277,2.02027,741.095
gen878,12.111,3.034,5525.08,0.626864,24.0188,2.04158,2.08704,863
gen879,11.973,2.523,5111.3,0.62512,20.7182,1.94204,1.97375,575.045
gen880,11.613,2.992,5537.08,0.637118,22.1579,2.18779,2.05559,879.403
gen881,11.09,2.669,4785.2,0.640541,20.7208,1.9332,1.96297,910.385
gen882,12.529,3.302,5693.97,0.620257,30.0532,2.3424,1.97372,871.302
gen883,11.448,3.012,5216.37,0.637649,23.1546,2.58845,2.49617,859.76
gen884,11.409,2.567,5752.89,0.642536,19.0666,2.10757,2.50642,728.945
gen885,11.714,3.055,5346.46,0.633435,23.5812,2.20652,2.04903,701
gen886,11.904,3.279,5442.98,0.63078,27.351,2.45645,2.13821,948.455
gen887,11.217,2.752,5677.62,0.646106,19.6005,1.84402,2.01488,904.31
gen888,11.53,2.707,5469.63,0.637738,20.4312,1.69419,1.74675,696.545
gen889,11.93,2.493,5008.12,0.625023,21.6698,2.08962,2.0089,573.83
gen890,11.488,2.793,5102.4,0.635438,21.5975,2.17506,2.22737,783.417
gen891,11.933,2.464,5443.42,0.628831,22.5103,2.50168,2.44545,843.155
gen892,11.921,3.51,5761.35,0.633682,28.7478,2.64853,2.24525,904.512
gen893,11.518,2.866,5414.66,0.637755,23.5124,2.35886,2.34932,903.905
gen894,11.345,1.932,4901.99,0.635133,16.3024,1.88948,2.17956,670.22
gen895,11.596,2.558,5248.43,0.634145,19.1934,1.79555,1.93874,702.215
gen896,12.077,3.565,5526.34,0.628458,30.1406,2.26653,1.85393,856.115
gen897,11.742,2.606,5395.96,0.632558,20.4017,1.85139,1.90009,678.117
gen898,11.487,2.905,5512.44,0.639336,21.365,1.91634,1.89799,740.285
gen899,12.028,2.815,5688.55,0.629673,24.6696,2.29355,2.03994,742.715
gen900,11.184,2.76,5486.95,0.64508,19.147,1.75416,1.88842,858.95
gen901,11.415,2.338,5122.99,0.636363,18.2007,1.68416,1.80667,646.73
gen902,11.588,3.074,5537.87,0.637774,23.2733,2.08785,1.98887,887.3
gen903,11.487,3.426,5801.86,0.642809,26.3727,2.09744,1.93845,932.66
gen904,11.502,2.753,5535.85,0.638985,22.7723,2.07807,2.01298,832.625
gen905,11.7,3.461,5720.08,0.637762,30.6226,1.95914,1.61394,942.177
gen906,11.612,3.583,5465.48,0.637479,30.7798,2.05943,1.67526,969.718
gen907,11.218,2.756,5206.41,0.641851,20.0114,1.95475,2.07206,797.795
gen908,11.334,2.62,5611.48,0.642891,17.6593,1.76106,2.02005,694.318
gen909,11.272,2.818,5531.08,0.643769,19.8166,2.05559,2.12973,877.58
gen910,11.714,3.493,5487.34,0.635433,26.8719,1.80973,1.5087,915.852
gen911,11.396,3.355,5359.51,0.640576,25.0531,2.04525,1.83457,927.8
gen912,11.266,2.957,5825.03,0.646769,22.3047,2.17156,2.09985,975.59
gen913,11.66,2.157,4881.48,0.628862,18.502,2.20007,2.37691,777.14
gen914,11.684,3.112,5703.87,0.637363,23.2627,2.115,1.86829,708.695
gen915,11.277,3.304,5627.48,0.645344,23.8166,2.08551,1.94497,981.665
gen916,11.944,3.708,5453.4,0.630768,30.0656,2.38909,2.06332,906.943
gen917,12.195,2.936,5566.47,0.625351,25.7572,2.04966,1.89045,707.48
gen918,11.518,3.446,5594.42,0.640339,26.2776,2.02204,1.86201,924.965
gen919,11.728,2.777,5359.43,0.632802,23.8537,1.9953,1.89761,832.422
gen920,11.135,2.747,5155.46,0.64308,22.2794,2.55793,2.69077,1030.47
gen921,11.035,3.378,5595.37,0.650142,24.0141,2.06577,2.01362,1163.91
gen922,11.197,3.472,5671.68,0.647663,26.1582,2.03255,1.90945,1038.97
gen923,12.089,3.134,4997.71,0.622736,26.5687,2.05303,1.78207,759.32
gen924,11.091,2.014,3764.05,0.630238,16.1788,2.0349,2.13854,894.185
gen925,10.712,2.335,5260.26,0.652013,15.6488,1.69043,1.92512,909.575
gen926,11.621,3.13,5540.94,0.637218,25.4865,2.45573,2.21219,883.048
gen927,10.876,2.433,4321.31,0.640362,18.965,2.50885,2.46518,934.685
gen928,11.471,2.466,4896.13,0.633385,20.8139,2.44629,2.40667,826.955
gen929,11.162,2.317,5004.87,0.640454,15.8587,2.02605,2.26788,765.395
gen930,10.927,1.926,3905.09,0.634725,13.5487,1.79445,2.06528,833.637
gen931,11.549,2.443,4500.37,0.628185,19.9221,2.53413,2.60745,838.7
gen932,11.648,2.52,4578.05,0.626982,21.1461,2.37569,2.40165,863.405
gen933,11.266,2.465,4256.78,0.631835,19.9829,2.29563,2.25327,861.785
gen934,11.518,2.498,4495.1,0.628865,20.6782,2.67084,2.57019,849.837
gen935,11.736,2.577,4498.21,0.624553,22.0886,2.52521,2.53665,814.4
gen936,11.197,2.008,4279.62,0.632694,15.9656,1.91534,2.06431,827.765
gen937,12.324,3.467,5459.31,0.622625,31.7133,2.86081,2.25999,929.825
gen938,11.44,2.497,4712.15,0.632417,19.9224,2.1783,2.20816,740.488
gen939,11.47,2.441,4938.59,0.633746,17.8724,2.08869,2.29714,703.633
gen940,11.542,2.705,4880.83,0.63219,22.5675,2.41053,2.38349,851.863
gen941,11.727,3.702,5342.76,0.634214,32.4862,2.49695,1.90283,967.693
gen942,11.906,2.404,4631.11,0.621974,21.2735,2.21825,2.3098,627.29
gen943,11.965,3.81,5623.02,0.632034,31.3573,2.9525,2.33853,992.195
gen944,11.703,3.287,5235.38,0.633048,28.1575,2.71901,2.33907,1015.08
gen945,11.422,2.574,4623.19,0.632114,22.8412,2.27077,2.23976,787.67
gen946,11.419,2.827,5130.54,0.637163,22.1999,2.34146,2.33791,885.478
gen947,11.06,2.38,4416.68,0.637358,17.1879,2.09453,2.36218,840.32
gen948,11.682,3.283,5492.69,0.635788,26.2419,2.34117,2.11549,862.797
gen949,11.55,2.001,4218.02,0.624887,16.5367,1.95358,2.15222,759.928
gen950,11.418,2.119,4227.44,0.627876,17.3146,2.19487,2.38604,783.62
gen951,11.45,2.114,3868.17,0.623978,18.4966,2.15899,2.38075,768.837
gen952,11.427,2.189,4296.58,0.62843,17.0674,1.87902,2.04714,706.467
gen953,11.281,2.034,4805.86,0.63575,16.0658,1.98796,2.16274,658.677
gen954,10.752,2.127,4445.41,0.643513,15.267,1.82437,2.1103,813.388
gen955,10.871,2.302,4384.11,0.640812,18.1727,2.01533,2.14988,837.89
gen956,11.782,2.171,4829.18,0.625912,16.8065,2.08133,2.44691,476.833
gen957,11.892,3.287,5431.72,0.630938,27.8236,2.35964,1.99562,807.515
gen958,11.243,2.52,4706.57,0.636446,19.393,2.15872,2.16681,844.775
gen959,12.376,3.869,5314.68,0.620927,34.4027,1.79732,1.42678,857.33
gen960,11.791,3.228,5383.32,0.632476,26.3786,2.07342,1.77434,772.483
gen961,11.559,3.092,5323.12,0.636467,23.2624,2.12698,2.08323,818.653
gen962,11.204,2.543,4466.67,0.635126,21.3547,2.1059,2.06528,861.178
gen963,11.629,2.289,4126.56,0.622923,19.3599,2.20262,2.20762,591.448
gen964,11.448,2.479,4809.99,0.633104,20.9852,2.19231,2.25817,735.223
gen965,11.304,2.803,5112.42,0.639319,22.4125,2.15552,2.32558,920.713
gen966,11.203,2.641,4473.34,0.635369,21.1023,1.91349,2.04317,771.875
gen967,11.496,2.511,4539.61,0.629739,20.5595,2.08751,2.23076,690.672
gen968,11.934,2.333,5299.61,0.627298,20.2736,2.18901,2.34256,552.365
gen969,11.556,2.503,5171.47,0.634182,20.6275,2.06572,2.07915,651.388
gen970,11.285,3.031,5038.19,0.639421,22.1283,2.07842,2.10244,802.25
gen971,11.953,3.379,5434.36,0.629864,28.7844,2.28733,2.15617,817.438
gen972,11.556,2.365,4190.13,0.62512,19.763,1.92273,1.89017,682.37
gen973,11.378,2.901,5257.1,0.639267,23.0818,2.1084,2.20357,841.94
gen974,11.455,3.012,4857.36,0.634275,24.9656,1.9958,1.85508,727.73
gen975,11.866,3.221,5366.37,0.630773,25.2696,1.77575,1.68123,758.713
gen976,11.628,2.942,4491.25,0.627314,25.9827,2.09709,1.81055,809.135
gen977,11.913,3.185,4883.83,0.625406,26.5062,2.16984,2.25397,824.12
gen978,12.21,3.393,4911.89,0.619913,30.3847,2.28481,1.99217,832.22
gen979,11.275,3.94,5319.42,0.643672,28.9846,1.77583,1.50289,1049.71
gen980,12.177,3.673,5081.92,0.622587,30.1228,1.85772,1.5587,752.233
gen981,11.744,3.846,5490.34,0.635433,30.1156,1.85421,1.59239,864.013
gen982,11.737,3.72,5550.82,0.635911,29.2882,1.7686,1.46485,866.24
gen983,12.087,3.551,5431.48,0.627376,29.8247,1.81198,1.60552,755.675
gen984,11.601,3.212,5371.1,0.636237,27.082,1.76751,1.54774,773.698
gen985,11.355,2.979,5432.5,0.641447,22.5842,1.55769,1.47014,774.507
gen986,11.602,3.107,5436.95,0.636634,23.9592,1.57948,1.48853,777.748
gen987,11.522,3.661,5714.64,0.641697,28.7801,1.94653,1.6963,1011.23
gen988,11.808,3.122,5119.12,0.629573,27.1941,1.70181,1.55839,688.85
gen989,11.909,2.559,5189.48,0.627196,22.3509,1.98549,1.97796,590.84
gen990,11.031,2.973,5261.01,0.64654,20.3703,1.53398,1.55472,882.238
gen991,11.62,2.888,5485.32,0.636335,22.5423,2.122,2.0855,704.442
gen992,11.897,3.383,5271.78,0.629556,26.6448,1.84962,1.70537,758.51
gen993,11.166,2.595,4347.35,0.634918,19.8964,2.0805,2.07339,804.478
gen994,11.832,3.112,5112.96,0.629008,27.5942,1.94302,1.70334,674.27
gen995,11.753,3.134,5027.83,0.629899,26.5186,1.74281,1.50692,725.705
gen996,11.648,2.646,5166.61,0.632489,21.5528,2.0076,2.26208,655.843
gen997,11.729,2.534,5124.97,0.630266,21.544,1.93994,2.06784,701
gen998,11.649,2.719,5074.62,0.631762,20.8332,1.72102,1.82155,678.32
gen999,11.922,3.875,5371.63,0.630762,31.0087,2.48788,2.07701,880.82