gen0,9.91,0.64,750.734,0.625054,0,0,0,25.55
gen1,10.48,0.33,1001.87,0.615105,0,0,0,-11.5075
gen2,9.6,0.5,863.668,0.632196,0,0,0,54.305
gen3,27.52,2.03,9425.31,0.344211,44.7481,22.5448,37.5446,-24.4675
gen4,9.61,0.53,912.369,0.632479,0,0,0,31.22
gen5,9.65,0.69,701.201,0.630025,0,0,0,51.065
gen6,10.15,0.42,819.332,0.620382,0,0,0,0.845009
gen7,10.06,0.48,920.544,0.623239,0,0,0,17.6525
gen8,9.47,0.44,850.243,0.634642,0,0,0,46.61
gen9,9.95,0.52,742.271,0.623957,0,0,0,31.4225
gen10,9.65,0.54,871.504,0.631308,0,0,0,43.37
gen11,21.24,1.12,8981.73,0.467523,39.0438,38.0478,62.4339,-70.03
gen12,9.47,0.7,898.861,0.635513,0,0,0,56.5325
gen13,10.16,0.52,971.172,0.62171,0.041876,0.020938,0.0212721,29.6
gen14,10.15,0.54,831.758,0.620694,0,0,0,15.425
gen15,10.13,0.65,681.032,0.619931,0,0,0,10.16
gen16,20.25,4.24,10791.8,0.509321,72.619,72.123,81.6975,18.26
gen17,11.52,0.59,1279.28,0.596702,1.21867,1.1037,2.09448,0.237495
gen18,23.66,1.78,9315.19,0.421983,62.6788,61.6385,79.3303,-60.9175
gen19,10.47,0.54,665.671,0.612635,0.0841574,0.0841574,0.0857633,16.235
gen20,10.31,0.54,846.279,0.617542,0.0209776,0.0209776,0.0214592,21.905
gen21,20.92,1.66,9344.62,0.478253,56.6225,55.7395,77.0721,-63.145
gen22,21.1,4.46,9436.48,0.480054,84.1814,83.0752,89.4676,9.1475
gen23,9.9,0.65,813.954,0.625845,0,0,0,48.8375
gen24,9.59,0.6,869.736,0.632622,0,0,0,39.725
gen25,10.11,0.51,868.418,0.621794,0,0,0,10.3625
gen26,10.88,0.43,823.947,0.605466,0,0,0,17.45
gen27,9.67,0.6,787.806,0.630244,0,0,0,45.395
gen28,14.49,0.54,3760.76,0.558029,6.8403,6.41099,10.2897,-36.01
gen29,10.19,0.62,1116.68,0.622571,0,0,0,38.105
gen30,9.37,0.54,890.222,0.63722,0,0,0,41.345
gen31,9.99,0.58,898.803,0.624646,0.0207383,0.0207383,0.0210881,39.725
gen32,9.69,0.52,674.67,0.628682,0,0,0,-3.8125
gen33,11.17,0.42,822.619,0.599488,0,0,0,-24.265
gen34,10.01,0.41,899.931,0.623962,0,0,0,43.37
gen35,9.85,0.48,943.784,0.627756,0,0,0,41.5475
gen36,10.79,0.57,709.699,0.606517,0,0,0,-20.8225
gen37,9.98,0.65,735.85,0.623501,0,0,0,33.245
gen38,10.87,0.36,570.701,0.603275,0,0,0,-43.0975
gen39,9.97,0.41,868.335,0.624498,0,0,0,32.6375
gen40,11.38,0.56,1334.51,0.600021,0,0,0,-26.8975
gen41,10.04,0.62,1396.12,0.628163,0,0,0,29.6
gen42,10.02,0.78,951.83,0.624841,0,0,0,18.26
gen43,10,0.52,923.447,0.624562,0.0415541,0.0415541,0.0421763,30.6125
gen44,9.83,0.59,954.101,0.628442,0,0,0,36.6875
gen45,9.99,0.54,730.369,0.623063,0,0,0,-21.43
gen46,9.42,0.52,952.543,0.636722,0,0,0,59.57
gen47,9.8,0.33,1120.51,0.630122,0,0,0,30.815
gen48,9.81,0.65,846.501,0.627984,0,0,0,16.0325
gen49,13.49,0.74,7995.52,0.616988,4.93642,4.28821,9.01009,-25.48
gen50,10.07,0.59,822.4,0.622334,0,0,0,43.5725
gen51,13.48,0.77,3583.85,0.577538,4.44201,4.05813,8.89474,8.7425
gen52,19.45,3.06,10463,0.520805,44.2775,43.6338,65.4905,-7.0525
gen53,9.14,0.64,894.307,0.642141,0.061187,0.061187,0.0626697,86.0975
gen54,10.31,0.64,1023.47,0.619304,0,0,0,16.8425
gen55,14.06,0.71,8328.04,0.608238,5.47904,5,14.0638,-10.495
gen56,21.65,1.9,5229.19,0.42664,43.6929,42.4132,62.261,-76.3075
gen57,11.36,0.66,2220.61,0.608573,1.53677,1.18551,2.7033,-7.255
gen58,10.64,0.46,1243.53,0.614215,0.474138,0.409483,1.34753,10.3625
gen59,9.84,0.48,949.353,0.628011,0,0,0,25.7525
gen60,10.3,0.69,1580.81,0.624608,0.5251,0.441084,1.19327,17.6525
gen61,27.36,1.46,8950.21,0.342267,60.6504,58.8618,72.686,-61.12
gen62,9.76,0.65,994.11,0.630338,0.226617,0.206016,0.462379,52.28
gen63,14.78,0.93,5660.31,0.569826,3.56059,3.25697,7.77867,35.27
gen64,11.29,0.61,2618.52,0.613506,1.25532,1.07599,3.32062,33.245
gen65,17.52,1.51,7973.08,0.535403,10.9375,10.4688,23.2198,-4.015
gen66,9.78,0.45,1728.75,0.636206,0.271512,0.250627,0.722175,38.7125
gen67,23.72,1.15,15297.1,0.473539,18.5696,18.1102,36.8791,14.8175
gen68,10.95,0.78,780.42,0.604221,0.194007,0.150895,0.352889,56.5325
gen69,23.1,2.04,9187.08,0.43275,34.8371,34.0852,54.2745,-50.185
gen70,10.39,0.6,743.26,0.615074,0.27957,0.258065,0.812294,18.26
gen71,15.15,0.54,6196.14,0.566409,4.89469,4.44972,12.3039,-26.4925
gen72,14.51,0.48,5158.51,0.570098,2.44632,2.1745,5.98675,-1.7875
gen73,12.59,0.8,4366.13,0.602885,1.91515,1.64848,4.77684,42.155
gen74,10.09,0.59,1980.59,0.632347,0.145439,0.145439,0.42203,22.1075
gen75,16.98,0.4,6450.39,0.530925,4.4817,4.17379,10.3403,-36.2125
gen76,16.24,0.81,13382.8,0.60918,8.78788,7.99242,19.8264,-24.0625
gen77,11.6,0.58,1158.31,0.593956,0.583876,0.494049,1.67535,-8.26749
gen78,11.96,0.62,8742.22,0.654893,2.27927,2.08733,6.91985,25.955
gen79,10.08,0.56,934.32,0.623086,0.084317,0.084317,0.257621,72.3275
gen80,19.15,1.38,8998.65,0.51098,16.8277,16.5735,32.6623,-27.1
gen81,10.74,0.53,1529.87,0.614857,0.67056,0.497512,1.87855,3.8825
gen82,20.45,2.46,7469.58,0.472352,69.5181,67.8313,81.5177,-47.1475
gen83,11.67,0.53,1751.24,0.597773,0.740056,0.693802,2.14434,11.375
gen84,22.29,1.79,8322.08,0.441164,56.3415,55.122,73.5003,-69.8275
gen85,14.63,1.2,6061.86,0.576967,8.87536,8.23454,18.4835,-16.57
gen86,19.05,1.93,6428.14,0.490814,33.4424,32.4607,54.9113,-59.7025
gen87,9.71,0.77,1101.5,0.63253,0.142566,0.0407332,0.0837872,22.31
gen88,20.7,4.12,8984.62,0.483626,59.3087,58.0518,73.8162,-20.0125
gen89,10.34,0.45,832.647,0.616654,0,0,0,4.08501
gen90,16.22,1.71,13081.2,0.608376,16.365,15.7489,31.1434,10.3625
gen91,12.26,0.6,3074.21,0.597694,2.47402,2.22662,6.56174,24.9425
gen92,10.52,0.35,1123.73,0.615415,0.347072,0.238612,0.41795,4.085
gen93,9.71,0.82,2167.11,0.642204,0.0801925,0.0601443,0.144241,56.735
gen94,13.52,1.12,6726.36,0.605583,6.45523,6.20264,15.2644,15.83
gen95,12.94,0.81,4971.81,0.601173,5.80717,5.1681,13.3943,9.55251
gen96,10.33,0.38,1122.96,0.619355,0.105152,0.084122,0.34137,5.5025
gen97,20.16,1.62,10291.4,0.502297,34.5095,33.5628,54.811,-63.145
gen98,10.55,0.62,759.19,0.611969,0.210659,0.126396,0.298762,7.5275
gen99,18.27,2.24,7180.05,0.514097,31.0384,30.0057,50.7548,-42.2875
gen100,11.28,0.88,2591.61,0.613919,3.06261,2.72232,7.04914,44.7875
gen101,15.55,0.87,8539.2,0.579841,8.7296,8.48119,19.9937,1.655
gen102,10.56,0.6,1331.61,0.616882,0.586701,0.521512,1.34095,23.93
gen103,11.33,0.77,3502.81,0.620911,3.55658,3.0485,7.64231,49.2425
gen104,10.52,0.66,3784.96,0.639883,2.67499,2.45207,6.67545,41.5475
gen105,14.22,0.85,11902.9,0.637363,8.25444,7.92899,19.6017,-6.44499
gen106,10.72,0.51,2123.4,0.620576,1.20563,1.02701,2.6936,34.6625
gen107,14.41,1.35,7525.08,0.594899,9.57719,9.22486,20.7241,28.9925
gen108,12.32,0.76,6444.65,0.627063,4.07362,3.7546,9.65615,12.3875
gen109,11.65,0.51,2084.91,0.601153,2.03562,1.82743,4.15704,15.425
gen110,15.82,1.33,9847.17,0.586841,15.3143,14.8571,30.4033,-9.28
gen111,11.8,0.76,3561.42,0.611781,2.82139,2.63936,5.48438,20.4875
gen112,17.66,2.84,9298.01,0.546672,31.6286,31.0824,50.9619,-4.42
gen113,11.86,0.69,3436.18,0.609306,2.32926,1.99005,5.17473,-19.6075
gen114,18.04,3.3,7917.5,0.527219,41.0366,40.4268,60.1452,-26.29
gen115,11.87,0.89,1921.32,0.595801,2.50177,2.12414,5.56461,24.74
gen116,14.65,0.99,11027.3,0.620896,9.42219,8.96257,19.8887,-12.3175
gen117,10.33,0.76,5891.35,0.662904,2.65934,2.3956,6.12245,61.3925
gen118,12.92,1.37,5342.73,0.605855,7.50138,7.00496,14.2894,11.78
gen119,13.64,0.73,5120.37,0.588018,5.59796,5.11733,12.5234,-13.1275
gen120,11.24,0.78,2673.49,0.61531,3.07028,2.79736,6.5713,19.88
gen121,12.08,1.12,6786.71,0.635665,5.43372,4.97076,11.3409,37.295
gen122,10.9,0.71,1822.99,0.614513,1.4261,1.1236,2.55291,23.525
gen123,11.67,0.82,4607.64,0.623964,3.69056,3.1701,7.17603,42.3575
gen124,13.34,0.76,4747.1,0.590862,5.36585,5.04065,12.3388,3.8825
gen125,17.42,4.46,8847.97,0.550245,35.6285,35.0739,51.2019,35.4725
gen126,11.96,0.81,4999.48,0.621525,3.4215,3.08178,8.03949,34.2575
gen127,13.47,1.25,7544.54,0.614189,8.0296,7.70074,16.8838,12.3875
gen128,11,0.47,2810.45,0.620949,1.50273,1.36612,3.50877,40.7375
gen129,17.28,2.4,5789.38,0.522156,19.0106,18.4791,34.106,6.92001
gen130,12.09,0.56,2245.43,0.593655,2.12512,2.05349,4.74728,14.21
gen131,13.47,1.15,5507.41,0.595688,6.31386,5.86848,14.069,-18.595
gen132,10.7,0.84,1584.78,0.616689,1.83175,1.51515,3.65029,53.6975
gen133,15.73,1.29,6206.16,0.555852,11.0923,10.6527,23.3216,-24.0625
gen134,10.96,0.8,3147.13,0.62535,2.71678,2.42246,5.85626,24.1325
gen135,12.62,1.66,8330.11,0.639379,8.81811,8.42327,18.0846,55.52
gen136,12.7,0.75,4298.36,0.599935,5.5291,5,12.9934,11.1725
gen137,20.47,3.51,9550.61,0.492421,62.7523,61.8349,75.552,-14.545
gen138,11.19,0.61,1899.72,0.609089,1.52031,1.42954,3.71873,-5.23
gen139,11.73,1.14,4660.84,0.623745,4.1256,3.85056,9.39227,35.8775
gen140,11.09,0.6,3515.38,0.625664,2.05105,1.86873,4.85393,18.665
gen141,9.78,0.42,1118.6,0.630665,0.335782,0.23085,0.362628,23.7275
gen142,9.82,0.63,980.994,0.628956,0.419375,0.356469,0.741368,50.255
gen143,13.36,1.76,7268.39,0.61481,12.1676,11.6185,23.4387,14.8175
gen144,10.36,0.81,6038.28,0.663695,2.44008,2.07299,4.70413,26.9675
gen145,17.8,1.59,11820,0.564415,27.9979,27.5225,48.9534,-41.275
gen146,10.08,0.49,3735.74,0.648182,1.56116,1.13345,2.80094,32.435
gen147,17.08,2.76,4786.15,0.517829,23.1111,22.7111,39.0312,-36.01
gen148,10.26,0.57,1425.63,0.623832,0.546218,0.39916,1.04701,14.21
gen149,15.97,1.78,10497.7,0.590369,16.7134,16.2725,31.9581,-12.3175
gen150,10.59,0.53,655.266,0.610063,0.148274,0.0847278,0.0863371,9.9575
gen151,14.43,1.07,6474.78,0.584569,9.30826,8.6707,19.3402,-27.505
gen152,11.63,1.05,6260.91,0.640047,5.42083,4.77889,11.2112,7.52751
gen153,16.69,2.23,9509.69,0.567458,22.4912,21.875,40.1695,-38.6425
gen154,10.55,0.77,5788.71,0.657484,1.86067,1.66595,4.76089,17.2475
gen155,18.93,3.76,12435.3,0.550389,60.6299,59.9213,77.2152,15.425
gen156,10.83,0.73,4911.91,0.643783,1.92563,1.63789,4.35258,22.715
gen157,17.23,1.57,9119.64,0.55177,17.5505,16.8771,33.9063,-35.4025
gen158,9.52,0.53,1293.35,0.637754,0.37594,0.292398,0.719424,31.8275
gen159,13.62,1.54,6967.9,0.606406,10.2329,9.95563,21.7552,-14.95
gen160,10.73,0.43,1488.18,0.614521,0.929127,0.713051,1.56965,3.88251
gen161,13.34,1.11,9750.11,0.636473,9.14959,8.36374,20.7773,16.4375
gen162,21.85,4.81,10736.5,0.476953,84.0119,82.9196,88.9479,2.6675
gen163,10.84,0.54,2982.17,0.625893,0.757248,0.562527,1.82094,1.25
gen164,12.48,0.61,10191.7,0.657255,4.63931,4.35891,11.7141,6.51501
gen165,9.9,0.43,854.696,0.625845,0.104998,0.0419992,0.0639386,14.0075
gen166,13.68,0.45,3385.88,0.57112,3.59188,3.07132,8.53567,-44.7175
gen167,10.57,0.67,1992.12,0.622738,1.43113,1.22987,3.32738,21.095
gen168,15.7,1.31,5958.33,0.55427,13.5717,12.7643,28.5939,-44.92
gen169,10.46,0.52,2101.12,0.625725,0.528318,0.422654,1.18178,15.83
gen170,14.44,0.87,10576.7,0.620948,7.88509,7.18215,18.3785,-25.6825
gen171,12.24,0.56,8325.37,0.645298,3.22972,2.84119,7.74148,-15.9625
gen172,17.06,2.42,10388.3,0.568092,26.762,26.047,46.7207,-3.40749
gen173,11.27,0.67,4041.78,0.626826,1.16972,1.0373,2.6584,-12.52
gen174,14.76,1.08,7385.58,0.586014,7.69724,7.4086,18.4399,-12.3175
gen175,14.2,0.37,4481.92,0.570185,4.43975,3.98671,11.5222,-47.9575
gen176,14.55,1.02,10896.2,0.621817,7.03473,6.67854,16.895,1.65501
gen177,12.08,0.5,6982.39,0.636393,2.63603,2.20073,6.26186,-6.44499
gen178,16.05,1.33,7786.11,0.563574,15.9863,15.4903,34.6131,-52.0075
gen179,13.12,1.24,10413.1,0.647169,9.03208,8.55374,20.1103,32.2325
gen180,18.36,2.9,10921.7,0.547026,36.5869,35.9405,54.6147,-15.76
gen181,12.15,0.62,7867.98,0.643127,4.03513,3.72656,10.0786,-7.8625
gen182,13.89,0.82,7224.22,0.601974,6.68223,6.18617,16.0362,-13.735
gen183,11.09,0.46,1529.77,0.60756,0.784998,0.67597,1.99027,8.74251
gen184,19.38,2.57,13027.1,0.544502,54.5057,53.4558,72.7273,-18.595
gen185,11.66,0.7,1572.23,0.59665,1.98675,1.71272,4.24807,0.845001
gen186,15.28,0.71,7404.73,0.574903,9.16138,8.66808,21.122,-43.3
gen187,10.39,0.7,3896.79,0.643622,2.49382,2.26915,6.39369,39.5225
gen188,13.33,1.24,6694.63,0.609395,8.89481,8.5486,22.0602,-8.46999
gen189,15.92,1.31,8782.05,0.575171,11.1408,10.5685,22.7212,-14.545
gen190,13.39,1,9342.61,0.631596,7.09421,6.72531,17.431,30.005
gen191,13.56,1.58,12335.9,0.656015,10.0221,9.52381,21.2357,54.1025
gen192,10.43,0.5,869.873,0.615226,0.0836645,0.0627484,0.0638706,-3.00249
gen193,11.14,0.7,5809.11,0.645449,4.21673,3.74558,9.36937,63.4175
gen194,13.22,0.67,12462.9,0.662616,5.14862,4.69745,11.7853,5.3
gen195,13.13,0.88,6644.1,0.612443,6.67568,6.05405,14.2001,-31.555
gen196,13.06,1.29,11653.5,0.659647,8.48214,8.06362,18.0738,34.6625
gen197,15.14,1.68,8372.47,0.588101,13.311,12.709,27.9057,-5.4325
gen198,12.11,0.55,3274.17,0.602487,2.36315,2.14613,6.02495,11.9825
gen199,17.27,0.97,8750.28,0.546626,10.4175,9.72807,24.0795,-29.935
gen200,11.07,0.7,2121.6,0.613697,1.96257,1.82565,4.7491,25.55
gen201,11.49,0.46,2196.46,0.605355,1.77031,1.42987,3.69619,6.7175
gen202,11.79,0.62,1989.49,0.597605,2.03118,1.74776,4.43246,-17.1775
gen203,21.03,3.29,9453,0.479689,67.1277,65.7447,78.8462,-30.745
gen204,10.37,0.5,939.834,0.617087,0.062383,0.062383,0.169635,14.4125
gen205,12.53,1.6,8914.47,0.646384,9.63165,8.97681,20.1984,66.455
gen206,11.67,0.41,5208.88,0.628691,2.41293,2.02595,5.53942,-9.28
gen207,12.54,0.7,12518.3,0.677114,4.68592,4.30598,10.6112,-1.7875
gen208,10.76,0.6,1639.85,0.615554,1.11483,1.00334,2.91176,11.1725
gen209,16.91,0.93,6360.73,0.532438,10.9501,10.306,22.3717,-51.4
gen210,11.44,0.49,4959.24,0.631296,1.34259,1.2037,3.39649,1.0475
gen211,15.31,0.79,7087.75,0.571568,9.49914,8.70466,21.8843,-31.15
gen212,10.47,0.68,1899.96,0.623977,0.461506,0.335641,0.960512,43.775
gen213,17.07,1.73,11444.7,0.576245,22.619,22.0476,42.6275,-16.3675
gen214,10.24,0.66,4034.05,0.647868,1.80696,1.45439,3.84028,87.92
gen215,18.57,3.5,8551.53,0.522387,46.3381,45.5168,64.007,-33.58
gen216,10.28,0.28,1088.14,0.619901,0.191408,0.127605,0.151712,5.90751
gen217,13.57,0.97,7752.31,0.613541,6.94406,6.33783,16.4918,-16.3675
gen218,13.94,1.43,12609.7,0.650435,10.0515,9.30699,20.647,15.83
gen219,9.45,0.56,687.313,0.633786,0.0625391,0.0208464,0.0212179,29.3975
gen220,17.87,1.67,12672.1,0.570781,25.0365,24.2572,46.1672,-54.4375
gen221,9.58,0.69,1087.32,0.634936,0.496792,0.331194,0.547253,59.7725
gen222,15.22,1.11,9447.64,0.595186,11.1496,10.5609,26.7739,-39.25
gen223,14.57,1.08,7037.43,0.586778,9.68461,9.01561,21.0008,-24.67
gen224,11.21,0.61,4675.4,0.633659,1.92047,1.55897,4.06468,9.35
gen225,14.12,1.65,8517.22,0.610277,10.9984,10.5547,24.4075,-9.0775
gen226,13.3,1.08,10854.3,0.647181,8.38907,7.74805,19.334,0.845001
gen227,10.47,1.13,5210.94,0.654525,2.63447,2.21734,5.43075,75.1625
gen228,11.71,0.81,5572.51,0.63181,3.93932,3.62124,9.85061,20.8925
gen229,11.75,0.49,4817.16,0.623658,2.38095,2.01465,5.54554,-11.1025
gen230,12.58,1.71,10316.3,0.658158,9.8877,9.33991,20.1573,46.205
gen231,9.9,0.81,2095.28,0.637643,1.15449,0.902603,2.09746,37.295
gen232,12.21,0.81,2186.45,0.591079,2.93262,2.49636,5.93585,-5.8375
gen233,13.78,1.08,10308.2,0.63242,8.81316,8.19624,19.7702,-20.215
gen234,13.06,0.78,11093.7,0.653758,5.06591,4.52313,12.1739,16.235
gen235,10.11,0.69,1872.71,0.631133,2.31959,0.558419,0.644759,50.4575
gen236,15.27,1.55,5488.47,0.559262,13.078,12.4914,27.1483,-15.9625
gen237,12.84,0.85,7017.43,0.621702,4.91292,4.49701,10.9548,12.995
gen238,13.5,0.71,10159.8,0.636211,6.54556,5.94002,15.203,-22.0375
gen239,10.67,0.89,6448.04,0.661157,3.2553,2.74247,7.48167,28.1825
gen240,13.82,1.65,9188.92,0.622476,11.2321,10.5787,24.1324,-10.495
gen241,13.26,0.62,3894.14,0.584593,2.94582,2.6828,7.19775,-43.3
gen242,12.74,0.59,4093.85,0.597008,2.17549,1.88542,4.92705,-40.06
gen243,11.49,0.44,1882.3,0.602495,1.22755,1.06842,2.85003,-5.23
gen244,10.61,0.61,4758.63,0.646716,0.826797,0.635997,1.31211,22.5125
gen245,14.22,0.72,3991.97,0.565948,6.44765,5.9257,15.3631,-50.3875
gen246,11.52,1.22,4651.42,0.628101,3.35917,3.07728,7.39557,26.765
gen247,13.66,0.81,8466.86,0.617859,6.28455,5.9936,15.4441,1.655
gen248,13.09,1.05,10067.3,0.644356,7.41236,6.6631,16.5039,-28.315
gen249,16.11,1.53,7376.99,0.558994,14.9886,14.6453,31.395,-24.4675
gen250,11.35,0.59,2970.14,0.615407,2.06649,1.79695,4.34492,14.8175
gen251,12.38,0.92,4334.82,0.607111,4.47951,3.99593,10.1173,8.94501
gen252,10.06,0.47,1114.06,0.624964,0.231092,0.168067,0.513149,2.06001
gen253,16.16,1.72,10234,0.583998,20.0331,19.2053,39.4539,-27.3025
gen254,10.64,0.93,5005.7,0.648858,2.68782,2.40141,6.15887,42.56
gen255,12.88,0.99,9031.51,0.639241,6.7665,6.40599,15.764,11.375
gen256,12.43,1.11,6994.37,0.630338,5.51776,5.08944,13.1902,28.5875
gen257,13.23,0.96,8364.84,0.626012,5.19004,4.82307,13.7864,20.69
gen258,13.33,0.63,7785.54,0.618197,4.92115,4.5677,12.2798,-3.60999
gen259,14.09,1.16,8023.27,0.60563,8.75421,8.32568,20.1206,8.94501
gen260,19.97,1.72,16407.2,0.561404,41.3764,40.7816,64.2174,-49.78
gen261,12.13,0.86,6061.14,0.627676,4.85986,4.5513,12.476,39.5225
gen262,13.99,1.39,7056.87,0.599367,9.76856,9.28765,21.6614,-2.59749
gen263,10.5,0.57,1383.86,0.618533,0.580645,0.451613,1.28261,20.285
gen264,12.92,0.73,12467.7,0.668914,5.84174,5.39033,14.0869,-25.48
gen265,10.07,0.65,2710.45,0.639426,1.64147,1.1879,2.78503,41.1425
gen266,11.63,1.53,8287.66,0.659088,4.85041,4.44243,11.2758,33.65
gen267,11.98,1.27,6324.91,0.63381,5.753,5.49732,13.0841,12.185
gen268,12.72,1.31,3788.85,0.595873,5.01988,4.69682,10.2637,-4.825
gen269,14.58,0.97,12462.5,0.635215,7.61786,7.30565,19.0846,-14.14
gen270,9.81,0.68,1583.78,0.634669,0.705687,0.643421,1.61392,40.13
gen271,12.71,0.79,3941,0.596581,3.68162,3.29271,8.46096,2.87
gen272,10.54,1.52,10243.3,0.699031,6.01831,5.56064,12.1219,83.06
gen273,15.27,1.36,8336.88,0.584581,12.7211,11.9048,27.2084,-20.62
gen274,11.31,0.63,1854.69,0.606255,1.38023,1.00178,2.59624,7.9325
gen275,12.47,0.8,4758.9,0.608881,4.50169,4.06837,10.5263,-13.33
gen276,11.25,0.64,1470.07,0.604041,1.19048,1.03324,2.80353,16.64
gen277,13.52,0.81,7695.88,0.613792,6.5675,5.86584,14.6518,-12.115
gen278,12.77,1.1,6977.35,0.623194,5.95366,5.65733,14.008,4.895
gen279,13.17,0.71,7913.64,0.622765,5.1795,4.85064,13.7696,-6.44499
gen280,12.03,0.48,3055.95,0.602047,2.35467,2.08487,5.59424,4.6925
gen281,12.72,0.56,3033.01,0.58782,3.62615,2.98774,7.00175,-10.6975
gen282,12.55,1.52,7904.66,0.636752,8.45219,7.89752,17.0979,41.345
gen283,10.57,0.76,1643.71,0.619752,1.3983,1.17981,2.53751,40.7375
gen284,13.29,0.65,6790.55,0.610096,3.9859,3.66052,10.3422,-19.2025
gen285,10.58,0.58,1528.62,0.618211,1.32551,0.956106,2.02703,25.55
gen286,11.77,0.66,5828.02,0.632629,3.50662,3.11427,8.06452,33.245
gen287,13.2,1.08,8497.23,0.628019,6.64021,6.11111,15.3162,-20.62
gen288,10.72,0.64,1677.97,0.616784,0.526537,0.42123,1.17647,16.0325
gen289,11.44,0.64,6350.71,0.644069,2.66125,2.16509,5.03773,-11.9125
gen290,10.02,0.57,1392.39,0.628456,0.78191,0.570583,1.15855,48.23
gen291,17.03,1.98,7334.47,0.54049,26.321,25.284,46.0746,-50.7925
gen292,9.22,0.59,1118.48,0.642434,0.701031,0.391753,0.72856,41.9525
gen293,17.4,2.67,8991.94,0.548967,31.9028,31.4374,53.1654,-17.38
gen294,10.92,0.42,4602.72,0.638637,1.5601,1.07669,2.77778,-8.2675
gen295,14.99,1.56,8883.67,0.595579,12.0281,11.3598,26.2643,-24.8725
gen296,13.44,1.05,4636.14,0.588296,7.42019,6.87374,18.1465,-26.695
gen297,10.24,0.55,1133.61,0.621581,0.30896,0.164779,0.295359,30.6125
gen298,15.05,1.14,8396.86,0.589267,14.1283,10.4876,25.2183,-41.68
gen299,17.11,2.15,7625.07,0.541747,24.6709,23.0132,43.7435,-5.8375
gen300,10.18,0.54,906.745,0.620753,0,0,0,46.0025
gen301,13.66,1.18,8724.27,0.620793,8.76274,7.83115,18.1936,-8.875
gen302,10.89,0.57,2088.19,0.616872,1.74482,1.26499,2.86707,-7.8625
gen303,18.44,2.61,8330.77,0.521583,40.2423,38.2015,60.1415,-30.9475
gen304,9.56,0.65,1301.61,0.637208,0.468909,0.448522,0.791337,47.6225
gen305,13.19,1.35,6436.07,0.610123,9.52381,9.0302,21.5067,5.705
gen306,10.12,0.55,1203.12,0.624668,0.353725,0.31211,0.760296,33.245
gen307,12.1,0.89,3959.89,0.60943,3.83965,3.52572,9.60074,32.84
gen308,10.22,0.69,1378.63,0.624429,1.62447,0.337553,0.934579,46.4075
gen309,9.69,0.64,1189.26,0.633514,0.350082,0.144152,0.25152,51.47
gen310,9.9,0.6,1013.33,0.627556,0.289555,0.227508,0.401437,18.665
gen311,18.75,4.36,9561.55,0.529218,61.6725,60.9059,76.1461,9.35
gen312,10.91,0.84,6483.11,0.656466,1.88596,1.71053,4.17936,23.525
gen313,12.48,0.72,5806.13,0.617968,4.99875,4.49888,12.1974,-16.7725
gen314,11.49,1.34,8271.66,0.661499,6.49259,5.90449,13.9825,71.72
gen315,13.52,1.34,7879.09,0.616325,9.16643,8.50759,19.3327,10.3625
gen316,10.1,0.39,1289.64,0.62559,0.328745,0.246558,0.460155,19.2725
gen317,14.57,1.08,8309.82,0.598229,10.1057,9.20398,21.5744,-38.6425
gen318,11.26,0.84,7152.5,0.655311,3.9818,3.36746,8.62144,5.0975
gen319,17.26,1.63,11321.3,0.57107,27.8689,24.9759,47.1272,-37.4275
gen320,11.65,0.74,2404.76,0.604415,3.66061,3.27273,8.35278,-3.60999
gen321,13.88,1.18,11320.9,0.63965,10.5758,9.84848,24.2596,14.615
gen322,11.43,0.78,4793.86,0.630496,3.59844,3.46092,9.13302,16.235
gen323,12.97,1.58,6317.39,0.613951,9.60086,9.06149,18.2471,-5.4325
gen324,11.26,1.05,8340.49,0.666353,4.76412,4.462,10.7522,24.5375
gen325,10.55,0.6,4383.26,0.644552,1.49411,1.11532,2.71935,22.715
gen326,14.78,2.53,9990.03,0.61146,19.6279,19.0441,35.89,23.525
gen327,11.39,0.61,1599.7,0.602286,1.84435,1.34953,3.78924,-2.8
gen328,11.32,0.78,5313.77,0.637432,2.48307,2.18962,4.70958,-17.38
gen329,15.44,1.52,8379.72,0.581746,12.4424,11.8499,25.6483,3.07249
gen330,11.22,0.58,2116.54,0.610374,4.07341,1.05192,3.28649,-11.5075
gen331,12.86,1.65,7293.85,0.625113,8.3603,7.79396,15.7567,18.8675
gen332,11.58,0.84,4422.81,0.62418,3.75,2.40741,6.19788,8.135
gen333,14.91,2.32,5565.38,0.568622,23.8063,9.99318,22.5815,1.85751
gen334,14.44,1.78,6109.75,0.582262,12.7975,11.3447,24.804,3.47751
gen335,11.25,0.78,3362.98,0.62131,3.03993,2.22323,5.01006,36.2825
gen336,15.25,2.47,4523.93,0.552524,42.5197,5.88839,9.98175,11.375
gen337,15.55,2.79,6291.98,0.562816,41.9243,6.49531,11.1317,63.215
gen338,11.12,0.61,1500.1,0.606928,2.8116,0.575603,1.52009,4.085
gen339,18.17,3.84,5477.56,0.503493,72.1438,1.06975,3.21744,11.9825
gen340,14.34,1.85,4571.39,0.570585,20,2.24818,5.99606,13.805
gen341,21.1,3.68,6686.34,0.454003,86.3235,4.57618,6.41289,16.64
gen342,15.55,2.44,5715.64,0.557046,28.5982,2.68498,4.24061,35.27
gen343,13.76,3.27,6123.18,0.598815,38.1948,2.29226,3.68345,69.29
gen344,13.73,3.46,4926.78,0.58898,41.209,1.2787,3.36201,39.1175
gen345,10.72,0.46,1052.8,0.610857,0.953,0.368204,1.19643,-21.025
gen346,14.81,2.83,5984.05,0.575291,38.8551,2.07065,4.53342,29.195
gen347,17.05,1.88,4552.23,0.514873,36.6904,1.75964,3.93977,10.3625
gen348,13.21,1.46,2763.37,0.576842,16.8327,1.20051,3.44828,-7.65999
gen349,15.67,2.93,4987.18,0.548845,41.9201,3.82644,7.3249,5.0975
gen350,13.78,1.67,4481.18,0.58096,28.5756,2.84875,5.90152,-2.5975
gen351,13.77,2.63,4146.49,0.579753,28.1198,2.21041,5.24776,57.3425
gen352,15.94,3.58,5899.18,0.552598,51.4087,5.25217,9.7386,33.65
gen353,13.19,1.61,3787.96,0.586724,17.3243,2.13514,6.12508,11.9825
gen354,17.03,1.85,4715.25,0.5167,33.689,4.07774,8.14051,-17.1775
gen355,15.01,1.71,4741.15,0.558136,22.0767,3.21172,7.4541,-26.8975
gen356,13.42,1.66,6312.47,0.60481,17.2501,3.38841,9.22351,14.8175
gen357,13.56,1.63,5059.75,0.590613,17.5325,4.77132,11.5451,4.6925
gen358,13.68,1,3126.72,0.569705,11.9134,2.05498,5.76317,-16.3675
gen359,13.69,2.2,4716.86,0.585811,17.221,1.93133,5.3325,-5.0275
gen360,13.23,1.34,4183.05,0.589009,15.1376,1.99676,4.51011,9.1475
gen361,12.63,1.24,3919.23,0.598776,13.4417,2.60578,6.77175,20.285
gen362,13.17,2.85,5686,0.606283,26.5684,3.59249,6.95187,42.155
gen363,12.89,1.1,5357.57,0.606154,5.26586,3.26227,9.37352,-4.825
gen364,13.06,1.46,4403.51,0.59468,16.0988,1.56047,3.38403,31.4225
gen365,16.02,3.46,6426.84,0.555506,44.5648,1.79478,4.66027,31.0175
gen366,12.49,1.09,4009.09,0.602206,8.24216,2.11524,5.30424,5.90751
gen367,12.96,1.35,4320.23,0.595799,16.2674,2.57963,6.10539,23.525
gen368,17.25,2.28,5591.1,0.520787,50.1577,4.5516,7.2587,-18.19
gen369,12.34,0.87,4479.91,0.609154,6.57957,1.73397,5.23122,5.0975
gen370,10.91,1.13,5213.36,0.645522,6.05729,1.44325,3.17014,30.005
gen371,13.24,2.27,6005.01,0.606752,23.7878,2.27699,6.07167,17.2475
gen372,11.35,2.47,4552.47,0.632781,20.1829,1.48571,3.57143,85.49
gen373,15.05,1.77,4960.64,0.559391,23.5294,1.65066,3.91875,17.855
gen374,13.02,2.51,5693.77,0.608863,22.9031,2.20994,4.82499,63.0125
gen375,14.99,1.94,3804.88,0.550503,27.4115,2.04518,5.59157,-14.3425
gen376,13.39,0.94,2868.05,0.573225,12.7666,2.04611,5.19143,-6.85
gen377,19.36,3.51,5338.94,0.477285,61.297,3.71747,4.6401,12.3875
gen378,15.19,2.1,5676.76,0.563514,31.6758,1.87278,5.0345,-9.27999
gen379,11.88,2.58,4843.73,0.624714,21.3551,2.38318,4.87188,76.175
gen380,17.03,2.42,4268.02,0.513625,38.2586,1.58311,4.15875,24.5375
gen381,14,2.1,4074.81,0.573507,20.5209,1.17344,2.62262,26.9675
gen382,14.14,2.33,3573.92,0.56651,39.0706,1.52858,3.35827,2.87
gen383,13.6,2.2,4842.53,0.588788,18.5909,2.69992,6.39261,30.815
gen384,13.62,2.91,4595.82,0.587341,27.1003,2.37029,4.91071,96.2225
gen385,10.89,0.79,2731.05,0.623024,4.41891,0.751215,2.09704,85.6925
gen386,20.14,3.43,4675.51,0.455181,66.3882,2.16216,5.27888,-15.1525
gen387,15.49,1.03,3975.22,0.540263,18.4029,2.82616,6.18309,-40.87
gen388,20.75,3.79,5674.34,0.452258,74.7093,2.71318,3.53243,14.0075
gen389,10.78,0.95,4801.2,0.644179,4.34109,0.819491,2.21867,48.23
gen390,14.26,1.34,3014.13,0.55736,14.6704,2.24404,4.50639,31.8275
gen391,15.29,1.78,4737.35,0.552475,19.9941,2.69716,5.28338,36.6875
gen392,13.86,1.07,2818.44,0.563354,14.7513,2.28702,5.53853,-3.60999
gen393,16.29,2.19,3741.54,0.523683,27.1895,2.38023,6.29744,-3.61
gen394,17.72,2.28,4815.17,0.504162,41.378,2.67717,5.00571,-0.774994
gen395,15.62,2.03,3962.05,0.539144,22.5953,2.3291,5.05551,8.135
gen396,15.03,2.61,5171.38,0.563098,29.8868,2.38379,5.34759,29.3975
gen397,13.64,1.85,3161.93,0.572259,23.1309,3.23887,6.8394,35.4725
gen398,15.99,2.85,4778.91,0.540273,40.5862,2.67601,4.39276,32.6375
gen399,15.15,1.36,4500.44,0.552514,18.6391,1.86391,4.55189,7.52751
gen400,18.04,4.01,5355.95,0.505348,61.9561,1.87957,3.39524,62.81
gen401,12.65,2.04,4858.81,0.608155,16.4582,1.39809,3.14099,42.56
gen402,15.53,2.92,4600.2,0.548217,47.6913,2.73747,4.09994,19.88
gen403,10.38,2.36,4235.79,0.649645,17.0272,1.15656,2.74653,91.97
gen404,20.53,3.59,4890.5,0.449382,77.1101,1.88073,2.03112,4.49
gen405,16.19,2.01,5023.51,0.536972,32.9857,1.7927,3.18159,-8.065
gen406,15.29,2.79,5525.89,0.561255,37.1337,2.57649,3.19212,39.725
gen407,23.26,4.67,6792.54,0.412301,81.2006,1.30293,1.25396,46.205
gen408,10.79,0.63,2365.47,0.621519,2.08198,0.260247,0.725368,66.455
gen409,16.32,3.72,5272.82,0.539399,51.123,3.41938,3.23827,28.9925
gen410,14.85,2.84,5551.43,0.570594,33.5234,3.35868,4.47236,33.245
gen411,14.37,3.4,5554.6,0.581402,34.006,2.45432,3.02881,43.9775
gen412,14.18,2.37,6222,0.589589,21.6619,2.66527,4.09822,37.9025
gen413,15.83,4.65,5618.87,0.554115,48.8688,1.80995,2.48186,67.67
gen414,13.08,2.47,4818.18,0.599685,23.3822,2.40142,4.8833,35.0675
gen415,24.63,3.28,5830.85,0.373226,90.367,1.03211,1.40504,15.6275
gen416,11.96,1.26,3551.99,0.609247,10.6039,1.47472,4.00076,46.0025
gen417,13.07,3.58,5216.75,0.605328,36.6798,2.45059,4.52515,65.645
gen418,16.26,3.12,4790.62,0.53529,43.8875,2.81371,4.06467,28.79
gen419,14.55,1.62,4389.38,0.564256,19.715,2.12271,5.01954,-23.455
gen420,16,2.21,4358.27,0.535215,36.6317,3.01593,7.49349,-14.95
gen421,11.57,1.8,6105.72,0.641131,15.1479,1.56213,3.50308,43.775
gen422,17.14,3.48,5925,0.528048,55.9724,1.64625,3.73444,1.0475
gen423,14.56,2.58,4488.09,0.566539,32.4324,3.34205,6.46536,17.2475
gen424,13.79,4.56,6004.66,0.599283,41.8719,3.22934,5.64371,96.2225
gen425,12.36,1.57,3683.07,0.602739,15.7659,2.29141,5.55659,24.335
gen426,17.53,4.17,4909.47,0.512058,68.2153,2.21239,4.35044,32.2325
gen427,12.08,1.71,4953.01,0.620145,12.6461,2.08041,4.04058,69.695
gen428,16.92,1.61,3928.24,0.511473,27.8477,3.47682,6.07756,-4.6225
gen429,13.98,2.57,5390.58,0.586542,27.3497,2.26776,4.45754,36.485
gen430,18.18,2.41,6410.55,0.509301,46.1034,3.03527,4.57879,-16.57
gen431,12.7,3.51,6357.59,0.623068,27.0742,2.45027,4.99634,96.425
gen432,18.61,3.28,4613.2,0.485755,61.9106,2.05002,2.74725,28.385
gen433,17.24,1.86,4532.82,0.510767,29.1592,1.53846,2.88034,-26.4925
gen434,15.25,1.97,4154.81,0.548369,26.5682,2.05066,4.00223,8.74251
gen435,13.57,1.43,4196.34,0.582304,16.4304,1.31234,3.48733,22.5125
gen436,13.63,2.52,4295.02,0.583778,30.5825,2.21143,4.58921,41.345
gen437,13.8,1.9,5654.56,0.591494,24.6405,1.29978,3.97878,46.205
gen438,13.28,1.77,5879.1,0.603964,22.3523,1.68799,4.39662,45.8
gen439,17.86,1.89,4927.58,0.501652,27.2294,1.87156,2.66125,10.3625
gen440,13.21,3.05,4385.89,0.594095,33.461,1.48148,3.33035,61.7975
441,13.25,2.58,5313.41,0.600839,23.8375,1.53296,2.91872,29.6
gen442,12.23,1.08,3903.09,0.606569,11.335,0.946602,2.37589,31.0175
gen443,16.38,3.47,5320.25,0.538178,61.7367,1.62372,2.5425,38.51
gen444,12.08,1.39,2555.29,0.598032,16.3645,1.58927,2.96181,32.2325
gen445,16.22,3.8,5246.3,0.541345,60.6018,1.08467,1.82864,22.1075
gen446,13.36,1.89,4432,0.5895,18.5225,1.47216,2.96351,34.865
gen447,21.84,4.32,5381.6,0.428147,85.5288,0.865385,0.774501,23.12
gen448,21.15,3.51,5564.97,0.442601,83.0291,0.838678,0.606157,19.07
gen449,13.89,1.57,4310.09,0.576997,16.6126,1.24257,2.42241,12.3875
gen450,15.19,3.59,6099.21,0.569799,36.5882,2.00523,2.62088,57.14
gen451,14.18,2.07,4300.52,0.571796,29.4651,1.69541,4.04865,-9.8875
gen452,18.21,3.33,4752.9,0.4953,67.817,1.0395,1.6534,4.895
gen453,16.5,5.48,6051.2,0.545645,71.8973,1.36452,2.14351,73.5425
gen454,13.37,2.28,5998.35,0.604042,20.495,1.80459,3.92679,23.3225
gen455,16.67,1.62,2986.07,0.508139,29.8299,2.38095,5.08297,-49.78
gen456,14.56,1.74,4784.29,0.567805,21.2562,1.30852,2.43816,26.36
gen457,21.25,4.07,5330.04,0.439369,77.2291,1.05167,1.77407,33.0425
gen458,11.41,2.21,5310.44,0.637939,16.5123,1.41093,3.38589,56.9375
gen459,12.42,3.2,4756.08,0.613882,27.3308,1.25414,1.79574,59.165
gen460,17.05,2.99,6221.46,0.531746,43.351,2.61023,2.37397,41.5475
gen461,12.65,2.65,5482.7,0.614787,23.6665,1.58578,1.91093,67.8725
gen462,20.9,5.25,5696.78,0.451816,77.9006,0.934977,0.622961,49.445
gen463,14.25,2.82,5756.77,0.584716,29.0755,1.34026,1.57503,52.685
gen464,19.16,3.53,6133,0.488568,57.5136,2.2185,1.97107,47.2175
gen465,20.68,3.77,6640.09,0.462352,73.8583,1.49115,0.951572,32.435
gen466,13.97,4.02,5333.81,0.588653,49.1425,1.30101,0.870942,64.43
gen467,15.23,2.99,5153.92,0.559471,37.3591,1.39466,2.00197,27.7775
gen468,15.55,4.86,6721.33,0.57013,56.1153,1.22306,0.799484,86.3
gen469,12.81,4.02,6363.78,0.621718,45.5682,1.52257,0.965274,127.61
gen470,18.95,3.69,5554.1,0.487932,66.5244,1.59038,0.967033,28.385
gen471,12.33,2.87,7681.07,0.641503,17.798,1.02157,1.37124,52.4825
gen472,17.24,4.07,5189.58,0.520361,62.2132,1.51739,1.0917,38.105
gen473,14.13,4.88,6369.55,0.596126,43.5033,2.0915,1.66035,80.0225
gen474,12.95,2.7,5600.23,0.609774,29.0564,1.997,3.24006,58.9625
gen475,18.95,4.53,5790.36,0.491458,78.6489,0.667223,0.245767,41.5475
gen476,11.42,1.78,7447.97,0.656255,11.7661,0.947758,2.16411,33.8525
gen477,19.58,3.61,4699.3,0.467182,77.9691,0.883002,0.362465,7.9325
gen478,14.15,1.98,5160.26,0.579999,22.9348,1.51218,1.92449,1.0475
gen479,14.73,4.19,6199.06,0.581134,39.2278,1.31505,1.40845,42.3575
gen480,28.61,2.38,6077.75,0.292307,86.7236,0.776398,0.287102,-16.7725
gen481,14.7,2.53,5980.5,0.577015,27.618,1.58228,1.76518,67.0625
gen482,13.9,2.29,5279.35,0.586715,20.6637,1.37412,2.34164,46.8125
gen483,15.17,1.98,4184.59,0.550295,29.5824,1.81702,2.20472,-22.24
gen484,14.24,2.77,4970.39,0.57776,27.9989,1.74635,1.82589,57.95
gen485,12.52,2.72,4151.81,0.605592,18.4842,1.25921,2.2409,37.4975
gen486,17.88,4.02,5897.73,0.513523,50.8266,1.75041,2.05252,53.9
gen487,17.12,2.57,5557.85,0.523637,37.1499,1.61064,2.70738,10.16
gen488,15.12,2.49,7826.63,0.584949,22.0734,0.640652,1.54804,21.905
gen489,16.86,2.98,6107.89,0.534604,49.9488,1.77535,2.06269,22.31
gen490,17.82,3.56,6208.05,0.51678,45.9814,1.9317,1.84029,26.36
gen491,13.84,2.7,5566.23,0.591211,22.3772,1.18057,1.76535,44.18
gen492,18.98,2.83,4483.43,0.476247,58.3587,0.955276,1.75027,4.895
gen493,18.79,2.21,5905.02,0.491905,46.6304,1.38133,1.89952,5.9075
gen494,15.64,4.29,6804.94,0.568087,56.3552,1.25454,1.67962,52.8875
gen495,17.83,2.71,5399.77,0.507884,49.3863,1.26354,1.50483,-8.875
gen496,17.52,3.72,5791.99,0.519456,55.919,1.28505,1.20859,49.2425
gen497,17.16,3.67,4671.28,0.516671,60.0212,1.20184,1.37355,41.5475
gen498,13.54,3.15,5464.12,0.597196,32.5119,1.35135,2.65515,58.76
gen499,18.19,3.24,4929.73,0.497152,65.9742,1.12173,1.89929,10.16
gen500,14.85,3.06,5209.01,0.567879,37.8038,1.31772,2.04628,10.7675
gen501,17.73,5.68,6635.98,0.526011,77.9673,0.435572,0.582954,65.8475
gen502,12.84,1.79,4398.86,0.599701,16.8926,1.09489,3.21901,20.0825
gen503,15.84,5.19,6367.94,0.561551,53.8147,1.49079,1.6454,70.3025
gen504,14.52,2.24,5368.58,0.574717,34.2114,0.909376,1.91045,26.1575
gen505,16.6,3.08,5524.21,0.534851,37.4805,1.12535,2.05363,26.765
gen506,15.55,3.04,5467.06,0.555809,29.3625,1.46663,2.55591,9.95751
gen507,20.71,4.3,6389.36,0.460363,65.9479,1.2205,1.54562,42.155
gen508,15.75,4.61,5775.19,0.557096,50.1456,1.39779,1.91369,55.115
gen509,12.08,2.32,5468.06,0.625797,13.3157,1.58349,4.19162,45.5975
gen510,14.49,2.68,5058.63,0.573276,36.7475,1.55735,3.62362,33.4475
gen511,16.46,3.27,5143.28,0.534611,42.2525,1.82927,2.7372,6.11001
gen512,18.64,2.57,5806.06,0.494692,46.0487,2.64844,4.32368,-13.5325
gen513,15.76,3.04,5613.22,0.552816,48.9753,1.38937,2.24826,22.9175
gen514,17.25,3.34,5235.32,0.519351,51.5252,1.02903,1.44858,10.565
gen515,15.41,1.9,5734.45,0.559187,22.0137,1.10217,2.22631,-5.4325
gen516,14.62,2.27,4261.05,0.562748,22.9737,2.12409,3.41043,50.8625
gen517,14.21,5.23,4958.57,0.582369,44.734,1.35638,1.79569,120.523
gen518,14.01,2.35,5687.97,0.588237,32.2629,2.022,3.31307,20.285
gen519,15.78,1.42,4002.91,0.535213,22.3451,1.77554,3.30451,-37.0225
gen520,18.13,5.69,5935.73,0.51152,62.3632,1.64198,1.7941,104.727
gen521,12.58,1.46,5053.45,0.610376,15.665,1.10837,2.29456,62.405
gen522,12.77,1.23,5409.84,0.609303,13.1715,1.21384,3.50877,29.195
gen523,14.52,2.49,6388.47,0.584313,26.3793,1.47724,2.84831,33.65
gen524,16.97,2.18,6493.86,0.534488,27.8504,3.7037,8.56313,-5.83749
gen525,15.24,2.6,5796.52,0.564399,23.0366,1.33799,2.65852,49.445
gen526,18.61,1.54,8369.01,0.516657,27.4698,4.12225,8.00721,30.2075
gen527,14.71,2.25,5247.14,0.569744,22.042,3.38462,8.75092,2.87001
gen528,15.37,1.83,4875.56,0.552161,19.7962,5.40457,12.4943,-13.5325
gen529,17.51,1.2,6654.08,0.52322,19.6538,4.27699,9.85948,-5.83749
gen530,14.2,0.88,6038.76,0.585046,9.27544,0.873587,2.92693,-1.585
gen531,15.42,1.26,5285.07,0.553871,14.2988,1.70368,3.44176,-1.17999
gen532,19.83,3.07,6735.9,0.479483,50.2591,1.71383,2.56752,-15.5575
gen533,17.21,2.9,3777.25,0.506316,39.414,1.81374,4.08575,-11.1025
gen534,15.81,2.26,5700.6,0.551277,34.1817,2.12629,3.18528,1.8575
gen535,16.44,2.85,3862.04,0.52279,38.0985,2.309,4.50139,-11.9125
gen536,13.87,3.12,5599.09,0.591592,35.1451,1.90666,4.27476,28.79
gen537,15.36,2.1,8043.78,0.58133,26.6558,4.05844,8.66679,29.8025
gen538,14.74,2.96,7564.49,0.591168,28.4444,1.47222,2.61708,96.83
gen539,18.01,2.16,4354.27,0.493865,50.0197,1.22192,2.30932,-28.5175
gen540,20.09,3.5,6082.5,0.468986,60.2637,1.8022,1.91827,7.9325
gen541,16.71,2.48,5719.26,0.53335,38.9738,1.63755,2.72109,-6.6475
gen542,16.16,3.34,6451.15,0.552653,36.314,1.27311,1.98844,53.09
gen543,15.08,1.83,5521.92,0.563927,22.067,1.60116,3.73574,6.51501
gen544,19.49,2.38,5142.44,0.470967,49.7394,1.17289,2.00474,-30.1375
gen545,20.6,2.55,6853.04,0.463876,48.3267,0.59761,1.20769,35.8775
gen546,17.48,2.59,6000.52,0.52027,44.0418,1.30743,1.76963,11.5775
gen547,17.42,2.22,5513.91,0.516505,37.1408,1.32902,2.53849,14.615
gen548,17.25,3.49,5999.32,0.526477,50.687,1.0026,1.83702,13.1975
gen549,14.83,4.22,6592.73,0.582676,44.3471,0.985491,1.76228,74.96
gen550,14.82,2.44,5411.08,0.569279,30.4727,1.50557,3.02629,-6.6475
gen551,15.27,2.22,7004.07,0.574019,22.5215,1.77567,3.88544,27.3725
gen552,12.08,1.75,6597.04,0.635008,14.5879,1.16703,2.30148,69.29
gen553,12.59,2.98,5369.34,0.615547,27.992,1.45218,1.85357,49.445
gen554,13.57,1.77,5059.25,0.590637,22.1836,1.92668,3.95863,39.32
gen555,15.23,2.62,4621.9,0.554066,33.6518,2.0006,2.47882,14.0075
gen556,15.99,3.14,4418.38,0.537512,38.6557,1.61192,2.21091,-2.1925
gen557,16.71,2.79,6582.41,0.541635,32.3822,1.50689,2.53475,41.9525
gen558,15.58,2.44,4379.49,0.544405,27.9766,1.9124,3.59747,32.435
gen559,13.83,2.53,4431.02,0.580916,32.128,1.61335,3.14088,70.1
gen560,16.2,2.53,5790.18,0.544533,42.2168,2.05003,2.69504,-10.9
gen561,15.85,2.43,6108.16,0.554408,29.0859,1.20037,2.23427,32.84
gen562,19.29,2.39,4738.97,0.471455,49.8907,1.79274,2.14259,-32.9725
gen563,17.74,2.3,6081.79,0.515185,36.9086,1.66125,2.25324,31.4225
gen564,25.89,3.28,5944.3,0.348401,65.5351,0.805524,1.0445,14.4125
gen565,18.09,3.37,5848.1,0.507685,42.9222,0.875964,1.97346,24.74
gen566,13.73,4.12,6284.88,0.602302,33.0809,1.33159,2.83238,81.2375
gen567,15.38,2.55,4990.93,0.554194,28.8765,1.42371,2.51739,24.335
gen568,19.89,3.26,6677.87,0.478047,48.0032,1.35783,1.46543,20.4875
gen569,21.56,3.8,6860.34,0.446333,49.7272,1.59463,1.41493,57.7475
gen570,14.98,1.93,6481.64,0.574782,22.3793,1.17786,1.75631,22.31
gen571,15.17,2.9,6471.12,0.572407,33.814,1.14773,1.55177,60.5825
gen572,15.67,3.36,6620.15,0.564258,30.9531,1.0784,1.48328,70.3025
gen573,14.95,3.16,6396.73,0.576683,35.7407,1.32716,1.64942,55.7225
gen574,14.96,2.42,5458.41,0.5668,32.3635,1.31974,1.5373,2.6675
gen575,15.99,2.72,5657.46,0.547963,32.251,1.24883,2.31466,33.65
gen576,15.38,3.39,6025.39,0.564904,40.2765,1.25668,1.05294,50.4575
gen577,13.51,2.76,5913.61,0.601207,27.1003,1.13821,1.86265,34.055
gen578,16.07,4.15,6425.17,0.555615,47.517,1.91496,1.74369,47.015
gen579,14.17,2.16,4088.81,0.570245,23.6965,0.849443,1.80612,-16.7725
gen580,13.79,3.57,5521,0.59328,31.2598,1.25457,1.68758,41.9525
gen581,20.37,2.74,4971.77,0.451979,52.0571,2.47691,3.15175,13.4
gen582,12.98,1.98,5445.16,0.606563,18.668,1.06462,2.13653,-21.025
gen583,20.18,2.79,5502.47,0.460736,54.876,1.81818,1.23916,10.7675
gen584,21.31,3.33,5926.57,0.442274,77.266,1.3373,0.602704,14.8175
gen585,17.23,5.52,6210.68,0.532173,76.4158,0.78853,0.452279,74.3525
gen586,14.69,2.35,4886.14,0.567071,22.5662,0.892608,1.76781,23.12
gen587,16.21,1.32,4205.2,0.528047,24.0528,1.1502,1.31505,-51.4
gen588,11.85,2.89,4906.11,0.626408,20.9266,0.971751,1.58506,89.54
gen589,17.79,2.87,4804.73,0.503616,55.7612,1.51114,1.34259,-15.5575
gen590,13.44,3.11,5255.5,0.597303,27.4194,1.19667,1.49864,46.205
gen591,14.53,2.08,4450.74,0.565985,31.8018,0.900901,1.01856,4.08501
gen592,16.22,2.58,4889.84,0.536103,32.4927,1.13159,1.37084,14.615
gen593,21.41,4.19,6240.19,0.444478,68.4516,1.70195,1.36671,62.6075
gen594,14.97,2.85,5774.7,0.570158,30.9351,1.20381,2.08499,52.4825
gen595,21.32,2.94,6279.83,0.444598,62.2273,1.59091,1.11268,26.1575
gen596,15.09,3.88,4702.38,0.559762,54.9216,1.59875,1.89308,35.4725
gen597,18.2,4.3,5471.06,0.503586,66.3899,1.10716,1.03582,21.095
gen598,13.08,1.97,5074.57,0.60116,19.7237,0.818624,1.77534,29.6
gen599,13.94,4.87,5942.39,0.596162,52.6616,1.00489,1.35574,65.24
gen600,13.81,4.01,6694.41,0.604164,33.5105,1.16426,1.78058,89.3375
gen601,14.23,3.18,5183.68,0.580569,24.4893,0.864327,1.91655,76.58
gen602,14.31,2.18,4732.86,0.573203,30.1621,1.02041,1.48649,9.1475
gen603,13.31,2.08,4069.33,0.587578,23.4333,1.20514,2.3252,6.11
gen604,14.79,2.3,5078.23,0.566666,33.2527,1.45103,2.92079,19.475
gen605,14.92,1.63,5731.56,0.568762,17.6033,0.881543,1.89808,2.6675
gen606,16.07,2.11,3906.44,0.529546,35.614,2.03509,2.61473,-13.9375
gen607,14.01,2.66,4722.67,0.580066,26.8396,1.00582,2.58915,17.2475
gen608,13.17,2.51,5257.24,0.601857,23.8967,1.25376,2.33372,-0.977493
gen609,12.37,1.81,6344.55,0.626887,19.634,0.816024,1.4857,39.5225
gen610,13.36,2.77,4485.27,0.591446,29.7679,1.33369,2.16867,56.5325
gen611,17.88,3.77,5570.1,0.510158,67.7394,1.47,1.92537,4.895
gen612,14.82,3.31,5652.55,0.572902,34.7042,1.09859,1.97328,52.28
gen613,14.74,2.37,4786.57,0.565183,28.3215,1.15658,3.0739,4.895
gen614,15.03,3.01,4079.75,0.55394,41.7529,1.64334,2.21184,31.8275
gen615,15.17,2.36,4256.8,0.551578,34.5946,1.52623,2.1014,-14.545
gen616,19.41,3.25,5490.03,0.477186,57.4363,1.23254,2.10063,14.0075
gen617,16.85,3.75,5589.02,0.531423,60.6008,1.43206,1.56848,28.79
gen618,13.95,3.66,5091.35,0.586281,34.2812,1.21116,1.63422,65.0375
gen619,16.45,1.95,4809.78,0.529615,32.721,1.45581,3.29846,-20.8225
gen620,18.41,3.48,4511.87,0.489279,57.1749,1.64425,2.04724,16.4375
gen621,19.04,2.3,5725.22,0.485309,38.5079,1.35644,1.89946,23.3225
gen622,15.69,4.06,5179.03,0.552045,48.2224,1.85354,2.53416,35.675
gen623,19.06,2.94,4972.34,0.47919,47.9368,1.73544,2.21503,-11.71
gen624,20.69,2.59,6268.98,0.45684,59.2105,1.70565,2.6087,-19
gen625,17.22,3.41,5703.47,0.524297,48.8349,1.41122,2.69759,28.1825
gen626,12.48,3.26,5416.82,0.618698,24.1592,0.757935,1.28735,82.4525
gen627,18.71,3.82,5575.37,0.493263,71.7545,0.912484,1.36671,-1.99
gen628,14.84,2.68,4994.05,0.565516,34.9179,1.58456,2.38459,22.9175
gen629,15.27,1.87,4428.33,0.550254,29.0932,2.51889,4.04744,6.11001
gen630,23.08,3.1,6222.56,0.408247,82.9702,0.745413,1.31053,6.11001
gen631,17.52,1.67,4168.62,0.501429,33.4331,1.83246,3.25367,-35.4025
gen632,15.34,1.92,4911.04,0.553246,27.4002,1.18866,2.16766,8.135
gen633,16.36,3.02,6884.28,0.551915,30.7668,1.6409,2.85328,27.3725
gen634,13.81,1.9,5355.29,0.588595,20.4004,1.43398,2.38182,15.2225
gen635,20.49,1.85,5377.08,0.451682,50.0489,1.95503,2.16802,-25.2775
gen636,15.98,4.72,6342.11,0.557664,48.1771,1.70718,2.07812,92.9825
gen637,25.75,2.31,5501.21,0.345669,62.0365,1.1183,1.82593,-4.2175
gen638,19.2,2.86,5280.85,0.478961,42.6471,1.89628,2.54335,-2.39499
gen639,21.09,3.03,6498.15,0.451431,61.7177,1.51057,2.07706,22.9175
gen640,15.52,2.13,4806.79,0.548965,28.3285,2.342,4.292,20.69
gen641,16.8,1.75,4557.92,0.519835,23.7037,1.86795,4.32254,5.9075
gen642,20.85,1.87,4719.56,0.438413,59.1334,2.11718,2.72873,-29.935
gen643,20.68,2.39,5010.26,0.445383,63.784,1.62446,3.17152,-11.71
gen644,19.64,2.07,4392.99,0.460628,43.727,2.16592,2.56705,-10.9
gen645,19.9,2.83,5234.83,0.464138,64.5377,1.14395,2.05722,12.7925
gen646,21.01,1.59,4602.83,0.433614,30.6579,1.84211,2.487,-13.1275
gen647,20.37,1.77,4557.73,0.446636,29.2628,1.45197,2.24401,20.285
gen648,17.23,2.68,5350.14,0.519695,41.5102,2.50391,4.44892,16.0325
gen649,17.43,2.61,4988.13,0.512217,36.2728,2.72132,3.75555,10.97
gen650,19.88,1.88,7695.24,0.485108,27.1713,4.26295,7.85601,-7.255
gen651,21.82,3.05,5722.68,0.42951,43.6675,2.99033,4.66709,28.9925
gen652,17.01,3,5526.75,0.526331,43.5528,2.19479,3.24488,15.2225
gen653,18.27,1.36,4344.71,0.487113,18.7168,1.46277,2.94118,-13.735
gen654,14.07,1.65,3957.11,0.570261,20.5214,1.79422,3.36234,-14.545
gen655,22.42,2.75,5838.17,0.417742,59.4979,2.36855,2.91592,-4.6225
gen656,17.9,1.51,5300.81,0.503557,22.2617,1.71244,2.98179,18.0575
gen657,17.41,2.86,5936.73,0.521582,33.7667,1.85245,2.90246,16.235
gen658,19.85,1.7,6403.87,0.473801,25.7404,1.49909,2.76664,14.8175
gen659,18.63,3.07,6861.11,0.505226,45.4373,2.3476,3.30446,-5.4325
gen660,17.14,2.12,6078.42,0.527162,34.1472,1.2385,2.00539,26.765
gen661,18.65,2.89,4164.18,0.480243,43.5888,2.31776,3.06706,-22.645
gen662,14.97,4.51,5549.71,0.5709,46.4131,2.65053,4.37483,71.1125
gen663,15.11,2.07,5608.73,0.564493,22.5531,1.97524,3.26306,6.11
gen664,24.56,2.47,7783.81,0.390889,57.5426,2.37226,3.26992,-1.58501
gen665,17.58,2.63,6126.16,0.519416,36.9324,3.07472,5.23643,22.9175
gen666,17.28,3.37,5971.7,0.525413,33.1077,3.0303,6.17555,45.8
gen667,18.01,2.18,5057.4,0.500227,33.4183,1.89297,4.46482,-10.09
gen668,17.24,3.53,7430.48,0.539629,38.859,3.37515,5.33217,80.225
gen669,20.96,3.85,5980.7,0.450807,60.4566,1.71219,3.29651,43.1675
gen670,14.73,1.97,5019.22,0.566815,22.4163,1.4806,2.8975,9.14751
gen671,17.51,2.46,5482.66,0.514777,34.3805,5.06108,7.21025,0.237503
gen672,24.53,2.45,4791.31,0.364538,46.1387,2.75455,2.68259,-16.57
gen673,17.22,2.44,6546.53,0.530268,30.2806,1.64463,3.22856,33.0425
gen674,22.79,3.04,5876.02,0.410976,43.3219,2.14041,2.23338,23.12
gen675,21.94,1.91,5415.36,0.422383,32.9006,2.50671,4.03283,-21.025
gen676,18.91,2.93,4928.31,0.481854,48.1399,1.86012,2.50548,-23.05
gen677,15.78,3.26,4957.06,0.546867,37.0831,1.45543,2.29457,40.7375
gen678,15.88,1.9,4743.59,0.540628,24.6786,1.50517,2.01428,2.2625
gen679,14.44,3.22,5517.33,0.57933,32.0853,1.19605,1.7691,56.735
gen680,14.26,2.05,4708.77,0.573796,19.2019,1.04446,1.82463,20.69
gen681,15.9,2.62,5911,0.551925,27.9191,1.35838,1.99184,26.9675
gen682,14.23,4.09,6620.02,0.595012,40.9462,1.30506,1.696,83.2625
gen683,19.11,2.66,5673.12,0.484004,49.3769,2.18069,2.24201,20.69
gen684,17.92,1.78,5572.96,0.506046,25.3284,1.27989,2.12462,-1.38249
gen685,18.44,2.01,4656.02,0.487511,26.8203,3.5858,6.8227,15.02
gen686,14.99,3.43,5561.15,0.568793,42.2058,1.57116,2.18876,44.18
gen687,14.36,4.07,5861.7,0.585487,35.2352,1.44726,2.52605,77.1875
gen688,16.02,4.62,5627.17,0.550242,44.3198,1.84067,2.66876,99.26
gen689,18.73,2.93,5642.65,0.491975,34.7763,2.3645,4.3895,28.9925
gen690,16.53,2.03,5894.7,0.537872,32.2789,1.66667,2.47072,10.565
gen691,16.99,3.27,5903.78,0.530584,39.5669,1.54199,2.21624,37.7
gen692,20.13,1.77,4822.02,0.453938,34.7087,1.53722,1.89371,-24.67
gen693,17.49,2.44,7146.18,0.530126,29.5637,2.09424,3.60046,27.17
gen694,19.7,1.92,5608.06,0.470083,30.8611,2.55459,3.91627,-8.67249
gen695,19.35,2.15,5813.71,0.479496,40.1414,1.86012,2.01365,16.4375
gen696,23.81,2.87,6078.5,0.391592,54.7583,1.69407,1.86952,17.2475
gen697,24.92,2.98,6321.89,0.371197,49.8054,1.45914,1.92383,21.095
gen698,25.87,1.5,5871.19,0.345187,43.2091,2.90587,3.20531,-40.2625
gen699,21.73,2.17,5636.93,0.429118,35.1316,1.14035,1.6487,-4.2175
gen700,22.31,1.25,4164.25,0.402433,29.0429,1.36728,2.35664,-32.9725
gen701,19.6,1.86,7269.47,0.486987,31.1683,1.72944,2.79602,2.6675
gen702,20.73,2.93,6310.45,0.456959,45.5268,1.0338,1.61963,28.385
gen703,21.79,2.2,5415,0.42594,33.8442,1.31971,2.34642,11.1725
gen704,28.01,2.9,6349.76,0.30793,67.8746,1.39373,1.0854,17.6525
gen705,25.74,2.65,6324.68,0.353852,69.7951,1.52016,1.81526,-0.369995
gen706,15.47,2.03,4978.65,0.551371,31.1131,1.56016,2.47081,-1.99
gen707,20.86,2.46,4767.16,0.43962,45.575,2.00941,2.65787,2.06001
gen708,22.15,1.34,4934.29,0.412796,42.666,1.4454,2.24444,-31.3525
gen709,21.38,2.65,5146.38,0.432683,40.8405,1.59119,1.72309,2.465
gen710,19.43,2.63,5993,0.480269,27.8566,1.2775,2.08564,-19.2025
gen711,18.67,1.99,5175.41,0.487434,33.0669,1.2718,2.23232,-5.0275
gen712,22.36,3.36,7354.66,0.433638,66.2702,1.14177,1.46889,24.5375
gen713,19.62,1.85,7271.72,0.48658,25.5969,1.13503,2.07333,-11.1025
gen714,23.77,2.57,5554.32,0.387195,44.529,1.33206,2.51924,-14.7475
gen715,20.75,3.08,5742.72,0.45169,48.8372,1.77375,2.34155,8.7425
gen716,14.34,2.88,4685.92,0.573332,30.5204,1.45592,2.73038,44.99
gen717,21.1,2.21,5789.18,0.443478,62.2189,0.69965,1.26671,-12.925
gen718,17.52,2.49,5969.94,0.519008,35.8983,1.09425,2.45844,-1.18
gen719,19.13,2.52,5565.68,0.482394,37.2226,1.50322,2.00563,5.70501
gen720,22.09,1.28,4812.07,0.412827,29.3615,1.48381,2.02948,-21.2275
gen721,20.95,3.77,6810.46,0.458347,56.6467,1.31737,1.73591,43.9775
gen722,20.93,3.29,7996.13,0.468628,33.9595,1.80636,2.17636,38.105
gen723,19.82,2.75,5507.61,0.468101,53.6331,0.963468,1.58516,13.4
gen724,22.58,1.78,5414.82,0.409033,40.2277,1.94497,2.18062,-17.1775
gen725,25.34,1.53,5571.25,0.353409,37.5075,1.31187,2.46984,-56.8675
gen726,18.27,3.23,5601.22,0.501538,37.7808,1.97787,2.71592,51.6725
gen727,26.28,2.02,6264.85,0.341186,52.3277,1.05525,1.74652,-23.2525
gen728,18.4,2.45,4984.23,0.492018,44.2179,1.61687,2.6738,-14.3425
gen729,20.2,3.3,6338.23,0.468698,40.922,1.52482,2.64674,57.95
gen730,22.41,2.43,6924.12,0.427188,38.2941,1.37717,2.18782,1.4525
gen731,20.83,1.56,5727.74,0.44738,28.7295,1.43443,2.12894,-20.8225
gen732,16.38,3.65,5410.58,0.539291,51.1905,1.62037,2.30141,32.435
gen733,15.12,2.57,5489.32,0.564046,33.0607,1.72313,2.3883,34.46
gen734,16.65,3.73,6451.97,0.543259,44.4444,1.55945,2.43335,34.055
gen735,17.39,2.27,4421.44,0.507371,36.6585,1.81374,2.84224,-1.38249
gen736,16.03,1.4,3477.99,0.525328,24.7918,1.53748,2.79692,-10.9
gen737,14.67,2.83,5420.5,0.573091,38.9218,1.83649,2.63312,18.8675
gen738,19.04,2.01,5472.16,0.482548,40.8717,2.09704,2.81607,-34.795
gen739,14.4,3.57,6497.65,0.589557,36.6621,1.58687,2.73432,70.1
gen740,13.88,1.94,4753.64,0.581811,21.371,1.6129,2.10325,19.2725
gen741,19.29,3.33,5678.56,0.481478,56.2789,2.0416,2.34787,39.32
gen742,16.73,2.05,4992.48,0.525682,21.2451,1.63191,3.86215,7.9325
gen743,13.07,2.27,5739.08,0.607845,22.7388,1.01626,2.38286,26.765
gen744,14.29,2.73,6024.2,0.586152,35.6153,1.13154,2.28504,46.205
gen745,12.74,3.41,7656.89,0.633775,26.7774,1.02614,2.21003,74.7575
gen746,12.23,2.03,3952.17,0.608594,14.6308,0.713135,1.94122,16.4375
gen747,15.27,3.54,4886.66,0.557162,42.3607,1.34811,1.66457,47.6225
gen748,14.66,2.31,5306.4,0.571402,28.3145,1.13142,2.22068,1.655
gen749,14.31,2.43,6046.97,0.585447,26.2267,2.08686,5.97877,18.0575
gen750,14.44,3.27,4477.93,0.570059,41.7642,1.74017,2.86462,39.32
gen751,12.77,2.46,6136.1,0.617889,24.1019,1.23786,2.71032,78.8075
gen752,12.9,1.65,4233.64,0.59675,19.9251,0.82397,2.13494,8.135
gen753,14.19,2.9,6245.54,0.590479,35.7001,1.13604,2.47426,59.3675
gen754,13.01,1.41,2941.24,0.582462,17.6138,1.54281,4.70948,5.5025
gen755,16.38,5.21,6303.21,0.549925,73.7088,1.3379,0.639874,76.985
gen756,11.94,1.82,3310.66,0.608419,17.7324,1.4975,3.28802,8.13501
gen757,10.65,2.26,3388.71,0.636316,19.2249,1.1824,2.68941,73.9475
gen758,17.81,3.5,5398.58,0.5096,61.9823,1.59292,1.50326,17.045
gen759,11.02,1.75,4224.54,0.635399,14.6259,0.793651,2.228,49.2425
gen760,11.36,2.41,5261.36,0.638856,16.5867,0.719268,1.72126,48.4325
gen761,16.78,5.86,5740.76,0.537741,67.5071,1.10306,1.68354,74.555
gen762,12.18,1.21,4306.53,0.611442,10.8536,0.662095,1.60333,4.49001
gen763,14.55,5.93,5989.18,0.585837,73.9698,1.01567,1.13481,108.372
gen764,12.31,2.25,6049.66,0.626197,17.6685,0.99781,1.84886,59.57
gen765,16.85,4.53,5839.41,0.534976,51.4207,1.83318,2.88104,79.01
gen766,15.82,3.46,5143.21,0.548056,46.6123,1.53701,2.91866,15.83
gen767,18.15,4.52,4964.44,0.500418,71.9673,1.55521,4.39239,42.155
gen768,20.1,3.02,5975.02,0.467014,80.1111,1.5,2.70616,-11.5075
gen769,16.26,4.23,6446.75,0.552045,55.4781,1.49402,2.32886,72.7325
gen770,19.64,4.81,5625.57,0.476288,88.689,0.279776,0.538516,53.6975
gen771,25.09,3.75,6182.23,0.367736,89.3139,0.242866,0.677238,9.755
gen772,23.39,3.23,5703.99,0.397437,91.8826,0.172712,0.741777,15.2225
gen773,12.94,3.07,4717.1,0.602647,24.8702,1.45859,2.25168,69.0875
gen774,15.96,4.73,6053.15,0.55549,56.0968,1.97389,2.67531,72.935
gen775,16.18,3.17,5134.57,0.54011,40.6177,1.59415,2.89668,29.6
gen776,12.82,2.06,4499.63,0.601468,18.7978,1.40092,3.46425,35.8775
gen777,16.63,2.44,6565.78,0.542543,27.0262,2.37288,4.10149,8.3375
gen778,13.89,3.12,6213.7,0.596713,34.9872,2.18316,3.14577,71.72
gen779,12.62,2.57,4321.42,0.604817,22.6089,1.41154,2.58681,76.7825
gen780,18.11,2.49,4780.16,0.496197,50.0372,1.26582,2.38816,-17.785
gen781,16.92,3.25,4205.22,0.5167,56.7107,2.19054,3.14286,3.88251
gen782,13.75,2.44,5846.78,0.595149,28.7727,1.27337,2.53807,50.66
gen784,14.91,3.15,5889.63,0.572923,36.0412,1.78842,2.79955,49.445
gen785,14.84,1.49,4094.77,0.555439,25.2216,1.43687,4.08442,-24.4675
gen786,13.37,3.78,5329.61,0.600523,39.6821,1.74834,2.90169,57.14
gen787,12.37,1.45,3728.03,0.602738,15.6135,1.15564,2.35558,13.4
gen788,12.71,1.66,3169.74,0.591089,15.0396,1.39122,2.88104,33.65
gen789,13.8,1.49,4918.98,0.58419,17.0924,1.22283,2.03449,-4.2175
gen790,17.48,3.59,5142.57,0.514215,51.5318,2.37522,3.63949,10.565
gen791,11.34,3,6230.47,0.648972,22.9688,1.51515,3.09698,93.59
gen792,14.4,1.59,5388.09,0.576271,19.407,1.88679,3.8337,22.5125
gen793,13.15,2.78,4927.01,0.599746,25.3988,1.2155,2.67886,70.1
gen794,12.16,2.12,3549.67,0.606557,22.5,1.53646,2.96505,34.2575
gen795,11.64,3.22,5640.07,0.637871,26.0306,1.5748,2.70396,93.59
gen796,15,2.92,7145.42,0.581996,27.4902,2.36353,6.51567,64.6325
gen797,16.3,1.36,8591.06,0.56574,19.5486,1.21988,3.16981,58.5575
gen798,13.94,1.22,4211.82,0.574504,13.198,1.06866,3.00857,6.515
gen799,14,2.15,6589.9,0.596226,19.2806,1.69267,3.33988,91.565
gen800,15.57,1.84,4618.49,0.545761,19.2009,2.12705,3.66673,32.2325
gen801,13.67,1.47,5676.15,0.593638,19.9063,1.76454,3.65004,-4.2175
gen802,12.3,3.22,5963.17,0.62724,25.2852,2.23516,3.42065,69.0875
gen803,15.94,4.59,5341,0.549257,57.8135,1.5753,2.65071,64.025
gen804,13.47,1.91,5961.72,0.601044,18.3452,1.401,3.14465,34.865
gen805,12.68,4.12,6800.42,0.628481,30.681,1.76822,4.1264,86.3
gen806,13.62,3.48,4547.03,0.587851,29.7616,2.01729,4.12875,33.4475
gen807,13.81,3.13,6207.45,0.598315,33.7489,2.15358,4.48276,24.335
gen808,12.87,1.63,4005.39,0.595278,17.537,1.24708,3.35675,22.9175
gen809,14.58,2.38,6467.75,0.583612,23.2532,1.60367,3.28481,31.625
gen810,12.17,1.56,5676.39,0.624559,11.2073,0.913901,2.73066,33.8525
gen811,13.23,1.04,3131.44,0.579045,7.58569,0.579637,1.43005,46.205
gen812,13.49,1.73,5922.78,0.599983,17.2773,1.28377,2.53674,-7.66
gen813,13.38,3.65,5285.65,0.599706,31.2235,1.80085,3.44609,72.125
gen814,13.62,2.16,5814.6,0.59706,18.6759,1.24138,3.96285,12.185
gen815,14.47,2.02,4801.98,0.570277,28.5793,2.17511,4.87537,46.205
gen816,12.79,2.7,3155.81,0.591056,25.2615,2.2751,4.77853,25.955
gen817,13.17,1.29,2760.36,0.577352,16.8521,1.43826,4.10463,11.5775
gen818,16.82,3.25,5013.36,0.526024,59.8399,2.14623,2.9569,9.35001
gen819,14.83,1.77,5210.08,0.566148,19.3923,1.90608,3.86019,12.3875
gen820,12.77,2.43,5987.15,0.616498,19.7567,1.84915,3.20427,42.7625
gen821,13.55,1.24,4137.57,0.581869,11.8532,0.92397,1.3134,24.1325
gen822,13.45,1.08,3115.93,0.574459,13.505,1.36626,3.10718,-10.2925
gen823,12.87,1.59,3717.53,0.592621,18.4926,1.96501,3.78486,48.0275
gen824,13.56,1.01,3603.08,0.57647,10.133,1.14362,2.02083,77.9975
gen825,16.65,3.08,4909.19,0.52829,38.0701,1.81758,3.54368,23.93
gen826,13.93,2.6,4161.29,0.576554,28.0645,2.41935,3.17965,20.285
gen827,14.72,2.26,4212.24,0.560241,25.4698,2.02371,2.89908,23.12
gen828,13.33,5.05,6312.57,0.612307,52.3411,1.49098,2.24679,83.6675
gen829,11.4,1.87,3854.12,0.62447,8.37139,1.04371,2.77353,74.15
gen830,20.44,3.8,6134.82,0.462777,71.6448,1.2275,1.46113,59.7725
gen831,13.68,2.33,3457.51,0.574898,24.8929,1.6863,2.36419,43.9775
gen832,12.2,1.94,4585.31,0.614758,16.0809,1.32403,2.72694,34.865
gen833,16.8,2.77,4474.98,0.520789,33.0378,1.21511,1.95342,29.3975
gen834,13.96,1.8,3288.36,0.566749,21.4914,1.47434,3.88159,16.235
gen835,14.83,3.22,4676.61,0.563764,41.6866,2.33254,3.192,59.7725
gen836,17.43,3.22,6297.01,0.525014,54.593,2.20314,2.76435,36.2825
gen837,13.78,1.74,5169.31,0.58727,18.1566,2.16546,3.41578,31.8275
gen838,17.9,3.55,5630.77,0.509927,57.8668,1.8781,2.33927,36.2825
gen839,15.51,2.39,4835.99,0.549866,25.1959,2.14804,3.49771,35.8775
gen840,15.47,1.94,3705.54,0.539763,28.3939,1.67754,3.62266,41.1425
gen841,14.39,2.91,5191.64,0.576908,30.8811,1.76789,2.80608,43.1675
gen842,14.11,3.01,4666.69,0.578094,38.75,2.38372,3.74291,43.37
gen843,13.85,2.29,4616.74,0.581778,29.3762,3.24265,5.48503,38.915
gen844,13.88,1.89,4714.03,0.581371,19.9744,2.48718,3.64166,63.215
gen845,15.06,4.03,4668.72,0.560325,55.9098,1.77134,1.9091,41.75
gen846,13.43,2.24,5613.96,0.599285,15.7791,1.59509,2.91439,108.98
gen847,17.77,2.21,4568.63,0.500801,35.9677,2.12903,3.39755,39.9275
gen848,12.8,0.9,2267.65,0.579858,4.05534,0.930344,2.24644,38.7125
gen849,17.73,1.32,4580.56,0.500246,21.1651,1.48225,3.53412,1.655
gen850,13.29,1.85,4470.12,0.591212,17.2379,1.59939,2.53914,85.6925
gen851,14.36,1.16,3784.24,0.56194,9.59851,1.19649,3.42617,23.3225
gen852,15.64,2.33,5695.67,0.554837,21.9559,1.73554,3.11578,75.1625
gen853,14.26,3.1,4956.7,0.577777,39.6156,3.4098,3.89271,74.15
gen854,13.19,2.23,5445.4,0.602674,16.8838,2.24075,3.9072,30.6125
gen855,20.11,4.49,5393.49,0.464025,66.454,2.47655,2.15291,75.5675
gen856,12.87,1.25,5540.03,0.608456,9.19708,0.997567,2.1692,68.6825
gen857,16.54,2.99,4580.46,0.527438,54.7577,1.66254,1.95055,23.7275
gen858,15.52,1.81,4218.98,0.543141,18.2819,1.89978,3.01835,7.93251
gen859,12.54,2.54,4713.6,0.609938,19.7404,2.03282,3.39129,113.03
gen860,15.69,1.8,4937.75,0.546106,20.6738,1.90037,3.12623,57.545
gen861,14.65,2.81,5274.95,0.572158,29.9266,3.58793,4.04224,58.9625
gen862,13.75,2.86,5848.26,0.595863,28.3578,2.3872,2.992,88.5275
gen863,16.07,2.23,5010.73,0.539685,31.1202,2.07678,2.5822,33.4475
gen864,13.25,0.86,2753.62,0.574934,5.47716,0.956709,1.75815,21.905
gen865,14.94,2.52,5106.84,0.564213,30.5895,1.41824,2.09225,55.52
gen866,14.03,2.92,5616.69,0.588135,21.762,1.07932,2.00067,44.3825
gen867,11.55,3.94,6229.26,0.64622,25.7224,1.6511,2.24364,122.75
gen868,16.32,2.67,5625.17,0.54082,21.4223,2.01932,2.22361,68.885
gen869,11,2.02,6833.65,0.659741,9.05668,0.522903,0.957387,127.812
gen870,11.23,3.81,5809.02,0.648785,24.6736,1.72605,1.78256,162.238
gen871,14.81,4.74,6626.97,0.584261,42.5815,1.54891,1.16669,109.992
gen872,12.05,2.84,4955.87,0.622669,20.4376,1.29103,1.73628,102.905
gen873,12.19,2.7,7129.06,0.639123,25.266,1.45068,1.71899,94.805
gen874,14.35,4.87,5551.93,0.584238,48.0132,2.01435,1.59486,123.155
gen875,17.45,3.98,6264.29,0.525576,55.7133,1.70334,1.1977,50.4575
gen876,16.53,5.84,6723.74,0.551683,65.3759,1.59453,0.859967,100.677
gen877,12.29,2.95,4974.16,0.618094,23.0787,1.44388,1.91975,97.0325
gen878,13.59,3.67,5380.25,0.596282,34.9912,1.35644,1.40902,106.348
gen879,17.92,5.43,5760.75,0.51382,67.4256,1.54116,0.718954,61.595
gen880,14.1,3.89,5947.54,0.591293,35.6993,1.41956,1.19203,100.678
gen881,12.78,4.32,5397.87,0.61414,41.9611,1.5617,1.34324,90.755
gen882,18.05,4.55,5988.51,0.511736,52.2172,2.15296,1.45892,77.5925
gen883,15.29,3,6056.01,0.566376,37.67,1.69963,2.20645,32.84
gen884,14.58,3.64,5281.47,0.575036,35.1752,1.08231,1.37353,23.93
gen885,15.94,2.89,6455.72,0.556457,36.3474,1.25336,0.807601,21.2975
gen886,17.59,2.53,4209.22,0.501792,43.6983,1.51515,1.5101,-1.98999
gen887,15.18,4.88,6333.76,0.574265,51.4468,3.04599,2.87908,58.1525
gen888,15.43,4.74,6572.53,0.571053,49.8635,2.24446,1.97623,91.97
gen889,14.72,5.01,6912.89,0.58913,51.4438,1.40174,0.81987,71.72
gen890,14.26,3.6,6124.53,0.589121,34.0735,1.89145,2.5974,102.702
gen891,15.67,2.87,4959.37,0.548495,37.2636,1.16646,0.927175,54.9125
gen892,17.52,4.51,5255.15,0.515941,58.8364,1.50141,1.28222,51.47
gen893,17.38,2.37,5923.75,0.521264,32.0199,1.72185,1.72204,29.3975
gen894,22.71,3.8,5826,0.413434,73.1168,0.894539,0.591088,33.0425
gen895,18.05,2.57,5699.07,0.505831,33.9097,1.95325,3.0479,43.5725
gen896,23.77,2.99,5470.98,0.387145,65.5782,2.08779,1.04124,-8.06499
gen897,20.23,3.5,6563.32,0.470442,55.0684,2.25261,1.53374,45.395
gen898,14.23,1.94,4885.33,0.575817,29.5308,1.31965,1.54522,23.3225
gen899,17.98,3.21,4602.78,0.498467,44.6577,0.735765,0.776329,32.6375
gen900,16.11,3.63,5465.24,0.545288,39.3097,1.93039,1.8462,80.4275
gen901,16.51,3.92,5523.42,0.53809,47.1838,2.57483,2.75766,28.385
gen902,14.36,3.56,5521.55,0.581576,36.2989,1.28661,1.06887,58.76
gen903,14.42,3.73,4728.08,0.573487,33.8124,1.13883,1.34717,61.3925
gen904,13.28,2.99,5950.86,0.606644,34.6535,1.16781,1.02564,63.4175
gen905,15.85,3.13,4729.43,0.543166,43.0009,1.6277,1.11111,73.9475
gen906,11.44,1.91,4488.44,0.629425,15.9953,1.04773,1.91198,101.893
gen907,14.09,3.02,6130.42,0.591694,33.1288,2.03569,2.44691,63.4175
gen908,17.4,4.78,6234.36,0.527666,58.583,2.21598,1.48918,89.945
gen909,15.15,3.47,5115.21,0.561564,43.2069,2.03046,1.468,21.2975
gen910,13.74,3.07,7117.01,0.607836,25.8065,1.46866,1.96426,76.3775
gen911,13.79,2.48,5248.56,0.589011,24.2175,1.35967,1.96361,51.47
gen912,15.35,5,5430.02,0.562845,60.3273,1.14233,0.666918,83.2625
gen913,15.12,2.4,7241.61,0.579533,26.571,2.03142,2.86813,41.5475
gen914,15.72,5.31,5829.22,0.559364,51.6827,1.41226,0.933353,68.885
gen915,15.85,4.85,7020.35,0.566651,48.5968,1.20275,0.716846,79.6175
gen916,13.61,2.69,5606.8,0.596278,27.6993,1.54625,1.88864,58.5575
gen917,13.81,4.59,5807.77,0.597151,43.4485,1.67215,1.08348,103.31
gen918,16.79,3.19,4996.78,0.52639,54.5892,2.09694,1.11628,46.4075
gen919,15.99,4.48,7227.97,0.565031,59.8738,1.57729,0.666325,110.6
gen920,16.73,2.91,5964.18,0.535861,48.4481,2.28327,1.51154,26.765
gen921,14.76,3.15,3977.17,0.558788,34.7839,1.50856,1.16334,36.89
gen922,17.93,3.93,6074.55,0.513939,59.7709,2.15203,1.02013,25.7525
gen923,14.72,2.67,3976.22,0.5588,32.3054,1.34731,1.13945,14.8175
gen924,14.21,3.93,6071.39,0.590218,38.5448,1.3885,1.1286,66.6575
gen925,13.29,4.06,4960.26,0.599306,36.991,1.66579,1.12376,73.1375
gen926,14.96,2.56,4819.61,0.561284,34.0683,2.36025,1.99967,34.46
gen927,14.21,2.47,5423.05,0.58195,36.8483,1.61101,1.16618,35.27
gen928,14.09,3.96,4838.34,0.581632,40.1456,1.17581,0.927152,68.6825
gen929,16.57,3.22,5382.03,0.53442,41.2492,2.88523,2.04082,65.0375
gen930,14.26,2.72,6544.49,0.591434,33.7937,2.19334,1.56039,14.0075
gen931,15.81,2.94,5027.14,0.546349,32.0228,1.23049,1.14566,69.695
gen932,14,3.66,5691.17,0.590654,29.062,1.53767,1.11403,63.62
gen933,12.99,3.5,5966.46,0.613583,26.7231,1.18501,0.961827,99.8675
gen934,17.4,3.63,5299.62,0.517336,41.9749,1.32338,0.760521,67.265
gen935,17.64,3.16,4585.02,0.505199,45.8273,1.61871,0.845994,-2.395
gen936,14.28,2.35,4830.74,0.574983,29.5597,1.08634,0.925314,64.025
gen937,11.24,2.35,5353.58,0.642048,16.3822,1.0419,1.21739,69.4925
gen938,13.87,3.79,5550.17,0.592268,37.5866,1.62493,1.36733,84.0725
gen939,13.73,3.56,6149.48,0.60015,32.4515,1.72865,1.18462,71.1125
gen940,14.43,2.51,5377.97,0.577098,29.1908,1.84971,1.35336,28.79
gen941,11.99,2.76,5612.2,0.629674,16.8754,1.61694,1.81093,74.3525
gen942,13,3.88,6128.94,0.615473,30.0813,1.5331,1.11976,137.33
gen943,14.76,3.88,5802.83,0.576436,34.5655,1.66479,1.0491,91.97
gen944,13.2,2.49,4410,0.593584,24.5485,1.95879,1.66317,73.9475
gen945,17.01,2.77,4952.77,0.520781,30.0543,2.49122,1.89662,49.04
gen946,14.45,2.74,6507.9,0.58724,32.5075,2.7498,2.01288,61.7975
gen947,16.35,3.04,5421.42,0.538988,45.175,2.08554,1.17606,20.4875
gen948,12.86,3.24,4244.58,0.600319,31.953,1.66155,1.35549,59.975
gen949,12.12,2.49,6040.23,0.630409,19.63,1.48967,1.66608,75.1625
gen950,14.62,2.27,6431.64,0.582284,22.7798,2.10194,1.83791,48.8375
gen951,11.37,3.14,5609.71,0.643003,22.2272,1.71326,1.66881,82.0475
gen952,11.79,4.81,5927.75,0.640033,38.13,2.35516,1.67905,132.268
gen953,13.7,3.76,5528.61,0.595511,36.8189,2.00881,1.5276,58.355
gen954,12.54,3.99,5772.63,0.621886,39.9331,1.75077,1.26419,116.675
gen955,12.2,3.12,6562.44,0.634518,24.9822,2.06602,1.57887,82.0475
gen956,13.91,3.85,5964.05,0.595273,33.4106,2.36991,1.70967,75.9725
gen957,11.91,2.58,4794.31,0.623654,16.9503,1.83609,1.86554,65.0375
gen958,13.22,3,5191.76,0.601059,25.0187,1.69449,1.46591,26.9675
gen959,14.18,2.93,5686.8,0.585706,33.9628,1.74317,1.13208,59.3675
gen960,11.78,2.98,5232.85,0.630934,22.3326,2.47113,2.2497,134.698
gen961,12.85,3.93,5489.81,0.612881,36.4818,2.87046,1.86821,113.84
gen962,11.62,2.17,3234.23,0.614879,18.3047,1.83276,1.46022,105.133
gen963,12.88,2.21,4738.06,0.602634,19.778,2.32089,2.14953,49.445
gen964,11.86,2.39,5566.42,0.631312,23.9351,2.37173,1.71161,80.4275
gen965,22.06,2.44,5237.54,0.419205,50.5607,7.49235,6.12561,-11.305
gen966,15.32,2.76,4887.14,0.554841,31.2208,2.45327,1.85792,40.535
gen967,14.08,1.52,3773.8,0.56819,17.9528,1.60772,1.45405,17.855
gen968,15.4,3.83,5347.46,0.559126,42.3298,2.45083,1.46853,22.715
gen969,13.23,3.89,5571.27,0.605753,38.9555,1.92404,1.25261,50.8625
gen970,15.96,4.11,5562.22,0.550038,53.3736,1.97327,1.27981,53.2925
gen971,13.82,2.89,4824.38,0.585262,28.4404,2.26659,1.82055,49.2425
gen972,15.96,3.82,5863.64,0.552268,48.5139,2.55673,1.39233,44.7875
gen973,13.04,1.64,3878.51,0.590666,15.4037,2.03071,2.07168,15.6275
gen974,17.22,2.36,4394.87,0.510769,42.6852,1.46672,0.807967,41.345
gen975,12.8,2.29,4056.76,0.598276,17.8373,1.59305,1.7054,47.015
gen976,13.31,1.6,2864.14,0.575931,18.6845,1.54612,1.31422,33.8525
gen977,13.57,1.93,3450.79,0.576428,17.1859,1.42555,1.36399,39.725
gen978,15.2,3.21,6164.77,0.569551,28.1738,1.93127,1.50056,71.5175
gen979,14.36,2.55,5676.62,0.581288,27.7115,2.52169,1.62214,42.7625
gen980,16.59,2.07,4891.9,0.527682,27.6433,3.21656,2.56459,34.46
gen981,13.09,3.05,5042.52,0.602466,24.6283,2.20624,1.7863,47.42
gen982,16.13,4.22,5308.67,0.544452,52.5424,1.82529,0.8908,45.1925
gen983,13.49,2.7,4091.66,0.58512,29.9206,2.02573,1.45783,80.0225
gen984,10.8,2.6,5759.91,0.655147,16.2433,1.68623,1.72881,124.573
gen985,10.42,1.99,5655.22,0.660983,10.5501,1.43678,2.02216,120.725
gen986,12.49,3.86,6586.6,0.63002,26.5381,2.96143,2.32668,99.4625
gen987,11.54,4.1,7084.78,0.654391,27.8827,2.68829,1.96421,149.075
gen988,11.73,0.87,2514.85,0.603981,4.9024,0.665484,1.03204,2.2625
gen989,11.16,1.14,2966.58,0.620189,10.2752,1.30734,1.51576,68.885
gen990,11.72,1.61,4513.17,0.623404,10.257,1.2391,1.46058,51.6725
gen991,11.89,3.32,5673.86,0.633213,29.0931,2.37927,1.82801,78.8075
gen992,12.19,2.89,3644.77,0.608081,25.5429,2.2458,2.06242,90.1475
gen993,11.59,2.04,3836.94,0.620702,17.5801,2.27589,2.16138,67.8725
gen994,11.64,2.18,4544.96,0.626282,17.1298,1.75399,1.78995,59.975
gen995,11.92,2.32,4873.66,0.62373,18.0995,1.52417,1.57835,68.6825
gen996,12.98,3.21,5117.77,0.605666,26.575,2.225,1.71096,62.81
gen997,10.52,1.89,5873.33,0.660728,10.1226,1.35107,1.65945,91.3625
gen998,10.2,2.02,4409.65,0.654336,14.1371,1.59202,1.6742,121.535
gen999,11.95,2.59,5024.24,0.624919,19.6686,1.70509,2.29993,82.25