gen0,13.23,0.59,2526.66,0.572852,1.9226,1.70076,5.89645,-23.86
gen1,9.88,0.47,1108.35,0.628605,0.0205508,0,0,41.75
gen2,10.31,0.43,958.303,0.618367,0,0,0,9.55251
gen3,10.63,0.62,1265.42,0.614884,0.147337,0.147337,0.580645,20.285
gen4,10.61,0.5,1056.11,0.61321,0,0,0,2.06001
gen5,10.53,0.43,834.132,0.612737,0,0,0,10.3625
gen6,10.98,0.41,904.156,0.604103,0,0,0,-9.0775
gen7,9.99,0.74,695.519,0.623083,0,0,0,35.27
gen8,10.2,0.38,1142.82,0.622201,0.041841,0.041841,0.042508,19.6775
gen9,10.2,0.5,912.6,0.620329,0,0,0,14.615
gen10,9.93,0.62,947.042,0.626377,0,0,0,25.7525
gen11,10,0.6,1152.14,0.626754,0,0,0,54.5075
gen12,10.05,0.74,1134.2,0.6258,0,0,0,52.0775
gen13,10.19,0.5,1097.71,0.6222,0,0,0,18.4625
gen14,10.76,0.39,896.934,0.608517,0,0,0,-5.4325
gen15,9.49,0.65,790.796,0.634047,0,0,0,69.4925
gen16,9.7,0.47,831.206,0.629803,0,0,0,44.3825
gen17,10.09,0.69,652.781,0.620563,0,0,0,2.2625
gen18,9.45,0.63,777.92,0.634718,0,0,0,62
gen19,9.8,0.74,760.238,0.627563,0,0,0,43.1675
gen20,24.65,0.22,5246.52,0.362457,6.07375,0.596529,2.49296,-30.1375
gen21,24.92,0.57,3456.95,0.341396,6.15,0.6,3.51724,-2.1925
gen22,28.96,0.33,7132.97,0.291208,20.9073,1.77515,6.36109,-63.3475
gen23,14.22,0.49,1575.62,0.543818,0.725726,0.275275,0.998782,11.1725
gen24,10.62,0.62,950.899,0.612258,0.083717,0.0418585,0.128949,32.84
gen25,23.25,0.66,3600.69,0.377096,6.8089,1.63414,3.10881,27.17
gen26,28.85,0.48,7085.23,0.293285,24.7006,2.17066,2.00988,-21.025
gen27,27.62,1.64,5977.2,0.310477,46.3722,7.76025,4.01728,-12.115
gen28,27.37,1.71,5689.59,0.313133,56.6304,9.80141,6.04716,-13.33
gen29,12.2,0.59,1832.41,0.587731,0.541272,0.270636,0.939808,70.1
gen30,26.76,3.74,6419.18,0.335596,72.7891,6.00907,3.24257,29.195
gen31,16.66,0.45,1991.76,0.497445,1.07498,0.403117,0.887424,21.905
gen32,26.9,2.56,5983.38,0.326835,80.8417,5.21357,2.05982,-7.8625
gen33,10.72,0.41,925.154,0.609625,0.0427807,0.0427807,0.0651607,10.565
gen34,23.83,0.6,5335.21,0.380709,9.09091,1.47992,1.63518,42.965
gen35,25.51,0.85,4238.61,0.336795,10.7671,1.06285,1.29168,30.005
gen36,10.99,0.55,1355.1,0.608189,0.261837,0.109099,0.285652,12.185
gen37,9.6,0.81,1777.26,0.640935,0.0203874,0.0203874,0.0208943,33.0425
gen38,18.93,0.61,2175.29,0.452799,1.54827,0.51609,1.17134,24.335
gen39,25.15,0.88,5071.56,0.351726,17.1198,2.1148,2.56784,22.9175
gen40,26.16,0.48,3011.4,0.3118,6.9603,1.30506,2.2912,-2.5975
gen41,13.32,0.62,1900.47,0.56542,1.57631,0.477669,1.17268,39.9275
gen42,25.89,0.64,4335,0.329518,12.6431,1.63488,1.93,15.6275
gen43,26.79,0.76,5263.6,0.319613,18.3887,2.89053,3.17901,-1.18
gen44,28.93,0.67,5163.56,0.274666,15.9836,2.39071,1.89638,-6.6475
gen45,27.83,0.49,7003.54,0.31349,28.8544,3.7037,2.50645,-42.49
gen46,27.1,1.37,4333.06,0.305896,37.6812,3.08759,1.98824,-7.66
gen47,27.38,1.24,6686.29,0.321115,36.2403,4.39276,3.44214,-10.2925
gen48,10.61,0.61,723.995,0.610404,0.0846203,0.0423101,0.0431313,18.26
gen49,28.73,1.05,5873.31,0.285789,47.4961,7.1205,6.0666,-47.9575
gen50,27.52,1.99,7355.55,0.325517,62.8023,6.83903,3.63825,-14.95
gen51,10.52,0.39,1095.87,0.615231,0.042735,0.0213675,0.0648088,0.237503
gen52,12.83,0.44,732.661,0.564661,0.357398,0.214439,0.428266,7.9325
gen53,10.38,0.64,729.792,0.615225,0.0208638,0.0208638,0.149063,34.6625
gen54,25.61,0.55,6600.76,0.355503,6.13333,5.76,15.3992,3.275
gen55,28.3,0.64,10516.7,0.335717,19.8168,8.40966,15.7776,-35.605
gen56,22.34,0.43,4913.29,0.407193,5.55296,4.993,12.7333,-20.8225
gen57,28.69,0.55,7479.31,0.30023,11.9366,11.3523,27.2,-38.035
gen58,26.63,0.83,7264.1,0.341017,8.96037,7.40953,18.465,-0.774994
gen59,20.1,0.28,4467.97,0.448884,3.39751,2.98226,9.12628,1.45251
gen60,18.83,0.65,5901.95,0.488457,4.25328,2.46242,7.04187,25.7525
gen61,19.39,0.87,8488.19,0.500613,6.21762,6.01036,18.5911,53.6975
gen62,21.62,0.63,2798.73,0.403264,3.74898,3.58598,9.62505,5.5025
gen63,22.1,0.69,4028.83,0.404589,5.20134,4.27852,10.4734,26.36
gen64,15.07,0.59,2992.12,0.539297,2.12647,1.98657,5.97664,18.26
gen65,17.34,0.35,5907.56,0.518572,2.71405,2.61712,9.23731,2.465
gen66,23.89,0.45,8362.87,0.406477,6.55577,5.03914,12.971,-1.99001
gen67,12.19,0.8,2272.37,0.592246,1.40187,1.23832,4.33573,37.295
gen68,15.76,0.67,4414.09,0.538074,2.41716,1.43944,4.17968,34.46
gen69,21.56,0.74,4246.43,0.417708,3.62346,1.90512,4.54237,-0.369995
gen70,11.4,0.82,2214.6,0.607965,0.861873,0.861873,2.91572,55.925
gen71,15.93,0.45,2939.63,0.52095,2.10021,1.80018,5.67173,8.94501
gen72,20.65,0.64,4967.09,0.442694,4.03759,1.91438,4.41676,25.7525
gen73,18.25,0.58,3595.54,0.47948,3.76776,1.1118,2.37906,45.5975
gen74,14.41,0.65,2217.55,0.545964,2.77001,2.01455,5.62701,22.9175
gen75,12.39,0.6,1879.82,0.584277,0.86388,0.793836,2.73428,7.12251
gen76,11.97,0.52,2232.67,0.595935,1.01336,0.736988,2.36008,17.45
gen77,11.37,0.65,2168.11,0.607878,1.44894,1.33395,3.91757,34.6625
gen78,11.4,0.69,2052.85,0.606292,1.02908,0.917226,2.83688,43.37
gen79,20.15,0.5,4601.93,0.44943,4.72378,4.40352,14.1938,-14.14
gen80,15.63,0.9,4000.34,0.537401,2.19809,2.06879,6.86597,12.3875
gen81,15.62,0.59,1449.34,0.51413,1.58996,0.892608,1.76084,51.47
gen82,12.97,0.59,2435.87,0.577368,1.78302,1.65746,4.35428,32.03
gen83,12.09,0.72,1053.22,0.583192,0.565227,0.271309,0.609206,34.2575
gen84,10.9,0.73,2469.73,0.620367,0.830601,0.786885,2.53527,41.1425
gen85,12.25,0.74,2116.78,0.589515,0.836237,0.766551,2.9067,37.9025
gen86,14.65,0.66,3090.62,0.548916,1.77014,1.66752,4.93671,30.815
gen87,10.47,0.47,1189.28,0.61723,0.0420521,0.0420521,0.215008,26.36
gen88,10.76,0.61,1636.84,0.615543,0.788264,0.722575,2.41758,21.2975
gen89,9.92,0.62,1129.43,0.628224,0.445576,0.424358,1.26882,50.0525
gen90,12.68,0.69,2901.92,0.587678,1.71471,1.59046,5.1068,65.24
gen91,10.49,0.5,828.67,0.613625,0.420168,0.398054,1.26949,-11.1025
gen92,10.49,0.61,1395.95,0.618914,0.745315,0.681431,1.50732,24.1325
gen93,14.41,0.55,2616.29,0.549386,1.83804,1.73149,5.29032,24.1325
gen94,11.34,0.4,1609.52,0.60305,0.472016,0.472016,1.3403,6.7175
gen95,10.28,0.57,1126.3,0.620728,0.582147,0.560586,1.70885,38.7125
gen96,15.03,0.55,3760.97,0.54697,2.99829,2.82696,8.76668,29.8025
gen97,10.4,0.51,1547.5,0.621957,0.363403,0.363403,0.954861,15.02
gen98,12.94,0.7,8833.09,0.635741,4.20389,4.07252,11.6998,31.4225
gen99,13.9,0.88,8597.75,0.614231,5.17916,4.93827,14.9835,18.8675
gen100,10.52,0.57,2045.56,0.624078,0.686144,0.664011,1.78851,43.5725
gen101,15.4,1.32,9970.21,0.596547,16.1099,15.4417,36.3535,43.5725
gen102,11.1,0.48,1426.79,0.606462,0.414666,0.414666,1.25578,14.21
gen103,16.94,0.37,6585.91,0.532916,5.048,2.53949,8.33102,-12.7225
gen104,11.46,0.5,3646.43,0.619087,1.22658,1.00357,2.94052,24.5375
gen105,10.07,0.72,730.556,0.621724,0.124792,0.124792,0.277067,36.89
gen106,10.82,0.5,1145.96,0.609711,0.318404,0.254723,1.20404,-18.595
gen107,10.3,0.46,1723.75,0.625511,0.48513,0.464037,1.17346,17.045
gen108,10.14,0.56,1354.89,0.62564,0.637891,0.574102,2.0985,3.88251
gen109,11.35,0.71,5321.04,0.636765,1.20376,1.00678,3.66308,7.325
gen110,10.94,0.32,1283.35,0.608186,0.169205,0.0846024,0.343864,-19.81
gen111,10.67,0.54,1259,0.613872,0.323974,0.280778,0.770077,-4.6225
gen112,14.73,0.89,8143.12,0.59313,9.47943,9.0617,22.1793,10.565
gen113,16.48,1.73,8500.53,0.56185,19.9254,19.3455,42.0912,-5.63499
gen114,18.13,1.27,8858.86,0.530462,23.4174,23.0252,50,-29.7325
gen115,11.06,0.6,3173.14,0.623199,1.34213,1.25413,4.04814,28.5875
gen116,14.55,1.05,10451.5,0.617865,8.85845,8.49315,21.7128,37.7
gen117,15.3,1,8622.45,0.585935,10.1592,9.51575,24.6364,-3.8125
gen118,10.13,0.56,878.2,0.621555,0.275657,0.169635,0.582399,34.865
gen119,13.13,1.32,7352.45,0.619551,8.37794,3.66702,11.302,32.6375
gen120,17.22,1.79,7581.65,0.5385,27.9451,12.7989,28.6717,-14.14
gen121,15.74,2.51,6318.37,0.55869,31.323,9.46099,19.6171,7.9325
gen122,14.99,1.03,4732.32,0.557333,10.3493,5.69211,14.6373,-18.7975
gen123,14.44,3.19,8871.39,0.609467,30.9227,11.0037,23.8366,78.2
gen124,14.29,1.17,8443.32,0.605325,12.2283,9.63347,24.3264,7.9325
gen125,16.6,0.89,6265.37,0.537872,15.2874,7.74562,21.201,-51.805
gen126,17.03,1.56,6550.62,0.532735,29.3152,10.8349,24.3173,-19.81
gen127,12.68,0.79,3999,0.597718,5.21694,4.33884,12.7816,9.755
gen128,13.78,1.01,10070.6,0.630165,7.29399,6.40312,17.6572,13.6025
gen129,14.09,1.29,4211.5,0.571541,13.3294,5.51967,13.3999,-2.8
gen130,16.22,1.25,5861.1,0.542628,18.0545,9.46253,19.0357,-27.505
gen131,13.27,0.83,4901.75,0.593807,6.21803,4.25303,13.1838,17.855
gen132,16.69,1.78,5827.64,0.533569,34.5922,7.955,13.5654,-20.8225
gen133,13.41,0.98,8027.99,0.619321,6.09109,5.47639,16.0335,20.69
gen134,13.6,0.73,3154.84,0.571149,6.54641,4.16061,11.5364,12.995
gen135,18.38,1.12,4609.45,0.486839,30.1316,13.6519,24.9522,-70.03
gen136,11.58,1.17,6889.91,0.646934,5.47179,3.47763,10.1554,49.6475
gen137,12.85,0.62,8819.5,0.637332,5.63616,5.38504,16.389,19.475
gen138,13.09,2.36,5677.64,0.607032,24.5148,4.81255,8.74825,27.575
gen139,10.93,0.63,2554.84,0.620351,1.44865,1.23243,4.05058,33.4475
gen140,14.54,1.84,6612.74,0.584838,21.2732,8.79294,17.111,16.64
gen141,16.04,1.44,7304.65,0.559629,20.8195,13.289,30.2289,-21.2275
gen142,13.37,1.89,7892.05,0.620435,17.9983,7.00869,15.1769,59.57
gen143,10.87,0.89,3351.02,0.629181,3.00916,1.76625,4.38559,50.0525
gen144,18.08,2.41,9389.53,0.538163,27.633,26.5381,49.8786,14.0075
gen145,11.61,1.07,8077.55,0.65684,4.13907,3.8316,11.6974,90.35
gen146,16.66,2.68,6551.71,0.542201,49.848,9.98697,16.4074,-8.06499
gen147,9.99,0.53,1479.05,0.629785,0.326597,0.183711,0.560631,32.6375
gen148,13.25,1.47,7032.46,0.61446,10.2683,8.84447,23.1365,5.0975
gen149,15.85,0.83,4915.74,0.54101,14.4954,6.23853,14.6267,-34.1875
gen150,12.48,0.92,4914.12,0.610273,4.88484,2.65756,8.09076,17.855
gen151,14.98,2.48,4146.32,0.554681,30.7912,6.13282,10.6858,34.865
gen152,13.19,0.71,4623.2,0.592741,5.42265,2.76449,8.85714,-21.835
gen153,14.18,0.75,2484.77,0.553254,7.99143,3.76607,12.0734,-37.225
gen154,11.51,0.66,3686.08,0.618685,2.80624,1.15813,4.13897,33.8525
gen155,13.76,0.69,10082.6,0.630149,7.5679,6.56088,18.2956,15.6275
gen156,13.56,0.86,7526.1,0.611527,9.35587,4.86739,13.2412,4.895
gen157,13.8,1.03,5904.86,0.592296,9.79512,4.09767,12.717,7.73
gen158,13.3,0.68,3603.1,0.581254,6.24645,3.86144,12.0855,-6.2425
gen159,14.74,1.1,9666.45,0.606985,12.2964,10.236,25.2165,7.73
gen160,12.95,1.18,6723.85,0.617353,9.62226,4.13476,10.2738,16.8425
gen161,15.28,2.24,3694.65,0.544062,30.7641,6.44518,13.843,-19.6075
gen162,12.9,1.47,6916.14,0.620593,11.9093,6.96732,17.4873,29.6
gen163,14.09,1.36,6355.72,0.590955,13.5583,6.86954,18.3235,0.844994
gen164,14.78,2.13,7939.49,0.592339,26.9256,9.447,16.5126,24.5375
gen165,14.11,1.24,6866.13,0.594939,13.1407,7.42467,18.0685,-6.04
gen166,13.52,2.43,9204.66,0.630071,23.2199,11.3737,24.0411,86.3
gen167,14.39,1.09,6149.32,0.582494,10.7739,5.76631,15.9294,-23.86
gen168,13.08,1.33,10515.5,0.649062,12.4754,6.81498,17.4874,35.4725
gen169,16.4,1.7,4605.63,0.528387,28.3618,9.63903,21.4969,-52.615
gen170,14.91,3.84,5132.89,0.567263,49.6343,5.75133,9.98211,58.5575
gen171,11.63,1.27,3702.5,0.617388,10.4207,4.1826,10.065,23.93
gen172,21.49,2.16,8605.58,0.460743,52.9258,11.7032,15.4491,-2.395
gen173,11.27,1.15,3707.74,0.62462,7.04524,2.1442,6.14433,42.965
gen174,16.99,2.14,4378.74,0.514975,40.5206,6.50759,16.7935,-32.5675
gen175,13.26,0.92,3225.43,0.579075,9.28817,3.12252,7.88821,-16.57
gen176,18.04,2.8,5934.11,0.508535,60.1362,9.95285,21.449,6.71751
gen177,14.14,0.85,5698.6,0.583166,12.3492,3.46032,8.29923,1.04751
gen178,13.14,1.02,3927.39,0.588021,7.94469,2.65727,6.51882,-24.67
gen179,13.74,1.69,7604.4,0.609923,17.106,7.67908,17.4885,23.93
gen180,14.65,1.91,7037.72,0.586523,20.165,6.76568,15.8156,19.88
gen181,14.17,1.31,10790.5,0.629144,14.5166,11.6957,28.5333,25.955
gen182,12.95,0.89,6037.39,0.610692,7.69441,2.31924,8.19596,-28.1125
gen183,16.61,1.83,5273.43,0.530306,41.3906,6.83027,13.1658,-24.67
gen184,10.89,1.07,4967.93,0.643623,4.75143,1.95777,5.77999,84.68
gen185,15.66,1.58,3797.22,0.53609,26.0646,5.39148,11.085,7.32501
gen186,14.16,1.75,4680.76,0.575095,22.0173,6.06962,16.5724,9.755
gen187,14.15,1.75,3708.78,0.566552,18.3483,5.58833,10.7475,8.94501
gen188,12.58,1.71,5489.24,0.614715,15.0395,5.02167,8.69646,28.9925
gen189,13.67,0.87,3079.3,0.569266,9.79662,3.69522,8.8785,-12.925
gen190,12.33,0.71,4566.59,0.609872,5.75704,3.19554,8.01074,8.74251
gen191,14.17,1.42,3242.44,0.561395,18.5128,4.78247,9.63775,-11.71
gen192,12.72,0.85,5957.81,0.614627,6.41604,3.50877,9.07055,4.28751
gen193,14.89,1,3036.82,0.544075,13.8346,3.48872,7.58637,-53.83
gen194,12.56,1.04,3980.54,0.60043,8.075,3.125,8.05627,43.9775
gen195,13.41,2.43,4136.09,0.586711,27.1309,5.09749,12.0663,39.725
gen196,12.8,1.66,4905.44,0.604864,12.8185,4.29017,8.63368,29.8025
gen197,17.81,1.96,4337.27,0.497482,47.3558,5.81731,10.6072,-53.83
gen198,10.13,0.78,4258.98,0.652349,3.0218,0.863371,2.67914,28.9925
gen199,12.79,1.82,4429.31,0.601051,20.6955,5.60852,12.6885,27.575
gen200,13.55,1.44,4522.04,0.585662,15.1081,5.19517,12.3826,17.855
gen201,11.98,1.48,4847.76,0.620866,8.97525,3.26162,9.40117,35.675
gen202,10.74,1.22,4883.3,0.646188,5.77884,2.12905,5.08576,61.19
gen203,13.33,2.39,4903.79,0.595194,21.6237,4.21546,9.26197,45.395
gen204,11.19,1.63,5262.42,0.641053,13.9651,4.08212,10.1817,67.0625
gen205,12.27,2.04,5175.16,0.618797,14.8871,3.4572,9.05769,34.6625
gen206,12.83,1.49,2713.93,0.584242,12.3995,4.07263,9.86189,1.655
gen207,12.27,0.74,3215.67,0.598995,6.21602,2.95438,7.07647,-20.62
gen208,13.87,1.63,5383.56,0.587169,18.4982,4.19293,9.99574,-10.2925
gen209,12.29,1.08,2401.33,0.591822,6.54339,2.29967,5.72092,3.07251
gen210,11.88,1.17,2997.78,0.605751,7.82548,2.67775,6.05871,32.2325
gen211,16.06,2.83,4325.06,0.534719,43.1394,4.42737,10.1664,-18.19
gen212,13.02,1.12,5038.67,0.600651,9.7942,3.02504,6.82937,21.7025
gen213,13.13,2.06,4401.14,0.594223,20.6545,3.05794,8.3286,61.19
gen214,12.88,2.2,3893.07,0.595012,22.7887,2.70201,6.80144,21.7025
gen215,11.81,0.78,3393.73,0.6101,7.86217,1.62582,5.18995,17.045
gen216,13.48,2.89,5715.58,0.600257,32.0609,3.67911,6.44073,45.5975
gen217,15.3,2.21,4232.37,0.548441,33.9912,2.82409,6.21444,-11.305
gen218,12.89,1.85,3943.57,0.594678,20.2732,2.19604,5.74627,37.7
gen219,12.53,1.69,3826.37,0.600741,16.243,2.31317,5.65324,35.8775
gen220,11.11,1.02,2868.29,0.62013,6.6307,2.11283,5.1241,47.6225
gen221,12.54,1.41,4437.86,0.605573,9.32354,2.1282,5.71429,12.7925
gen222,12.81,1.88,4794.36,0.604026,13.7735,2.27498,6.33475,35.4725
gen223,12.89,1.46,3996.88,0.594508,15.3924,2.63291,6.47581,33.245
gen224,14.33,2.48,4800.07,0.573898,33.0852,3.33532,6.25972,14.4125
gen225,11.31,1.47,3330.91,0.620941,9.61938,1.86851,4.98724,36.08
gen226,13.95,2.87,3423.29,0.569952,29.0746,2.51607,7.66082,44.18
gen227,12.73,1.23,2638.98,0.585185,11.5981,2.51203,6.5867,19.07
gen228,14.24,3.25,4844.78,0.57743,38.971,2.78567,5.5996,30.6125
gen229,11.42,1.07,3249.4,0.617284,7.86594,1.68719,3.96555,57.14
gen230,12.73,1.15,2260.6,0.581647,12.4031,2.60982,6.597,16.4375
gen231,11.72,1.32,2383.79,0.603757,8.77112,2.19857,5.11589,42.3575
gen232,14.03,2.65,4442.38,0.577116,29.3606,2.2995,5.03274,12.7925
gen233,11.4,1.48,2979.97,0.615953,11.6856,3.34852,6.71944,64.2275
gen234,12.14,1.1,3497.57,0.604799,8.19824,1.82955,4.90375,25.3475
gen235,12.67,1.56,3572.84,0.595371,16.5222,3.79908,7.7509,34.6625
gen236,13.31,1.28,2247.65,0.569849,12.9206,2.31494,4.78879,-15.1525
gen237,13.57,3.1,4890.72,0.591337,31.7921,2.87278,6.49276,22.9175
gen238,11.76,1.54,4009.36,0.617933,13.7359,3.22348,6.1294,33.4475
gen239,12.09,1.58,3850.81,0.609803,16.0096,3.7276,8.49233,54.305
gen240,12.41,1.16,4311.39,0.606685,9.05588,2.26397,5.11281,13.4
gen241,11.33,1.22,3417.08,0.62089,9.78586,3.03937,5.72046,72.935
gen242,11.44,1.7,3344.68,0.618782,11.0427,1.57426,4.16667,39.1175
gen243,11.47,1.54,4694.86,0.630051,11.6946,2.72873,5.49325,55.3175
gen244,11.07,1.76,4935.05,0.640785,11.0895,2.55577,6.01687,57.3425
gen245,13.71,2.1,4848.84,0.586422,22.6158,4.55041,7.82591,12.3875
gen246,11.55,1.23,3621.6,0.618234,7.41659,1.87106,4.09274,34.46
gen247,11.43,1.05,3245.26,0.617009,4.46781,1.66448,3.39019,37.0925
gen248,11.22,1.38,4419.11,0.632431,7.82918,2.04626,4.62568,46.61
gen249,14.15,3.08,4779.71,0.578407,35.5741,3.60646,8.83927,29.8025
gen250,11.64,1.13,2859.31,0.609361,7.09104,2.22326,5.6338,49.6475
gen251,12.39,1.31,5402.98,0.617169,11.3472,3.66972,7.3132,29.195
gen252,11.68,1.37,3327.63,0.613155,9.31073,2.64407,4.90582,16.0325
gen253,12.01,2.28,5776.02,0.629938,15.0297,3.37693,6.89328,76.175
gen254,10.47,1.35,3027.93,0.635245,7.0069,2.40535,5.1472,80.63
gen255,13.42,1.14,4038.97,0.583481,14.2978,3.09598,6.81193,29.3975
gen256,10.77,0.9,3030.44,0.628364,3.67663,1.26854,3.20998,89.54
gen257,10.85,1.12,3108.39,0.627791,6.30929,1.72071,3.62122,71.9225
gen258,15.12,4.49,5265.46,0.565231,65.1287,2.50752,3.21275,44.7875
gen259,11.51,1.56,3706.22,0.620366,10.7299,2.37163,5.84466,59.975
gen260,15.67,3.11,4234.29,0.542369,51.2231,4.23512,8.10661,-16.3675
gen261,10.9,1.11,2324.18,0.619691,5.9417,1.25561,3.16494,64.6325
gen262,12.15,1.67,3815.8,0.608408,14.5034,2.6057,4.5525,35.675
gen263,11.2,1.68,2656.74,0.61748,9.70692,2.69637,4.46961,75.365
gen264,11.35,1.94,5388.82,0.639425,10.9055,2.5336,4.79426,70.7075
gen265,11.61,1.4,3255.58,0.613993,11.3754,2.63778,4.52707,63.8225
gen266,11.53,1.72,3374.24,0.617235,15.4009,2.33491,4.23714,81.035
gen267,10.96,0.93,3678.2,0.630346,5.31777,1.36187,3.05828,57.95
gen268,10.88,1.19,2790.44,0.624431,7.83198,1.6189,3.78684,69.29
gen269,12.65,1.71,3838.65,0.598423,12.673,2.6253,5.0959,69.695
gen270,11.95,1.7,2593.55,0.60156,14.7697,2.21789,4.61832,74.3525
gen271,12.99,3.14,6388.95,0.616785,24.7338,3.61476,6.58811,87.3125
gen272,11.37,1.29,2554.11,0.612419,9.91094,3.03722,5.54328,62.2025
gen273,11.37,1.8,4870.23,0.634114,15.3241,3.91204,5.51432,92.9825
gen274,10.53,1.08,2701.97,0.630631,5.76331,1.40783,3.16518,115.865
gen275,12.33,1.56,3585.92,0.602463,11.3159,2.51983,4.94756,41.9525
gen276,12.5,1.32,2503.94,0.588838,9.74409,1.99311,4.87961,24.1325
gen277,12.24,1.22,3235.38,0.600588,11.7872,1.74183,4.35366,30.6125
gen278,11.79,1.41,4505.7,0.621568,8.84244,1.83739,4.4318,31.0175
gen279,11.79,1.23,4645.46,0.622526,8.5884,2.23847,4.99599,44.7875
gen280,11.59,2.41,4438.84,0.626735,19.7468,3.15415,6.27079,83.2625
gen281,12.38,1.67,3966.41,0.605045,15.9961,2.88818,7.27962,31.625
gen282,11.82,1.12,2233.1,0.600016,8.56531,1.52272,3.61675,30.005
gen283,10.57,1.44,3784.76,0.640155,10.278,2.11942,3.52518,124.775
gen284,12.09,1.09,2736.04,0.598954,9.04878,2.26829,5.12061,44.3825
gen285,10.92,1.76,2980.63,0.626272,12.7993,2.71639,6.3088,80.63
gen286,11.44,1.92,3780.92,0.623074,15.0012,3.22126,7.18506,83.06
gen287,12.04,1.79,4035.43,0.612841,14.1273,2.50723,5.35433,86.705
gen288,13.01,1.18,2409.97,0.577297,13.4808,2.8814,5.8242,-8.065
gen289,12.63,0.88,2950.35,0.589456,8.47543,1.83049,4.4672,7.12251
gen290,11.48,1.56,3843.76,0.622219,11.2616,2.32453,4.73064,45.1925
gen291,11.95,2.4,4902.54,0.623508,21.571,2.53916,4.47656,62.6075
gen292,11.68,1.24,2575,0.606165,10.4933,1.6752,4.12455,30.815
gen293,11.97,1.77,5409.55,0.62661,13.8723,3.07763,6.2452,39.725
gen294,12.12,3.47,5957.19,0.631295,25.8259,3.52062,4.91672,102.297
gen295,11.62,1.84,4496.1,0.625685,12.9617,2.30534,4.78134,35.0675
gen296,11.58,1.22,5050.25,0.63046,7.36794,1.88166,3.90782,54.9125
gen297,11.41,2.37,4914.22,0.63464,22.0933,2.39035,4.14843,70.1
gen298,11.35,0.71,1976.37,0.606663,4.53535,1.28946,2.73772,12.59
gen299,12.22,2.16,4637.93,0.615188,20.0796,3.30928,5.41351,52.0775
gen300,11.36,1.8,4707.74,0.632857,11.3678,2.06069,5.12821,70.91
gen301,11.2,1.77,4061.51,0.630273,11.2821,2.0979,4.90216,85.085
gen302,11.01,2.51,5064.53,0.644431,20.0786,2.42252,4.28616,84.68
gen303,10.44,2.13,6798.26,0.671093,10.5364,1.78079,3.9957,118.092
gen304,11.91,1.42,4003.38,0.614602,13.0425,2.11251,4.29068,47.42
gen305,13.3,2.46,4644.33,0.593591,37.629,2.62204,3.15114,43.37
gen306,10.93,1.65,3560.73,0.631104,11.8282,2.07209,3.9757,45.8
gen307,12.77,1.93,4228.17,0.599834,13.9124,2.41955,5.17857,40.535
gen308,12.92,1.48,3878.04,0.592856,14.5308,2.70341,4.6285,1.04751
gen309,11.83,1.18,2547.2,0.602738,11.5911,1.79415,3.69398,-0.774994
gen310,11.17,2.48,4826.72,0.638958,16.2387,2.34234,4.54624,71.9225
gen311,11.38,1.35,4674.18,0.631395,10.6418,1.55734,4.29873,47.42
gen312,12.02,1.22,2862.45,0.601744,9.5956,1.96219,3.95729,30.6125
gen313,12.05,2.42,5008.38,0.622442,23.7472,3.15971,5.78035,58.1525
gen314,12.74,2.23,5716.51,0.614345,17.1768,2.40324,4.88956,46.4075
gen315,11.62,2.46,4492.38,0.626685,14.7209,2,3.63493,52.4825
gen316,10.94,3.86,6160.5,0.65798,26.1299,2.63273,3.96837,111.208
gen317,11.1,2.79,6316.65,0.65432,17.6646,2.83401,4.93432,94.6025
gen318,11.75,1.81,4033.35,0.618804,19.8212,2.3845,3.54242,47.015
gen319,10.52,2.76,6577.79,0.668518,16.3385,1.81779,2.89157,92.5775
gen320,11.67,1.88,5420.35,0.633045,14.3873,1.90454,2.54327,39.32
gen321,11.36,2.51,4267.95,0.630082,16.8334,2.44608,4.34183,76.7825
gen322,13.05,2.23,4567.25,0.597642,22.474,3.33333,5.58276,38.7125
gen323,11.82,1.79,4875.94,0.624918,12.5381,2.46075,4.8333,61.3925
gen324,11.12,2.36,4425.09,0.636169,16.108,2.18223,3.68045,70.3025
gen325,12.72,1.62,3126.33,0.590427,15.5098,2.59344,4.40148,10.565
gen326,11.97,2.2,5931.49,0.632024,13.0985,2.14544,3.80107,47.6225
gen327,11.8,2.41,4572.29,0.623629,18.7863,2.65055,3.51309,66.05
gen328,11.03,2.08,3719.26,0.631196,19.8371,2.04756,2.49242,60.9875
gen329,13.25,1.96,7195.67,0.616746,15.0681,1.7163,3.12629,-0.369995
gen330,12.31,2.68,4386.42,0.611944,20.3663,2.85714,3.78654,47.825
gen331,12.12,2.8,5173.59,0.623126,17.6578,1.87557,3.25339,37.295
gen332,12.05,2.56,5326.78,0.625541,23.6323,2.43963,2.79047,59.3675
gen333,11.38,3.5,5396.6,0.64148,19.8447,2.26488,2.99625,70.1
gen334,13.9,1.73,4126.45,0.575406,18.5297,1.91309,3.28162,18.26
gen335,13.61,2.4,5133.25,0.591533,22.4544,3.27956,4.76826,13.4
gen336,13.06,1.54,3404.04,0.585818,14.3768,2.12596,4.36112,17.045
gen337,15.33,2.06,4729.36,0.552049,21.4021,4.10373,5.62462,5.3
gen338,12.15,2.67,4801.93,0.618949,23.8607,2.48151,2.69094,56.5325
gen339,11.13,2.7,6876.31,0.658592,13.7858,2.09968,2.75111,75.365
gen340,12.16,2.11,5171.78,0.62114,16.6094,2.20805,2.44466,49.85
gen341,12.24,2.31,4557.07,0.6143,17.9314,1.66747,2.74396,64.835
gen342,11.82,2.8,6330.66,0.639694,23.2701,2.39336,3.08693,97.235
gen343,14.59,3.08,6650.61,0.58622,27.4635,2.07171,2.31114,54.305
gen344,14.37,3.48,5333.88,0.579548,33.0396,2.40822,2.62056,63.62
gen345,14.69,2.85,5901.12,0.57704,30.1655,3.57715,3.39975,44.18
gen346,13,2.65,5002.6,0.603286,24.5564,2.6485,3.38704,62
gen347,11.53,3.82,6405.6,0.648017,23.5988,1.90606,2.39464,117.89
gen348,11.41,2.69,5239.47,0.6381,24.9643,2.38209,3.19799,95.21
gen349,12.15,2.61,6664.42,0.635612,18.7558,1.82413,2.13504,67.4675
gen350,14.67,3.59,4661.23,0.567524,44.662,2.35546,2.11323,40.94
gen351,11.33,2.01,4512.97,0.632069,14.4534,1.93326,2.76894,45.8
gen352,13.64,3.28,4597.67,0.587564,36.9317,2.42678,2.2935,53.2925
gen353,10.74,1.11,3631.07,0.634735,6.12673,1.46874,2.32782,45.8
gen354,12.13,2.02,3906.16,0.610214,21.9639,3.01756,3.40633,43.9775
gen355,11.82,2.8,5225.82,0.62975,18.9588,1.56646,2.06386,53.09
gen356,11.75,2.21,4714.76,0.625603,20.2601,2.12183,2.66376,73.5425
gen357,11.87,3.11,5260.25,0.629551,21.2849,1.73754,2.21837,84.68
gen358,10.97,2.31,3896.61,0.634407,14.9734,1.57498,1.83342,85.085
gen359,10.59,2.68,4564.72,0.648831,18.6799,2.15622,2.66003,96.6275
gen360,12.31,2.72,5450.96,0.621592,20.4306,2.24667,2.88478,95.4125
gen361,12.16,2.48,5502.76,0.624735,20.5282,2.13685,2.46679,66.86
gen362,12.64,2.8,4768.06,0.60881,22.9278,2.15705,2.72744,48.4325
gen363,11,0.6,1223.83,0.606886,1.23779,0.19544,0.43535,17.6525
gen364,13.35,2.46,4512.56,0.59138,27.663,2.30978,2.62874,54.71
gen365,11.86,2.36,5001.98,0.626182,19.3512,1.57642,1.69734,91.3625
gen366,12.41,2.45,4583.17,0.611281,23.483,2.49137,2.55327,57.3425
gen367,11.69,2.86,3321.21,0.615375,20.036,1.84602,2.65159,81.035
gen368,10.43,1.59,4040.02,0.645574,8.51742,1.82668,2.48214,71.5175
gen369,12.75,2.16,3867.5,0.597382,22.9536,2.07101,2.15486,27.575
gen370,11.59,2.75,5507.31,0.636918,18.0123,1.95588,2.33147,86.705
gen371,12.9,2.15,3782.58,0.593524,23.0907,1.76245,2.60688,21.095
gen372,12.64,2.64,3872.02,0.600479,21.9105,2.00726,2.78824,34.46
gen373,11.44,3.72,5635.17,0.642763,27.2292,2.12087,2.24152,82.4525
gen374,13.26,2.7,4699.61,0.595309,32.9779,2.90589,2.29503,43.775
gen375,11.5,2.1,3769.47,0.622041,14.4625,1.65024,2.17265,41.345
gen376,14.23,3.69,5078.86,0.580475,35.8086,3.82288,4.89462,69.8975
gen377,12.53,2.05,3366.36,0.597201,20.1218,2.36297,2.77778,18.8675
gen378,13.52,2.66,5491.01,0.597032,27.6216,1.78378,1.76327,24.9425
gen379,12.08,3.1,4486,0.618259,28.8795,2.50372,2.25315,71.72
gen380,11.76,4.97,5576.16,0.637751,39.6007,2.92479,2.83473,118.903
gen381,13.76,2.5,5189,0.589124,29.4024,2.417,2.65303,16.4375
gen382,11.63,3.74,6089.07,0.642984,25.5511,2.33918,2.18327,53.495
gen383,12.34,5.07,7152.87,0.64021,40.1645,1.50411,1.01449,131.458
gen384,11.29,3,5971.72,0.647669,18.9372,2.18675,2.58508,80.0225
gen385,11.56,3.61,6841.93,0.650979,24.41,2.31643,2.50714,75.5675
gen386,12.84,5.51,5892.01,0.61934,48.7675,2.00762,1.42553,117.485
gen387,13.5,2.77,3539.77,0.580064,27.6254,2.57689,2.04978,42.3575
gen388,13.15,2.78,5973.36,0.609163,26.4111,1.96902,1.63238,34.46
gen389,9.93,1.68,3925.08,0.654946,11.8619,1.60983,1.9456,96.02
gen390,11.47,4.71,5581.84,0.643317,32.5088,1.94834,1.84379,102.702
gen391,11.87,2.98,4586.43,0.62327,27.4094,2.1708,2.12802,76.3775
gen392,12.08,2.88,6664.58,0.637499,19.1605,1.94087,2.11842,51.47
gen393,11.89,2.13,6197.59,0.635944,17.0148,1.9479,2.55462,41.5475
gen394,11.66,2.29,3663.95,0.618126,18.8254,2.73909,2.76792,44.7875
gen395,11.65,3.01,6030.54,0.64083,20.4659,1.78652,1.93786,81.44
gen396,11.5,2.99,6009.37,0.643683,23.1488,1.822,2.28035,78.2
gen397,12.09,3.4,5844.76,0.630782,22.9256,2.03888,2.16756,62
gen398,11.78,2.86,4298.52,0.622325,27.8306,2.45005,2.24493,79.2125
gen399,10.74,4.04,5731.74,0.658524,31.3245,2.55799,2.45609,141.38
gen400,12.31,3.78,6010.55,0.628395,33.5446,3.29108,3.48179,85.2875
gen401,11.65,3.25,7207.95,0.651827,21.279,1.14839,1.53163,98.855
gen402,14.22,3.82,5281.49,0.582721,44.7761,2.62687,2.21325,37.295
gen403,10.9,3.59,7020.99,0.666095,20.4137,2.1939,2.60552,106.955
gen404,12.82,3.26,4576.51,0.60416,37.6792,3.29262,2.36491,79.415
gen405,12.06,2.91,4631.26,0.61966,24.0958,2.30155,2.22147,66.05
gen406,12.53,2.46,4780.67,0.610613,15.9972,2.0664,2.36367,51.6725
gen407,13.01,3.79,5509.34,0.609542,39.9151,2.20276,1.50376,85.895
gen408,10.91,4.17,4789.53,0.646774,26.7409,2.01414,2.18798,141.178
gen409,12.19,2.36,5138.37,0.62064,19.5335,2.23845,2.34951,63.62
gen410,13.12,3.72,4871.57,0.601429,26.5281,2.05379,1.87083,56.735
gen411,12.5,3.2,4900.28,0.613538,24.7861,2.70913,2.87384,81.44
gen412,13.01,2.48,5694.65,0.609026,27.7124,2.9281,3.10808,70.91
gen413,12.11,3.48,3971.24,0.613644,30.279,3.0303,3.06877,84.68
gen414,13.22,2.62,5703.74,0.605034,23.8192,3.04723,3.16664,33.65
gen415,11.96,1.51,3351.59,0.60786,11.401,2.42125,2.9842,38.105
gen416,12.6,3.64,5422.73,0.616923,39.8628,3.20122,2.5955,113.84
gen417,11.47,4.08,5657.2,0.642946,28.9633,2.81088,2.45962,124.37
gen418,11.09,2.38,6781.42,0.658025,18.0571,2.78806,3.02785,101.893
gen419,11.05,2.21,5325.76,0.645461,18.7655,2.41917,2.90621,120.928
gen420,10.91,2.28,4664.11,0.642495,18.0004,2.81534,3.35827,83.87
gen421,10.72,1.43,3776.8,0.63699,10.7458,2.40705,2.82193,125.18
gen422,10.52,4.45,5519.41,0.661809,26.9689,3.44684,3.09823,187.955
gen423,10.02,2.2,3487.72,0.650031,17.96,3.45131,4.26218,118.902
gen424,10.28,2.88,5141.85,0.660718,18.8728,2.44008,2.47724,161.833
gen425,10.2,2.48,5003.94,0.660451,17.4254,2.77366,3.03458,103.513
gen426,11.68,2.24,5161.12,0.631107,25.0943,3.20452,3.05556,57.3425
gen427,12.02,2.95,5219.17,0.625838,23.0623,2.66286,2.63072,86.9075
gen428,11.05,2.92,4007.32,0.634779,21.6959,2.87692,3.04956,72.935
gen429,11.97,3.12,4435.32,0.620092,29.9351,3.17384,2.80064,103.107
gen430,12.63,3.79,5882.11,0.620692,26.0933,2.36772,2.29133,81.845
gen431,11.96,2.33,3599.92,0.611462,27.4637,3.17659,2.7255,82.0475
gen432,14.19,2.9,4065.71,0.570861,35.8686,4.69605,4.17313,5.9075
gen433,11.76,3.03,5575.1,0.634508,23.0189,3.67925,3.68272,98.855
gen434,11.38,5.44,6280.31,0.652666,38.387,6.51048,6.29877,188.765
gen435,12.71,4.52,5463.71,0.616502,28.3032,4.82414,4.9541,102.905
gen436,11.69,2.12,5577.51,0.634449,17.0161,3.09991,3.43276,72.125
gen437,11.82,2.18,4319.5,0.62056,12.8541,3.48864,4.86166,63.8225
gen438,11.47,3.24,5458.27,0.639755,22.3611,4.21781,4.27392,108.575
gen439,11.36,3.34,5314.97,0.640889,23.5307,3.00346,3.35581,97.4375
gen440,12.38,3.34,6006.74,0.626191,27.5681,3.67893,3.41814,84.0725
gen441,15.7,2.95,5033.63,0.548681,42.0159,6.40804,5.88885,10.16
gen442,12.18,3.52,5969.59,0.63026,21.9655,3.78151,4.56229,88.5275
gen443,12.61,2.99,4730.2,0.609401,23.7626,3.57055,3.89105,70.91
gen444,11.97,3.57,6357.41,0.638141,25.0342,2.71318,2.73438,90.755
gen445,11.14,1.98,4897.84,0.639381,13.7494,2.84939,3.43484,75.5675
gen446,10.39,2.37,3857.5,0.646052,14.2279,2.44941,2.85264,96.2225
gen447,11.66,3.43,6029.39,0.641315,24.1132,2.76156,2.40629,113.435
gen448,11.62,2.9,5462.92,0.636153,19.8557,3.01771,3.45006,90.755
gen449,13.02,3.5,4940.68,0.603735,36.9101,3.98102,3.05534,65.8475
gen450,10.53,2.08,4864.78,0.651763,12.6364,2.2261,2.4574,86.9075
gen451,11.31,3.42,5720.13,0.645694,26.6235,3.77148,3.35456,123.56
gen452,11.24,2.8,5403.84,0.64325,18.8202,3.23575,3.30605,68.885
gen453,11.04,1.71,4694.41,0.639151,14.2825,2.72047,3.10022,62.405
gen454,11.9,2.13,4567.56,0.621068,17.7312,3.18192,3.45493,83.2625
gen455,11.07,2.78,5233.24,0.645168,15.2546,3.22651,3.72637,118.497
gen456,12.3,2.99,6212.64,0.629102,24.3059,3.38529,3.07302,79.415
gen457,12.68,3.11,4833.12,0.609092,27.251,4.51397,4.08794,60.785
gen458,10.72,2.38,5790.77,0.656699,17.2318,3.75347,3.85124,92.9825
gen459,10.82,1.84,4684.17,0.643788,14.1718,3.01151,3.82018,92.78
gen460,11.58,3.62,4924.78,0.633331,23.4248,2.88029,3.17104,76.985
gen461,9.95,2.26,5670.27,0.671209,13.3676,3.14168,3.33674,128.217
gen462,11.96,2.03,3794.51,0.612713,18.2432,4.72973,5.47945,78.8075
gen463,11.12,3.2,6149.9,0.653093,19.8933,3.68971,3.74801,118.497
gen464,12.25,1.5,5484.94,0.621095,10.6579,2.2872,2.63551,44.585
gen465,12.11,2.05,4691.16,0.61774,13.7939,2.10259,3.13034,35.4725
gen466,10.6,2.61,3498.25,0.638911,17.9898,2.8241,3.17904,116.068
gen467,14.84,2.35,4675.64,0.5621,22.9522,4.05368,3.55777,43.9775
gen468,12.79,3.64,5394.3,0.612769,23.7161,4.36047,4.53737,68.6825
gen469,10.54,3.13,6064.7,0.664107,22.468,3.25309,3.01614,122.143
gen470,10.98,0.91,2774.99,0.621774,4.39991,0.893052,1.767,34.865
gen471,11.46,2.32,3757.46,0.62312,18.625,2.96563,2.88331,52.4825
gen472,12.72,3.32,4952.24,0.609693,37.7499,3.25474,2.51555,62.6075
gen473,12.54,6.28,6022.89,0.627955,45.972,3.28027,2.27614,140.975
gen474,10.82,3.27,6120.64,0.6591,22.8608,3.91656,3.69718,106.145
gen475,10.97,3.27,5773.2,0.652896,24.3338,2.86151,2.5019,115.46
gen476,13.71,2.55,4751.95,0.5863,29.6296,4.47761,3.91797,45.395
gen477,11.39,2.99,4898.78,0.635944,26.7075,4.40209,4.19444,86.3
gen478,10.9,3.5,4738.38,0.645402,19.5713,2.82958,3.18522,141.178
gen479,11.31,1.39,4758.26,0.633654,10.2971,2.50168,3.63012,57.95
gen480,12.52,2.5,4855.01,0.611554,22.707,3.14824,3.0491,41.9525
gen481,11.87,3,3786.86,0.616107,21.1426,3.53547,3.35802,77.1875
gen482,12.32,2.15,3299.4,0.601073,21.5883,3.74466,3.91835,28.79
gen483,10.99,1.45,3126.11,0.625629,11.6114,2.28571,2.72544,64.6325
gen484,10.93,2.3,4793.1,0.643279,12.5781,2.20741,2.79482,70.3025
gen485,11.62,2.42,5315.24,0.634024,19.8615,3.17248,2.96583,76.3775
gen486,11.43,2.13,5192.32,0.636332,17.282,2.83126,3.2037,107.36
gen487,11.3,1.03,2924.99,0.61676,7.73953,1.88555,2.7175,39.725
gen488,12.01,1.99,3589.87,0.609779,15.2254,2.66789,3.00091,25.55
gen489,10.85,2.43,4807.99,0.645271,19.7719,3.39969,3.45469,122.143
gen490,11.09,2.73,5724.7,0.649098,16.6702,2.95314,3.60917,85.085
gen491,11.25,2.52,3974.7,0.629716,22.2976,2.91723,2.72162,87.7175
gen492,11.1,4.2,5786.95,0.651903,27.829,3.26209,2.94731,136.925
gen493,12.7,2.44,4234.3,0.602175,20.8291,4.09505,4.09217,53.9
gen494,11.68,2.32,5577.06,0.634983,20.3144,2.40533,2.40532,92.78
gen495,10.96,3.5,5523.72,0.651239,21.2519,2.71394,2.85847,107.765
gen496,11.38,2.04,4318.95,0.629347,16.3382,2.80218,3.63271,71.72
gen497,12.79,2,5138.08,0.60773,20.4901,2.85498,2.94065,46.8125
gen498,13.7,5.46,5899.84,0.601686,58.4671,2.01992,1.31136,137.735
gen499,11.62,2.14,4597.33,0.627096,19.4846,2.43256,2.66689,72.3275
gen500,10.71,2.92,5351.03,0.653846,19.1766,2.20167,2.14863,117.688
gen501,11.55,2.33,4916.64,0.631723,13.4724,1.92787,2.38784,53.2925
gen502,10.52,2.49,4936.73,0.653299,19.1802,2.56742,3.25815,107.562
gen503,11.11,2.5,5241.6,0.643956,16.3359,1.65758,2.10435,70.3025
gen504,11.6,2.71,4913.61,0.631303,23.1267,3.16836,2.95433,65.645
gen505,10.27,3.22,4626.97,0.656856,25.1509,2.84483,2.73573,140.975
gen506,12.06,1.55,3869.9,0.610541,14.3238,1.74503,2.43763,32.03
gen507,12.94,2.12,4896.46,0.602678,14.9576,2.18182,2.99882,20.285
gen508,13.53,2.66,4522.53,0.58811,20.4688,2.87579,3.37529,3.0725
gen509,11.48,1.83,3808.03,0.622348,19.0601,1.95611,2.2068,49.2425
gen510,10.56,2.19,7191.47,0.672271,15.0423,1.95355,2.51667,93.185
gen511,12.44,1.71,5722.39,0.619685,14.9528,2.32277,2.69641,61.19
gen512,11.72,1.9,3592.06,0.615598,16.1313,2.15695,2.35527,46.61
gen513,10.85,2.03,4728.59,0.643889,15.9376,2.46208,2.7929,93.59
gen514,10.09,3.13,5000.69,0.663761,23.0555,2.20699,2.37069,116.473
gen515,11.7,2.39,4495.51,0.624956,21.2341,2.47278,2.60841,63.8225
gen516,11.31,1.68,4933.12,0.635711,13.6374,1.76484,1.93029,42.965
gen517,11.89,2.6,4598.21,0.622333,21.6569,2.007,2.32948,43.37
gen518,10.53,2.96,4570.19,0.650578,17.1677,1.79932,1.88647,102.095
gen519,10.68,2.58,4432.88,0.645632,19.7552,1.83622,1.88206,105.942
gen520,11.85,2.72,5535.27,0.631787,19.0401,2.42207,2.40604,67.8725
gen521,11.42,2.73,5486.63,0.640186,17.3689,2.08427,2.54705,91.565
gen522,11.82,1.7,3944.78,0.616388,17.6916,2.59293,2.90087,57.545
gen523,11.33,2.82,5342.09,0.640881,21.5162,2.6087,2.24809,49.04
gen524,12.1,1.99,5562.03,0.625683,19.9101,2.22333,2.45887,68.6825
gen525,11.04,2.45,5243.77,0.645329,19.607,2.00983,1.9913,99.665
gen526,10.75,2.35,4725.87,0.64645,18.9474,2.19119,2.38538,109.182
gen527,12.09,2.47,4744.73,0.619332,22.4949,2.45399,2.04702,43.37
gen528,10.39,2.54,3998.96,0.647609,18.0803,2.31909,2.36526,86.9075
gen529,12.28,1.69,4448.21,0.611466,14.5645,2.42742,2.86655,46.205
gen530,11.38,2.87,5903.92,0.644995,21.1486,2.61261,2.48949,104.322
gen531,10.82,2.52,4059.87,0.639303,16.5032,2.06823,2.1495,103.513
gen532,10.69,2.01,4648.83,0.64642,12.9928,1.3777,1.65028,88.5275
gen533,11.61,3.25,6011.51,0.641879,23.3543,2.62872,2.6451,104.12
gen534,12.68,1.46,4572.9,0.604,12.8186,2.32843,2.69024,25.145
gen535,12.39,1.85,3921.42,0.604735,14.7609,2.42777,2.338,33.4475
gen536,13.04,2.31,4847.18,0.6005,21.173,2.98211,3.21691,57.14
gen537,12.38,1.96,4444.29,0.609829,18.8275,2.50547,2.51412,44.7875
gen538,10.65,3.38,6267.67,0.664094,19.8093,2.01271,2.08993,122.75
gen539,11.88,2.1,3368.72,0.610639,22.5236,2.94811,2.73337,52.685
gen540,11.08,2.79,5161.2,0.644332,20.4525,1.94241,1.88836,83.2625
gen541,11.96,2.06,4436.98,0.618546,16.2117,1.72414,2.07067,43.9775
gen542,11.63,2.16,4747.41,0.628275,14.8191,1.56718,1.91886,37.9025
gen543,11.3,3.31,4631.11,0.635915,29.4657,2.84338,2.67455,99.0575
gen544,11.99,2.48,5313.76,0.626521,20.9624,2.39437,2.15997,61.3925
gen545,11.35,1.83,3747.9,0.624473,15.8466,1.6863,2.24105,70.91
gen546,11.96,2.21,5570.14,0.628994,19.8895,1.65746,1.80809,46.4075
gen547,11.02,3.67,6254.36,0.656867,26.7167,2.7897,3.16951,116.473
gen548,10.74,2.86,4868.98,0.648793,19.0886,3.03095,2.88537,115.055
gen549,11.99,2.42,4086.76,0.615378,18.8501,2.52121,2.65405,46.205
gen550,10.41,3.85,5517.19,0.663046,22.9348,2.65449,2.53126,153.733
gen551,11.78,2.22,4754.36,0.625361,18.4109,2.08854,2.10526,47.42
gen552,11.93,3.13,4542.9,0.621898,24.3173,2.58945,2.74351,84.275
gen553,12.47,2.64,4358.44,0.608344,22.4465,2.06712,1.81488,39.5225
gen554,11.26,2.91,5546.84,0.64431,21.8466,2.4274,2.02724,69.0875
gen555,11.02,2.49,4878.77,0.642521,19.4506,2.25547,2.54042,90.755
gen556,11.28,2.61,5126.58,0.639617,17.6813,1.9248,2.16113,74.96
gen557,12.35,2.48,4889.13,0.615315,20.9461,2.4241,2.73315,62.6075
gen558,10.85,3.96,5616.91,0.655101,26.2564,1.81005,2.00185,144.62
gen559,12.1,3.58,5776,0.630258,24.8341,2.08286,2.37715,65.645
gen560,11.94,3.51,4972.08,0.626189,26.8133,2.24614,2.27665,90.9575
gen561,12.36,2.79,4845.21,0.615231,29.2437,2.53757,2.12732,60.38
gen562,11.22,3.28,4316.89,0.634678,18.433,2.15843,2.46825,63.8225
gen563,11.61,2.22,4821.76,0.629455,17.8515,1.87317,2.25414,77.795
gen564,12.59,1.81,5511.16,0.614874,19.0064,2.19108,2.25086,30.815
gen565,12.39,3.59,6324.81,0.629266,24.9941,2.09461,2.03752,103.31
gen566,10.25,4.28,5737.69,0.669029,24.0081,1.81078,1.52171,141.582
gen567,11.92,2.09,4684.92,0.621648,20.7907,1.92903,2.20037,60.38
gen568,10.85,3.04,3662.08,0.635974,22.1655,1.78685,2.06169,97.0325
gen569,11.44,1.93,4855.05,0.632758,16.7679,2.14853,2.25883,58.76
gen570,11.12,2.55,3398.59,0.627248,22.4754,1.9437,1.62845,48.23
gen571,11.36,2.67,4816.8,0.635288,20.3405,2.30097,2.19472,70.91
gen572,9.9,3.88,5752.41,0.675674,25.3849,2.14315,2.05659,133.685
gen573,12.06,3.42,5928.82,0.632188,27.5452,2.03615,2.02663,60.9875
gen574,12.35,2.53,4044.88,0.6078,18.131,1.91098,1.90353,24.5375
gen575,12.1,2.55,4847.57,0.620186,20.9152,2.06037,2.2113,38.915
gen576,12.4,3.46,5394.52,0.620471,24.3902,2.32063,2.17842,94.4
gen577,10.4,3.47,3803.07,0.64719,23.2206,2.61424,2.2506,132.065
gen578,11.04,2.71,3929.67,0.633935,22.6043,2.24668,2.12435,91.97
gen579,10.75,2.92,4862.69,0.648631,23.329,2.90799,2.76055,122.548
gen580,9.83,2.02,4777.83,0.665239,14.4891,2.40787,2.58679,93.995
gen581,11.2,2.89,4577.96,0.636788,21.4724,2.32252,2.562,90.5525
gen582,11.16,2.72,5610.82,0.64662,15.7795,1.98564,2.41102,91.7675
gen583,11.28,3.59,7378.37,0.661517,20.8562,2.10757,2.28233,116.068
gen584,11.44,1.79,3629.45,0.621495,13.0415,1.98358,2.85935,74.96
gen585,11.4,2.01,3831.49,0.6245,16.976,2.03712,2.31017,60.38
gen586,10.84,2.95,6286.07,0.659645,18.6953,1.70905,1.59435,102.905
gen587,10.4,2.65,4701.15,0.653907,22.0688,2.76134,2.37347,139.558
gen588,12.48,2.32,4738.88,0.611029,16.3977,2.52632,2.87197,36.2825
gen589,11.37,2.55,4915.79,0.635774,18.8422,2.01162,2.20699,103.108
gen590,11.5,2.2,4935.78,0.632704,18.6996,2.12128,1.99571,85.895
gen591,10.95,2.07,3793.96,0.633493,15.5712,1.9783,2.40467,78.8075
gen592,11.46,2,3521.71,0.620465,16.4754,2.11106,2.43049,87.92
gen593,10.93,2.85,4414.41,0.640787,21.8737,2.85776,2.715,87.92
gen594,12.85,3.74,4702.74,0.605481,39.3047,2.84192,1.85054,71.5175
gen595,10.76,3.38,4902.25,0.649548,22.8453,2.11652,2.34287,134.698
gen596,11.1,3.45,5484.83,0.647934,21.9974,2.24108,2.71943,113.84
gen597,12.22,2.56,4280.46,0.612637,21.7625,1.83599,1.86023,61.595
gen598,11.47,3.28,4138.88,0.627947,27.2832,2.18542,1.86604,111.612
gen599,11.09,1.65,3045.86,0.623188,12.3337,2.07441,2.64392,46.61
gen600,11.95,2.63,5469.54,0.628994,18.2026,1.71077,1.77197,55.925
gen601,11.52,3.39,6003.22,0.643884,25.3205,2.08333,1.88987,82.25
gen602,11.01,2.3,3749.38,0.632244,19.7942,2.3932,2.88331,115.46
gen603,10.45,3.62,5757.2,0.664002,23.8651,2.29105,2.32456,135.912
gen604,11.6,3.9,5316.89,0.636916,31.718,2.31971,1.92225,111.613
gen605,12.42,2.85,5467.19,0.619698,22.1429,2.21429,2.27861,59.57
gen606,12.04,2.5,5660.51,0.62865,22.3285,1.98422,2.18188,41.345
gen607,10.41,2.59,4272.09,0.64974,20.4236,2.47492,2.6717,106.55
gen608,10.72,2.88,4945.78,0.649927,21.3278,1.69234,1.75781,90.1475
gen609,12.14,1.93,5441.64,0.623679,14.7281,1.48936,2.15911,55.115
gen610,11.38,2.11,4168.27,0.628108,15.5011,1.75947,2.07892,41.75
gen611,11.72,3.35,4634.11,0.627393,22.5435,1.87486,1.91411,70.7075
gen611,10.83,3.47,5305.67,0.651893,26.442,1.85478,1.91733,112.625
gen612,11.07,2.39,6575.23,0.656596,15.6978,1.4152,1.88432,84.68
gen613,10.79,3.37,6624.92,0.66442,23.6427,2.03331,2.00809,132.267
gen614,10.94,2.6,5328.55,0.648393,17.6355,2.07605,2.6639,62.2025
gen615,11.62,2.55,4662.89,0.62837,18.2703,1.64619,1.93594,77.1875
gen616,10.86,2.64,4235.44,0.640263,18.3878,1.96078,2.568,95.615
gen617,11.63,1.86,4327.48,0.623996,16.4309,2.05386,2.107,61.19
gen618,11.89,2.79,6359.44,0.6385,18.4587,2.05353,2.37885,88.9325
gen619,11.09,2.28,4424.47,0.636646,20.323,2.78152,2.48538,76.58
gen620,11.14,3.86,5209.99,0.645323,26.8593,2.59244,2.58347,117.485
gen621,12.44,3.09,5256.41,0.617791,27.3786,2.81553,2.57489,74.96
gen622,11.7,2.44,5369.6,0.632906,21.8091,2.06015,1.72327,64.43
gen623,11.04,2.2,5155.31,0.644116,18.1623,2.238,2.68173,75.9725
gen624,11.11,3.31,5469.31,0.647356,21.9219,1.99485,2.09031,133.685
gen625,11.38,2.5,5116.28,0.63729,18.512,2.21007,2.66832,51.47
gen626,12.32,3.75,6394.82,0.631598,25.3162,2.08431,2.37624,105.335
gen627,11.02,1.83,3573.06,0.629669,15.026,2.01648,2.81511,46.8125
gen628,12.64,2.63,5913.22,0.618833,20.9868,1.96896,2.01678,46.205
gen629,13.82,2.08,3635.65,0.573213,23.0855,2.53411,2.36426,1.4525
gen630,12.2,3.98,5583.35,0.62714,33.7712,2.55553,1.99814,96.2225
gen631,12.05,3.54,5387.44,0.62772,30.4507,2.55786,2.5581,91.565
gen632,12.53,2.8,4351.7,0.607319,21.1787,2.18016,2.1383,82.655
gen633,11.57,2.36,5236.25,0.634239,24.5991,2.05189,1.75669,68.885
gen634,10.69,2.13,5339.53,0.652837,15.688,1.92885,2.17909,74.3525
gen635,12.95,1.67,6505.96,0.616209,18.8523,2.3408,2.44768,24.1325
gen636,11.77,2.36,5439.13,0.631962,21.6705,2.27378,2.05953,89.135
gen637,11.82,2.58,5685.88,0.633524,20.593,1.82997,1.98912,76.58
gen638,10.73,2.48,6211.09,0.660443,17.4498,1.69865,2.19688,89.945
gen639,10.14,3.4,4841.52,0.661753,24.7985,2.29386,2.00234,132.268
gen640,11.59,2.44,5374.06,0.635202,18.3272,2.19378,2.03735,69.29
gen641,10.46,4.25,5948.14,0.666565,25.6836,2.39798,2.04475,188.967
gen642,11.79,2.74,5280.26,0.630756,18.8658,2.08095,2.31385,72.7325
gen643,11.35,3.29,6717.83,0.653636,23.5853,2.08239,2.09295,103.513
gen644,11.59,2.48,4897.11,0.630977,20.8247,1.88897,1.91356,91.97
gen645,10.77,3.05,5148.57,0.65101,20.0964,2.01622,1.90164,101.082
gen646,11.81,2.33,4907.26,0.626305,17.3398,2.27484,2.35832,62
gen647,11.67,2.99,4838.39,0.629657,20.3001,1.91968,2.13877,99.8675
gen648,11.3,2.81,5030.78,0.638678,24.8482,2.14853,1.95413,105.133
gen649,11.86,2.87,4349.77,0.621162,20.1744,2.16828,2.20894,76.7825
gen650,10.88,2.81,5424.01,0.650833,20.7197,2.22465,2.34114,105.335
gen651,10.14,2.21,4158.93,0.653627,15.936,1.68294,1.9127,105.335
gen652,11.75,2.85,4826.37,0.627675,21.7431,2.39797,2.28058,67.67
gen653,11.51,3.35,5649.07,0.640835,26.7476,2.5399,2.26719,102.298
gen654,12.13,2.4,3386.92,0.606175,24.7353,2.40616,2.32216,52.685
gen655,12.79,3.56,5394.64,0.612639,29.4729,2.3509,2.12421,89.135
gen656,12.44,2.55,4786.68,0.612663,25.913,2.4012,2.21692,38.3075
gen657,11.24,3.07,4526.5,0.635804,25.8655,2.25597,1.87005,79.6175
gen658,10.91,2.36,5482.46,0.649993,16.7078,2.35796,2.73144,84.8825
gen659,12.12,3.7,6349.4,0.635209,29.1985,2.36164,2.1635,114.447
gen660,11.58,2.15,5045.95,0.631971,18.6831,1.95944,2.15889,77.39
gen661,11.67,1.78,3029.45,0.61136,16.3555,1.98535,2.35641,49.85
gen662,12.35,1.83,4697.71,0.612509,16.4357,1.81558,2.29155,40.7375
gen663,10.81,2.97,5235.55,0.650839,20.0439,2.52193,2.90873,122.75
gen664,11.4,2.77,4512.26,0.631894,16.5595,1.50743,1.99067,86.9075
gen665,11.36,3.51,5629.09,0.643999,26.4706,2.54011,2.32665,112.423
gen666,11.01,3.03,5070.39,0.64535,22.991,2.18962,2.05033,124.775
gen667,11.26,3.29,5091.34,0.640844,26.775,2.31471,1.92201,105.942
gen668,11.57,3.14,4251.53,0.626677,27.8119,2.49943,2.41019,78.2
gen669,12.78,2.34,4452.41,0.602331,23.1679,2.87992,2.91999,35.0675
gen670,12.34,3.1,5076.15,0.618237,29.5858,2.26824,2.30047,76.7825
gen671,11.9,1.68,2987.9,0.606101,16.0552,1.96308,2.0957,32.435
gen672,10.75,3.39,5228.73,0.652709,23.8614,2.57137,2.56849,107.765
gen673,10.3,2.32,4677.45,0.655195,17.1921,2.48003,2.73619,96.02
gen674,11.92,3.13,4143.31,0.618506,26.4983,2.38806,2.12321,64.43
gen675,11.64,3.49,5854.38,0.64025,21.9766,1.87928,1.73622,95.4125
gen676,11.68,2.57,4236.82,0.623338,22.8145,2.6534,2.67964,71.5175
gen677,11.79,7.04,6318.18,0.647264,45.2492,2.1041,1.58196,167.098
gen678,11.77,1.8,4886.93,0.626059,14.9647,1.91039,2.54812,58.1525
gen679,11.8,2.85,5117.04,0.629265,24.6939,2.3793,2.13099,94.6025
gen680,11.65,3.46,6205.18,0.643152,22.4238,1.99373,2.32283,91.3625
gen681,12.37,3.95,6328.01,0.630305,26.5074,1.67888,1.31798,101.892
gen682,13.4,2.08,3301.56,0.578822,26.4,2.58667,2.22491,11.78
gen683,12.03,2.52,4916.19,0.622189,20.2722,2.34632,2.34348,61.19
gen684,10.24,3.89,5236.29,0.664071,21.6505,1.9963,2.153,145.228
gen685,10.78,3.49,5196.32,0.651968,29.0474,2.17856,2.06376,121.333
gen686,11.57,1.69,3740.25,0.619658,15.2421,1.50568,2.03785,64.2275
gen687,11.7,1.79,4088.21,0.62029,14.9603,1.77653,1.95113,50.0525
gen688,11.96,2.52,3891.87,0.614406,19.9258,1.90211,1.98979,31.625
gen689,12.09,2.38,5165.09,0.622965,23.1901,2.11251,2.02833,54.305
gen690,11.71,3.31,6023.21,0.640033,21.0064,1.77983,2.04664,69.0875
gen691,11.74,2.7,3702.22,0.617512,27.9802,2.35128,2.63896,68.075
gen692,12.34,2.57,4435.71,0.611589,21.4083,2.15742,2.20728,87.7175
gen693,11.17,3.08,4940,0.640978,21.7987,1.62741,1.50706,89.7425
gen694,11.58,2.14,3908.22,0.621715,18.516,2.45807,2.49545,60.5825
gen695,12.35,2.47,4659.45,0.613231,21.4773,2.37591,2.52191,51.2675
gen696,11.04,3.49,6757.93,0.660689,21.9237,1.64645,1.63602,109.993
gen697,10.58,3.16,5172.05,0.655302,20.6316,1.72632,1.56546,101.488
gen698,11.75,3.13,5941.16,0.638174,25.5392,2.29463,2.34916,116.067
gen699,11.72,2.63,5090.36,0.630299,19.8718,2.15201,2.01753,70.505
gen700,11.19,2.79,5692.47,0.646857,21.2108,1.82057,1.71577,50.66
gen701,11.28,3.66,5033.75,0.640532,22.7823,1.90412,2.08267,102.5
gen702,12.52,3.54,5053.58,0.615074,30.8263,2.03593,1.57385,86.3
gen703,12.03,2.06,5722.19,0.628677,19.9068,1.96127,1.93312,65.4425
gen704,11.67,2.68,4753.24,0.628374,22.7346,1.94999,1.76056,80.0225
gen705,11.33,3.14,5245.85,0.640549,27.6071,2.22023,1.9097,84.275
gen706,13.02,1.8,3840.29,0.590998,21.7347,2.25716,2.52687,14.615
gen707,10.75,2.83,6466.15,0.662912,21.1462,1.82141,1.66812,120.725
gen708,11.62,2.63,5519.21,0.63621,19.6773,1.99955,2.22184,59.165
gen709,10.94,3.81,6310.65,0.659248,25.4849,2.29406,2.15174,95.21
gen710,11.82,3.39,6429.31,0.641565,25.4533,2.05955,1.84664,79.01
gen711,11.07,2.52,4041.3,0.634008,19.6114,1.92047,1.9212,99.8675
gen712,12.09,2.86,5344.58,0.625381,28.3784,2.35872,2.30466,86.705
gen713,10.68,3.6,4965.16,0.652122,27.6659,2.75599,2.62183,116.473
gen714,10.92,1.92,3864.12,0.63449,19.6453,2.21096,1.97953,93.3875
gen715,12.14,2.18,4453.01,0.615198,17.049,1.95605,1.97333,41.1425
gen716,11.94,2.08,5719.53,0.630532,20.0236,1.86761,2.05679,75.9725
gen717,12.43,2.46,6180.76,0.625265,21.8186,2.63533,2.92318,44.7875
gen718,11.55,3.19,5738.28,0.640551,22.4694,2.11076,1.99875,97.4375
gen719,11.77,2.11,4304.02,0.62133,19.9333,1.78614,1.72566,66.455
gen720,10.22,2.53,5026.86,0.66033,15.98,1.31086,1.46082,116.067
gen721,12.15,2.11,3141.13,0.603069,19.0522,2.15414,2.19663,44.7875
gen722,12.2,2.59,3703.18,0.607902,26.7835,1.94789,1.71717,54.9125
gen723,11.54,2.53,4946.08,0.632526,26.943,2.56712,2.57644,93.59
gen724,11.94,2.03,4660,0.620913,18.101,1.92308,2.36871,53.6975
gen725,10.66,2.41,4633.76,0.647567,19.5863,1.71655,2.04014,106.955
gen726,12.19,3.77,5082.71,0.622489,28.2045,2.28812,2.11443,94.6025
gen727,11.44,3.24,4618.98,0.632817,22.1053,1.63494,1.7564,88.73
gen728,12.02,2.28,4184.25,0.615407,18.4547,1.95485,2.457,59.3675
gen729,12.11,2.52,5379.1,0.624714,21.0551,1.97833,2.06909,44.3825
gen730,10.84,4.99,6068.3,0.661085,30.461,2.09718,1.97498,148.265
gen731,11.37,2.56,5317.93,0.63941,21.1556,2.02578,2.05479,88.5275
gen732,12.04,2.06,5201.8,0.623788,19.9007,1.86717,1.55955,19.475
gen733,12.17,3.55,4444.84,0.616792,23.7601,2.50225,2.7027,81.845
gen734,10.82,2.7,4794.47,0.646214,19.4856,1.91805,1.93448,123.965
gen735,12.32,3.34,5318.53,0.621228,25.023,2.25806,1.97647,88.9325
gen736,11.33,1.96,4230.87,0.629447,12.4536,1.59493,1.86792,72.125
gen737,12.17,2.67,4131.39,0.612504,24.3269,2.78771,2.96167,46.4075
gen738,11.55,2.43,5718.18,0.639103,17.1765,2.01677,2.00835,73.9475
gen739,13.02,2.51,5122.88,0.603725,25.2593,2.39506,2.50865,81.2375
gen740,11.25,1.65,3594.18,0.624841,16.7555,1.87717,2.14223,54.9125
gen741,11.69,2.62,6965.69,0.647776,22.4265,2.25184,1.99391,82.25
gen742,12.04,2.06,2607.31,0.600438,15.53,2.11982,2.04741,59.975
gen743,11.99,2.26,4738.67,0.620979,18.2876,1.55886,1.77021,73.5425
gen744,12.23,2.74,5097.29,0.620083,27.7015,2.15201,1.7703,50.66
gen745,10.75,2.61,4651.91,0.646217,17.7223,1.7701,2.36591,105.538
gen746,11.62,2.76,5540.02,0.636614,23.9652,2.49294,2.5584,96.83
gen747,12.46,3.7,5732.31,0.622681,31.1025,2.19031,1.59916,90.35
gen748,11.77,2.65,5566.01,0.633588,22.4142,2.55621,2.43825,82.8575
gen749,12.63,1.99,3620.23,0.597335,25.1479,2.33993,1.98584,38.51
gen750,12.08,2.76,5969.58,0.631044,21.4383,1.76951,1.74507,64.025
gen751,10.99,3.03,5206.66,0.646987,25.4665,2.5247,2.37118,123.56
gen752,12.39,1.49,3961.29,0.604494,13.9634,1.7573,2.07461,31.4225
gen753,11.13,3.44,6015.7,0.65208,24.5226,2.53906,2.36019,137.735
gen754,12.22,2.42,5214.23,0.620808,18.2179,1.95941,2.12622,54.5075
gen755,12.77,2.16,4195.17,0.599921,23.2268,2.12288,1.86194,25.145
gen756,11.98,2.68,4581.95,0.620473,22.6519,2.42613,2.39521,80.8325
gen757,12.78,3.06,6981.88,0.626296,28.7309,2.95873,2.60842,77.795
gen758,12.06,4.6,5298.07,0.628478,32.0729,1.77677,1.60363,116.472
gen759,11.46,3.34,6061.17,0.645553,24.9598,1.86164,2.00226,96.6275
gen760,11.99,3.07,5441.96,0.628658,25.0704,2.20657,2.00863,96.6275
gen761,13.73,1.45,3286.73,0.570869,15.0267,2.03209,2.37649,-2.39499
gen762,12.75,2.3,3656.25,0.595714,25.1754,2.37976,2.07036,26.5625
gen763,12.44,3.48,5236.58,0.618263,33.2368,2.5344,1.82986,83.06
gen764,12.82,3.01,6290.5,0.61917,24.1783,2.57325,2.13465,72.53
gen765,11.68,2.4,5033.83,0.630228,20.1907,1.54946,1.4816,52.28
gen766,13.92,2.08,5092.94,0.584277,21.9638,2.46146,2.42654,25.55
gen767,11.41,2.58,4813.13,0.63408,22.1158,1.73279,1.50353,89.135
gen768,12.51,1.77,3373.55,0.597209,16.4351,1.74241,1.88819,87.3125
gen769,12.32,2.4,4516.54,0.612444,18.7775,1.58924,1.96551,94.6025
gen770,12.43,2.89,5243.43,0.617546,24.5714,1.80952,1.86826,85.49
gen771,11.95,2.24,5358.91,0.627348,16.9144,2.28828,2.20257,102.5
gen772,11.91,1.57,5095.07,0.624677,14.5104,2.02526,2.40813,84.275
gen773,11.72,1.78,3627.65,0.615718,14.7852,1.55393,1.60907,58.1525
gen774,11.83,2.39,4906.73,0.62599,22.3801,3.27632,3.47797,69.29
gen775,13.35,2.38,3446.9,0.581655,24.6381,1.6546,1.59631,37.4975
gen776,12.65,3.04,5423.67,0.614905,22.5977,2.22989,1.9526,86.9075
gen777,11.91,1.56,3393.09,0.609343,15.2778,1.85185,2.43902,40.13
gen778,12.37,2.6,4432.94,0.610999,26.8916,2.38154,1.90722,59.975
gen779,10.28,3.56,6216.67,0.671524,23.8667,2.33906,2.15775,168.11
gen780,13.86,4.22,5411.87,0.591945,32.5707,2.5964,2.15698,74.15
gen781,11.8,3.78,6048.27,0.639196,22.7125,1.36275,1.38673,131.053
gen782,12.83,2.73,5315.32,0.609721,30.4621,1.78302,1.69078,82.655
gen783,11.87,2.11,5749.23,0.632285,16.4876,2.00841,2.20104,71.315
gen784,12.99,2.89,5168.61,0.605385,28.4808,2.03435,1.7648,82.8575
gen785,13.47,2.68,3785.75,0.582743,29.386,2.47678,2.2245,38.3075
gen786,11.67,2.2,6419.29,0.642568,17.0409,1.9982,3.01548,88.325
gen787,11.46,3.94,5680.03,0.643123,31.6045,3.22225,2.44755,121.738
gen788,11.4,3.23,5027.6,0.637298,25.3791,2.47547,2.19311,131.458
gen789,13.31,2.17,5253.59,0.598386,24.6138,2.02583,1.68163,60.5825
gen790,11.33,2.5,3587.43,0.624556,24.648,2.26171,2.19987,93.3875
gen791,12.24,1.84,3950.81,0.60806,16.9643,1.66506,1.80561,8.33751
gen792,12.53,2.14,3625.02,0.599679,21.173,1.48455,1.55264,75.9725
gen793,12.85,2.11,4433.31,0.600339,22.6235,2.78405,2.19834,42.3575
gen794,13.32,1.97,3491.34,0.581987,20.6034,1.75348,2.09671,25.55
gen795,12.17,2.81,5243.81,0.622749,22.9631,2.37145,2.32558,83.06
gen796,12,3.39,5326.06,0.627944,31.6241,1.99536,1.42257,99.8675
gen797,11.16,3.84,6070.54,0.652625,26.4195,2.29269,2.03963,150.695
gen798,12.19,2.39,3527.77,0.606195,22.0497,1.67224,1.70513,58.355
gen799,11.54,3.41,4912.6,0.633692,25.1235,1.81859,1.52919,116.068
gen800,10.74,2.07,3349.85,0.633804,17.7398,2.35523,2.23345,136.723
gen801,11.75,2.22,4143.12,0.620475,19.0309,1.87266,1.62354,80.4275
gen802,13.54,4.12,5682.77,0.600781,38.3194,2.07542,1.45934,83.06
gen803,12.42,3.37,6519.18,0.630033,22.9038,2.15538,1.54131,117.282
gen804,13,3.4,5019.08,0.604685,27.8031,2.10553,1.98708,75.77
gen805,12.47,2.66,4957.14,0.613766,27.05,2.125,1.93755,29.3975
gen806,11.96,2.26,4623.56,0.620558,20.1945,2.19358,2.58416,87.3125
gen807,11.96,4.13,5128.88,0.628223,35.9506,3.42498,2.42491,144.012
gen808,13.44,1.75,4018.18,0.583901,18.768,1.65138,1.98234,42.7625
gen809,12.3,2.24,3782.21,0.605978,22.6378,2.18606,2.29008,76.58
gen810,12.17,2.55,4755.86,0.617925,20.046,2.25287,2.79634,57.14
gen811,13.17,1.6,3040.34,0.580389,18.8226,2.12228,2.15407,28.9925
gen812,11.21,2.47,4696.13,0.636946,18.5051,1.78935,2.04802,97.4375
gen813,11.59,2.89,4762.39,0.630447,21.6617,1.84889,1.9345,99.0575
gen814,11.34,2.24,4025.69,0.627862,21.0424,2.37576,2.45485,67.67
gen815,10.81,3.98,5073.25,0.651062,31.9149,2.96514,2.60078,160.212
gen816,12.15,2.81,4722.44,0.618467,26.403,3.12574,2.79028,129.23
gen817,11.78,2.15,4762.83,0.625321,23.8163,2.74621,2.50974,76.58
gen818,12.3,4,5149.11,0.621214,30.0497,2.20223,2.07907,124.168
gen819,11.52,3.17,5313.02,0.637306,24.6604,3.61501,3.83037,167.503
gen820,11.42,2.14,3579.83,0.622042,20.0319,2.50684,2.74557,94.1975
gen821,14.02,2.43,4310.64,0.575769,25.5814,2.58688,2.52336,41.9525
gen822,11.59,2.6,4771.47,0.630046,24.2473,2.4635,2.35368,82.4525
gen823,13.16,3.43,5549.15,0.606223,27.7246,2.35568,2.03535,71.1125
gen824,11.62,1.84,4072.05,0.621869,16.1327,1.83066,2.34131,59.3675
gen825,10.93,3.04,5848.53,0.654011,24.9604,2.26296,2.38278,139.153
gen826,11.18,3.56,4447.58,0.637141,24.2209,2.45003,2.4394,113.03
gen827,12.53,2.88,3720.56,0.601772,28.7845,2.80885,2.40864,54.5075
gen828,11.84,1.56,3951.07,0.615801,15.164,1.76646,2.07439,54.305
gen829,12.19,1.76,3666.5,0.606393,15.0817,1.51297,2.02329,71.5175
gen830,10.17,2.73,3179.85,0.645066,19.4078,1.95995,1.88073,144.418
gen831,11.7,2.77,5600.84,0.635537,25.8657,2.33216,2.42604,113.84
gen832,11.41,2.31,4504.63,0.630853,15.9937,2.6245,2.86003,95.4125
gen833,10.89,2.31,4017.85,0.637139,16.3525,2.47698,2.72979,113.638
gen834,12.92,2.12,3135.95,0.587244,23.0463,2.0657,2.30663,53.495
gen835,11.69,2.04,3906.77,0.619279,17.32,1.84594,1.9921,63.4175
gen836,11.58,2.82,4432,0.627562,24.7692,2.56233,2.08266,73.5425
gen837,11.36,2.5,4330.3,0.630627,17.7686,2.17486,2.48609,109.993
gen838,11.78,2.23,4351.06,0.621748,20.8075,2.15646,1.95358,110.398
gen839,11.47,2.36,3071.28,0.616806,22,1.90805,1.71193,86.3
gen840,11.35,2.22,4917.96,0.635654,20.0137,2.00822,2.10284,104.12
gen841,13.15,2.49,4884.09,0.598876,29.0175,2.42261,2.91578,57.3425
gen842,11.75,2.13,3415.58,0.613777,22.2845,2.3624,2.05279,87.515
gen843,11.5,2.1,4162.67,0.625579,18.6697,2.27734,2.39922,76.3775
gen844,12.3,2.58,4844.01,0.616101,27.4524,2.91637,2.56121,98.45
gen845,10.78,2.27,3902.11,0.638287,19.7217,2.73852,2.42902,115.46
gen846,12.34,1.73,3811.64,0.604573,18.3625,1.86938,1.9215,49.2425
gen847,12.54,3,4695.77,0.610544,29.5747,3.11057,2.77143,79.2125
gen848,11.82,3.77,5317.67,0.632194,30.4558,2.57827,2.01005,96.425
gen849,13.37,2.28,4439.22,0.590009,26.3186,2.09903,2.24199,41.5475
gen850,11.11,1.82,3552.29,0.627619,14.7364,1.39703,1.34183,94.4
gen851,11.55,2.13,5425.02,0.635965,21.012,2.26912,2.80624,77.39
gen852,12.14,2.48,4500.87,0.616128,24.5847,2.20693,1.87957,71.1125
gen853,10.49,2.9,4369.63,0.649493,20.6262,1.92511,1.88495,116.878
gen854,11.04,4.71,6071.99,0.656549,31.3854,2.4513,2.48968,145.227
gen855,11.05,3.09,5598.73,0.649385,24.6827,2.93217,2.89053,100.272
gen856,12.21,2.28,4761.41,0.616704,20.089,1.85322,2.03288,79.01
gen857,10.53,4.37,5454.06,0.660883,30.1285,2.40365,2.01559,159.807
gen858,12.22,1.46,5084.39,0.618039,14.798,2.00813,2.98165,80.8325
gen859,12.11,1.28,4064,0.610812,14.3677,2.03203,2.32469,50.0525
gen860,11.36,3.24,6029.14,0.647149,22.039,2.14751,2.23881,92.9825
gen861,12.07,1.96,3586.45,0.608468,19.9806,1.82083,2.35798,57.3425
gen862,12.29,4.01,5802.96,0.62732,27.9824,2.03845,1.64214,95.4125
gen863,12.83,3.72,5373.02,0.611891,30.2245,2.34394,2.01474,57.95
gen864,10.87,3.03,5564.87,0.652672,21.7509,2.02674,2.63389,126.395
gen865,11.34,1.77,3280.4,0.620371,16.7474,1.63783,2.00036,62.81
gen866,10.69,3.29,5566.57,0.656813,22.6554,2.6765,2.78705,114.043
gen867,11.71,1.91,3296.39,0.613159,18.9423,2.25962,2.23815,66.455
gen868,11.33,3.9,6420.93,0.652391,24.5316,1.96165,1.619,138.545
gen869,11.57,3.52,6482.04,0.647385,28.3311,2.66936,2.31788,105.133
gen870,11.51,2.74,4846.64,0.632597,24.4202,2.02944,2.13878,44.3825
gen871,11.88,1.59,3498.16,0.610954,15.7785,1.66821,1.74088,39.1175
gen872,10.89,2.49,5578.26,0.651483,20.1471,2.45153,2.6148,99.4625
gen873,11.24,2.67,5546.03,0.644313,20.7789,2.14649,1.9876,94.805
gen874,12.01,2.19,6516.3,0.636451,16.6744,1.85529,2.16998,66.86
gen875,10.21,3.12,5698.12,0.66756,23.4185,2.36699,2.16444,150.088
gen876,11.39,2.25,3320.89,0.62051,19.5418,1.94731,1.95695,70.3025
gen877,11.13,2.78,5205.05,0.643684,20.2659,1.67354,1.59766,103.513
gen878,11.76,3.56,7524.99,0.65294,26.8241,2.38541,1.98486,142.798
gen879,12.38,2.73,4042.05,0.607493,24.1742,2.68071,2.78013,43.5725
gen880,10.49,3.74,6207.55,0.667435,22.7122,2.17391,2.30268,114.853
gen881,10.76,2.89,5456.09,0.653716,18.9062,1.83721,1.60731,90.9575
gen882,13.65,2.36,4799.95,0.587646,29.9031,2.82212,2.46771,27.575
gen883,11.88,2.28,4182.39,0.618262,20.9187,2.59128,2.5109,76.3775
gen884,11.86,3.04,6555.07,0.641293,21.2823,1.89225,2.26163,103.31
gen885,11.5,3.02,4544.13,0.630546,26.0948,2.07675,1.99067,85.2875
gen886,10.97,3.85,6579.6,0.66112,33.1339,2.71514,2.09734,144.62
gen887,11.1,2.9,7328.74,0.663612,17.9192,1.19461,1.26562,95.4125
gen888,12.03,2.51,4833.95,0.621432,19.6006,1.43985,1.67501,57.95
gen889,11.71,2.9,5903.13,0.638269,22.9052,2.11786,1.94368,85.2875
gen890,11.29,2.68,4792.64,0.636523,22.6735,2.34323,2.30669,61.595
gen891,11.2,3.37,6438.55,0.654333,23.5141,2.62473,2.52139,124.775
gen892,12.21,2.43,5752.55,0.625874,22.8362,2.37194,2.41799,70.3025
gen893,11.68,2.72,5880.1,0.638377,22.4209,2.51268,2.47385,106.55
gen894,12.35,1.76,4238.03,0.608255,14.5638,1.87455,2.07028,7.73
gen895,11.37,2.92,5858.26,0.644873,20.1756,1.51482,1.78719,72.3275
gen896,12.06,2.78,4840.23,0.621324,24.7017,2.43437,1.96774,62.81
gen897,12.33,2.23,4142.94,0.608593,16.2245,1.66706,1.74622,31.4225
gen898,11.58,3.85,7039.2,0.652744,25.5621,2.13927,2.25651,110.6
gen899,12.57,3.25,5624.54,0.618704,26.7211,1.95641,1.81235,57.545
gen900,11.62,2.08,4404.74,0.625263,15.3623,1.47157,1.56447,50.0525
gen901,11.1,2.89,6352,0.654805,17.7459,1.76796,1.63025,94.1975
gen902,11.96,2.97,5401.46,0.628743,26.3767,1.84354,1.92666,70.3025
gen903,12.11,2.56,4973.91,0.621134,22.8727,1.82508,1.55701,45.395
gen904,12.06,2.79,4852.71,0.621453,21.9744,2.99652,3.51818,73.34
gen905,11.49,4.01,5879,0.644415,30.4105,2.1419,1.71479,89.135
gen906,11.2,3.25,5252.15,0.643455,31.402,2.29493,1.6619,94.4
gen907,10.79,3,5944.46,0.65768,22.757,1.8946,1.60159,110.398
gen908,10.94,3.27,4943.17,0.646041,23.3073,2.30035,2.24443,139.355
gen909,11.36,2.72,5124.63,0.638142,20.6202,1.72757,1.79542,98.855
gen910,11.8,3.78,6470.22,0.642994,29.58,1.92136,1.60059,97.8425
gen911,12.52,3.01,4932.1,0.613098,24.6218,1.80576,1.7592,98.45
gen912,12.56,2.16,5234.36,0.613581,22.0936,2.43384,2.51292,38.51
gen913,11.61,2.21,5211.48,0.632946,20.0553,1.93638,2.21068,99.4625
gen914,11.06,3,4367.98,0.637953,19.3808,1.88719,1.98198,91.16
gen915,12.02,2.05,5870.43,0.630199,16.4323,1.21894,1.52857,62.6075
gen916,12,3.3,5490.07,0.62927,27.1369,1.91499,2.09087,100.88
gen917,13.2,3.1,6443.51,0.612902,23.4694,1.5792,1.57015,43.1675
gen918,12.25,2.66,5497.95,0.623146,26.7844,2.03581,2.05686,55.115
gen919,11.68,2.51,5785.61,0.637177,23.6897,2.53902,2.20527,41.75
gen920,9.82,3.69,6086.6,0.680006,24.01,2.68862,3.08014,168.92
gen921,12.12,2.29,4249.21,0.613957,20.752,1.99905,1.84028,52.0775
gen922,10.61,4.86,5830.68,0.663448,30.0724,2.4819,1.88655,166.288
gen923,12.37,3.76,5949.06,0.626577,28.3028,2.60931,2.12886,89.7425
gen924,12.05,1.59,3298.07,0.605666,14.5602,2.24537,2.15151,38.915
gen925,12.07,2.02,4463.23,0.616459,12.7602,1.90284,2.0558,17.855
gen926,12.02,3.57,4584.73,0.621161,28.2675,2.75894,2.58243,90.1475
gen927,12.3,2.25,5069.69,0.617582,17.5357,2.16132,2.13931,46.8125
gen928,11.75,1.67,3737.23,0.615906,18.2506,1.77305,1.7643,69.4925
gen929,10.89,2.69,6647.19,0.661436,14.5323,1.64074,1.77436,114.65
gen930,11.2,1.5,4145.33,0.630577,13.7718,1.6994,2.08939,87.11
gen931,11.89,2.27,3311.22,0.6102,18.0651,2.28191,2.63717,89.135
gen932,10.16,3.41,5184.9,0.66445,22.9254,2.57754,2.25252,172.768
gen933,12.5,2.33,4426.16,0.607821,21.7608,2.75273,2.88165,38.105
gen934,11.59,2.7,5957.04,0.640883,21.3817,3.44281,3.60544,102.5
gen935,12.09,2.22,3557.08,0.608227,22.0846,2.78102,2.774,71.315
gen936,12.25,1.77,3552.9,0.604157,19.4283,2.39368,2.14083,26.9675
gen937,12.58,3.43,6833.66,0.629681,31.2668,2.68489,2.33433,73.34
gen938,11.2,1.94,5767.91,0.645914,16.1204,1.89521,1.84324,78.2
gen939,10.17,2.03,4695.01,0.657536,16.3499,2.28942,2.68982,110.398
gen940,10.62,3.5,4770.09,0.651431,24.8546,3.12298,3.02252,135.305
gen941,11.34,4.11,4930.53,0.639122,34.6369,2.63687,2.11533,115.258
gen942,11.58,1.81,3151.9,0.614358,17.8674,2.19466,2.26586,38.51
gen943,12.68,2.52,2842.1,0.590189,29.83,2.83359,2.54985,38.51
gen944,12.24,2.49,4507.07,0.614149,23.2425,2.15208,1.83317,51.875
gen945,10.9,2.67,5066.1,0.646968,24.7189,2.18302,2.18223,120.32
gen946,12.46,2.44,5232.6,0.616083,25.8723,3.06195,2.57455,50.255
gen947,10.79,2.13,3984.28,0.638588,19.1611,2.45033,2.45286,89.7425
gen948,12.02,2.78,4417.22,0.618337,28.6772,2.7937,2.51857,67.0625
gen949,11.53,1.97,3980.56,0.623108,15.6464,1.81215,2.10489,71.315
gen950,11.37,2.48,4768.79,0.634335,20.4606,2.28086,2.4855,89.135
gen951,11.4,1.9,3240.54,0.618998,17.7007,2.97976,2.90214,63.62
gen952,11.13,2.08,4374.74,0.635044,15.3794,1.75439,2.26219,97.64
gen953,12.12,1.73,4557.89,0.615802,13.5354,1.45903,1.62223,23.525
gen954,11.53,2.08,4134.43,0.624677,12.7322,1.81249,2.0841,45.5975
gen955,11.07,2.77,6667.27,0.658058,16.8734,2.11719,2.26267,106.145
gen956,11.99,1.63,3508.26,0.608855,15.851,1.64717,1.98957,36.2825
gen957,10.78,4.1,5046.82,0.651639,29.0372,2.21691,1.80427,135.508
gen958,10.96,2.62,4815.86,0.643402,19.1988,1.92644,2.22747,103.107
gen959,12,4.87,5976.03,0.63626,40.1404,1.8791,1.49716,112.423
gen960,12.54,3.2,6673.37,0.628676,29.3908,2.09024,1.59027,96.425
gen961,11.1,3.58,3954.9,0.634381,25.5127,1.87431,1.7907,88.9325
gen962,11.91,3,3792.22,0.615335,23.0822,1.96347,2.23356,86.3
gen963,12.51,1.77,3108.42,0.594823,15.8239,2.17759,2.37342,25.3475
gen964,10.81,2.29,5533.07,0.652384,22.0701,2.64563,2.71721,113.638
gen965,11.8,2.86,5313.08,0.631046,23.0787,2.10872,1.9685,70.7075
gen966,12.21,2.27,5610.96,0.624333,17.4076,2.19934,2.41579,56.33
gen967,12.65,2.5,3944.4,0.600692,22.4764,2.31228,2.00038,62.405
gen968,10.81,2.83,4694.88,0.64574,20.7764,2.3856,2.57497,100.678
gen969,10.94,2.62,5672.73,0.651524,21.0147,2.33982,2.09532,102.905
gen970,11.88,2.7,4673.9,0.623386,22.9508,2.25707,2.06754,66.455
gen971,11.95,3.16,5743.79,0.632345,28.7758,2.37576,2.36185,110.398
gen972,11.54,2.37,3754.47,0.621535,20.3317,1.93094,1.90114,71.1125
gen973,12.16,2.54,5810.23,0.627602,20.665,1.93951,2.16141,31.8275
gen974,11.57,3.33,4760.09,0.63157,25.5299,1.76232,1.75319,108.17
gen975,13.06,2.42,4149.57,0.593995,23.7012,2.14526,2.07012,12.995
gen976,11.6,3.44,3885.88,0.62327,26.0633,2.10407,1.74438,82.25
gen977,12.04,3.12,6243.45,0.63493,26.9294,2.19165,2.66667,71.72
gen978,12.19,4.06,5613.23,0.627747,34.1171,2.751,2.39836,97.4375
gen979,12.04,4.28,5887.43,0.633659,34.5172,1.71773,1.35359,98.2475
gen980,11.99,3.02,4373.78,0.618961,27.1795,1.88811,1.80664,48.4325
gen981,12.06,3.24,3795.67,0.612689,31.2305,2.11082,1.92033,54.1025
gen982,11.7,3.19,5299.49,0.633525,26.7903,2.44189,2.04082,72.935
gen983,11.77,4.04,4821.43,0.629203,33.5659,1.41893,1.13459,89.7425
gen984,12.13,3.21,4869.5,0.620868,27.0118,1.52941,1.25984,51.6725
gen985,11.01,2.39,3822.13,0.633049,19.3354,1.4719,1.71313,89.54
gen986,10.07,4.4,6332.98,0.678279,27.2335,1.27336,1.02859,158.997
gen987,12.24,3.45,6315.54,0.632026,27.4159,2.06913,1.92247,93.59
gen988,11.62,3.09,4317.67,0.626163,25.3704,2.00593,2.00653,84.275
gen989,12.08,1.94,5000.92,0.62096,18.7368,1.23977,1.27289,-0.572495
gen990,11.83,2.61,4715.42,0.624635,20.764,1.82022,1.81758,64.2275
gen991,12.47,2.32,5149.76,0.614932,22.1646,2.19916,2.25938,37.0925
gen992,11.61,3.61,5904.77,0.641519,29.0473,2.14302,1.61119,111.613
gen993,11.97,2.58,5946.91,0.632797,20.9951,2.48779,2.41538,31.22
gen994,12.08,2.77,4927.78,0.621685,24.2297,2.0775,1.63679,32.84
gen995,11.84,3.68,5371.73,0.63212,28.0176,1.85701,1.84332,123.155
gen996,11.08,2.56,4379.16,0.63691,20.4282,1.68232,1.6746,74.3525
gen997,12.1,1.83,3507.91,0.606929,17.1582,1.4136,1.39303,24.1325
gen998,12.15,3.05,4463.19,0.616534,25.3153,2.06375,1.69858,42.965