gen0,10.028,0.52,953.805,0.624261,0,0,0,267.65
gen1,17.072,0.489,1606.11,0.485588,1.25683,1.21154,3.29479,23.03
gen2,22.305,3.74,6436.71,0.427138,76.3901,75.1779,85.7937,-183.925
gen3,9.894,0.589,792.802,0.625676,0,0,0,309.365
gen4,9.968,0.535,901.335,0.625045,0,0,0,274.535
gen5,10.06,0.594,800.814,0.622351,0,0,0,263.195
gen6,10.13,0.487,856.889,0.621242,0,0,0,240.312
gen7,27.284,0.433,4317.87,0.300424,6.20666,0.466068,2.22578,239.3
gen8,30.25,2.999,7527.11,0.272742,99.9645,90.63,63.3716,-403.638
gen9,10.269,0.517,768.33,0.617643,0,0,0,39.23
gen10,29.39,1.185,6697.3,0.279892,22.5342,22.1357,42.4555,-358.682
gen11,30.149,3.335,9127.25,0.289775,99.983,98.9606,93.5291,-253.383
gen12,10.216,0.486,788.544,0.618861,0,0,0,118.408
gen13,31.313,1.892,8405.32,0.256996,87.7626,86.1105,78.8575,-645.22
gen14,10.214,0.552,872.137,0.619764,0.148588,0.060691,0.142872,193.13
gen15,27.356,1.176,8009.8,0.333412,26.8364,12.5814,15.3141,-123.58
gen16,27.902,3.179,6224.86,0.309486,90.9983,1.39832,1.70069,74.0601
gen17,10.037,0.535,847.328,0.623143,0,0,0,233.022
gen18,27.961,3.059,6235.79,0.308174,89.768,4.05265,1.67671,-22.5325
gen19,10.209,0.524,812.609,0.619284,0,0,0,205.078
gen20,26.706,0.591,5584.76,0.323945,9.38785,3.49406,5.89092,129.545
gen21,28.185,2.374,5608.29,0.29679,79.1649,12.8248,7.91454,-185.95
gen22,9.804,0.602,1346.66,0.632528,0,0,1.4824,557.427
gen23,15.155,0.844,4197.15,0.548822,5.32718,3.69461,9.38656,290.735
gen24,9.99,0.567,1490.05,0.629945,0.235732,0.138544,1.12926,379.025
gen25,30.52,1.487,15481.8,0.336276,95.988,14.1299,40.5316,-373.262
gen26,10.34,0.774,2667.95,0.633712,1.96266,0.980267,3.14436,573.02
gen27,27.708,2.324,5689.24,0.30722,87.9419,6.17905,5.20208,-179.672
gen28,14.151,1.451,5339.82,0.580713,12.7789,8.47127,14.4304,287.09
gen29,10.082,0.566,1823.36,0.631056,0.704446,0.292648,1.4111,427.625
gen30,27.793,3.402,6550.12,0.315021,91.0099,0,0,36.1925
gen31,17.572,3.623,6320.9,0.522988,47.248,14.3843,9.97647,394.415
gen32,10.167,0.53,986.612,0.621722,0.0374579,0.0228909,0.368153,276.357
gen33,27.362,3.406,6145.48,0.320227,89.99,3.92822,1.55978,111.117
gen34,26.504,3.957,6763.46,0.344307,91.87,0,0,343.588
gen35,27.909,3.398,6560.49,0.312728,91.0873,1.86654,0.555278,202.242
gen36,10.159,0.541,1087.08,0.622808,0.199547,0.0748301,0.530806,276.358
gen37,17.93,2.751,6079.41,0.512018,42.1273,15.7572,13.5145,93.5001
gen38,9.871,0.609,1403.55,0.631678,0.412384,0.0953249,0.917852,492.425
gen39,25.101,2.087,6264.76,0.365482,46.193,19.7816,14.4223,47.5326
gen40,10.704,0.833,2913.29,0.628551,2.88092,1.22116,3.74441,407.578
gen41,17.869,4.309,5871.4,0.513994,70.4485,15.9191,8.26463,338.727
gen42,10.106,0.541,1536.5,0.62794,0.521938,0.126845,0.915743,286.685
gen43,15.361,2.753,5389.84,0.558512,35.16,15.3177,13.4975,415.272
gen44,13.146,1.433,4675.28,0.595317,12.0257,6.80628,10.5964,472.782
gen45,16.357,2.823,5746.54,0.541409,46.1225,20.0112,13.6543,276.357
gen46,9.961,0.518,1216.76,0.627999,0.28732,0.0770352,0.582524,279.598
gen47,27.973,3.113,6475.07,0.310172,88.7935,6.47597,2.13819,130.557
gen48,12.558,1.261,4961.66,0.609669,8.70332,5.17011,9.79115,448.28
gen49,19.675,4.34,5888.82,0.477156,86.6651,3.50069,1.82744,311.593
gen50,11.613,0.916,3391.66,0.614349,4.53999,1.98437,4.53844,273.117
gen51,24.268,1.568,7339.93,0.39138,25.8454,13.9052,13.6478,86.8175
gen52,9.963,0.615,1209.15,0.628051,0.300406,0.151239,0.597284,295.19
gen53,22.587,3.346,5370.21,0.411098,91.1493,9.58531,9.05159,-63.4375
gen54,9.899,0.621,1206.45,0.629349,0.398086,0.123757,0.42985,263.397
gen55,16.381,2.094,6433.5,0.545884,30.9035,17.2357,23.123,106.46
gen56,27.876,3.269,6337.47,0.311183,91.4171,0,0,105.245
gen57,14.908,2.243,7124.51,0.582567,28.1527,13.0473,13.9221,292.76
gen58,11.045,1.101,3929.11,0.631146,6.04424,2.31585,4.51455,654.425
gen59,17.591,2.413,6745.58,0.524404,35.8584,14.4904,11.3917,323.135
gen60,11.882,1.026,3853.56,0.613172,5.72838,2.78665,7.08187,287.09
gen61,15.087,1.339,5971.67,0.567013,12.9309,7.0787,12.9411,238.085
gen62,19.412,4.214,6485.74,0.487713,58.917,7.02374,3.25867,483.92
gen63,28.244,3.005,6358.37,0.303382,91.594,0,0,-32.2524
gen64,18.878,1.518,6944.43,0.498302,25.8501,13.0796,19.8581,-236.98
gen65,25.099,2.535,5667.85,0.360897,84.7037,12.5532,7.04467,-114.872
gen66,10.54,0.86,3349.97,0.635891,3.52452,1.42644,3.44601,482.907
gen67,28.044,3.298,6228.97,0.306809,88.5849,2.4924,0.965251,-10.1799
gen68,11.414,1.057,5175.95,0.634725,6.13421,2.95691,6.31566,480.883
gen69,17.847,1.535,5024.67,0.502201,15.8297,7.1989,8.56105,506.195
gen70,10.707,0.639,3725.94,0.63548,1.65989,1.14652,5.01256,206.9
gen71,27.132,2.733,6343.88,0.325609,80.815,18.75,7.7182,-107.785
gen72,10.188,0.567,1891.8,0.629499,0.363614,0.137134,2.21761,366.47
gen73,25.221,2.983,7827.59,0.378579,89.1628,87.5192,88.0203,-377.515
gen74,9.722,0.887,6636.89,0.682297,1.71956,1.55707,6.61744,920.713
gen75,29.289,3.296,9337.74,0.309246,98.1802,97.4177,92.883,-305.628
gen76,10.181,0.673,6291.59,0.669418,1.48758,1.26875,5.5914,726.718
gen77,9.903,0.841,5962.08,0.672435,1.65149,1.43645,6.2045,907.145
gen78,11.418,1.161,10588.7,0.683531,5.32534,4.96345,17.8964,685.205
gen79,11.368,1.003,10018.7,0.679163,5.30066,4.78565,16.1186,650.78
gen80,18.08,2.792,9780.61,0.54232,40.7367,39.8402,64.2506,-121.96
gen81,10.158,0.763,3121.64,0.64151,2.12574,0.816788,2.54858,516.927
gen82,17.692,2.695,9104.76,0.544035,40.5056,30.3933,46.4218,-147.272
gen83,11.556,1.177,9898.18,0.674512,5.28124,4.97591,16.5178,743.323
gen84,10.428,0.836,5744.27,0.659697,2.68029,2.23537,7.87629,707.278
gen85,15.307,2.21,9254.51,0.593497,28.8363,17.3606,26.4822,199.61
gen86,9.686,0.518,1162.22,0.633149,0.144089,0.0411684,0.326578,456.583
gen87,21.427,1.809,5153.05,0.430377,50.6156,12.4149,15.2176,-347.748
gen88,10.283,0.705,4173.14,0.648313,2.05446,0.72127,3.95641,543.253
gen89,9.932,0.815,5713.36,0.669558,1.85386,1.63907,5.71964,758.915
gen90,18.115,4.434,10032.9,0.546609,64.1117,29.0193,44.0257,921.927
gen91,10.716,1.157,7572.25,0.670776,5.62897,4.19692,12.8098,759.725
gen92,9.691,0.688,2656.05,0.646774,0.705464,0.582774,2.84705,777.14
gen93,10.146,0.93,3595.39,0.646298,3.89907,1.03764,2.78191,710.113
gen94,10.244,1.163,7181.59,0.676952,4.50106,3.48795,10.0845,1029.25
gen95,10.631,0.897,3193.81,0.63268,3.94497,1.13785,3.07935,520.37
gen96,11.282,1.319,8981.08,0.672115,8.68172,4.62189,13.6865,786.252
gen97,9.589,0.751,4066.86,0.661669,1.26985,1.0412,3.80842,703.43
gen98,27.339,3.176,9221.06,0.347996,99.0931,86.0792,63.4204,-270.595
gen99,9.986,1.045,7608.59,0.685891,3.63594,3.2522,9.00517,976.603
gen100,10.162,1.035,8187.29,0.687472,3.64155,3.2789,9.38806,892.767
gen101,10.089,0.704,2450.19,0.636784,1.40283,1.11014,3.26844,554.998
gen102,9.873,0.774,5728.73,0.670838,1.9178,1.38739,4.64329,676.7
gen103,19.478,3.897,8235.66,0.50158,73.5822,72.4733,81.6546,-5.92755
gen104,10.066,0.658,2430.13,0.636999,1.25989,0.787172,2.10851,472.175
gen105,13.607,0.624,2839.71,0.567992,1.83389,0.770523,1.98827,256.108
gen106,10.172,0.817,5723.76,0.664732,2.00181,1.6158,5.98475,651.792
gen107,10.976,0.856,4287.34,0.635377,4.36147,2.0717,6.03547,291.545
gen108,11.24,1.072,4706.87,0.634097,6.22022,2.73907,7.26231,505.385
gen109,11.372,1.338,10586.3,0.684748,7.21852,6.52512,17.9692,806.503
gen110,9.506,1.021,6419.11,0.684992,2.68234,1.84655,6.76049,1109.24
gen111,11.758,1.22,7878.86,0.652266,6.76962,4.26892,11.066,514.295
gen112,10.58,0.657,2562.42,0.627644,2.30697,0.766136,2.54359,216.823
gen113,9.977,0.607,1687.61,0.632057,1.0289,0.673387,1.9315,419.93
gen114,10.036,0.675,2909.56,0.641957,1.11256,0.971913,3.12349,515.713
gen115,10.181,0.729,5098.36,0.658772,1.48793,1.32214,3.68274,496.475
gen116,9.746,0.867,4220.27,0.660022,1.83085,1.58535,5.09985,940.76
gen117,9.937,0.963,8391.41,0.693805,3.08265,2.87013,7.70659,906.133
gen118,11.731,1.668,11726,0.688191,8.93085,8.6513,20.0766,755.877
gen119,10.337,0.954,6823.18,0.67147,3.6056,3.31055,8.7902,764.18
gen120,11.947,1.152,7222,0.642364,8.42576,4.87206,11.6241,456.785
gen121,9.826,0.679,3472.01,0.651334,1.01037,0.588867,2.5377,557.427
gen122,9.491,0.971,7088.04,0.691236,2.82593,2.5753,7.52703,1138.6
gen123,9.595,0.963,5174.04,0.671864,2.34637,1.86227,6.46629,1199.35
gen124,21.725,4.276,9103.34,0.463929,89.7656,88.5936,92.1597,-92.8
gen125,9.569,0.751,2700.68,0.649783,0.842054,0.772564,2.68168,760.333
gen126,9.956,0.903,4553.78,0.658776,2.48424,2.04939,6.91975,1022.37
gen127,9.702,0.745,2808.26,0.648013,1.31928,0.825324,3.00037,649.565
gen128,9.54,1.063,6203.72,0.682426,2.63387,2.4911,7.9603,1376.95
gen129,9.779,0.894,4030.73,0.657685,2.14908,2.01541,6.67289,1111.47
gen130,9.325,0.866,3398.88,0.661264,1.39273,1.2809,4.43711,1209.07
gen131,9.987,0.583,1409.65,0.62931,0.212017,0.189374,1.08213,413.248
gen132,19.766,3.798,9184.39,0.504046,67.4646,66.5807,79.9939,-176.23
gen133,9.721,0.735,2697.77,0.646613,1.3773,1.05213,3.84852,816.02
gen134,11.674,1.405,8968.86,0.664108,7.86875,6.90779,18.4409,680.143
gen135,10.605,0.536,1804.16,0.620105,1.36272,0.466305,1.4155,198.598
gen136,28.96,1.967,14784.9,0.362804,92.2807,6.15037,31.4657,70.8202
gen137,9.627,0.907,3557.3,0.656563,2.17364,1.97604,6.11935,1045.25
gen138,12.939,1.86,11034.8,0.657511,12.4009,10.8065,26.1957,614.128
gen139,9.577,0.706,1906.75,0.642399,0.989164,0.796257,2.53842,703.43
gen140,12.215,1.501,8527.4,0.649197,8.08143,7.13111,18.7776,838.093
gen141,9.365,0.87,3735.99,0.663484,1.34743,1.21959,5.33238,1119.16
gen142,15.28,2.332,11742.9,0.61665,21.6384,21.2122,44.28,300.253
gen143,10.53,1.139,8537.9,0.683252,4.2992,4.05285,12.8405,979.033
gen144,10.032,0.991,7011.75,0.679486,2.83119,2.51072,8.99318,1036.34
gen145,21.573,3.679,8651.36,0.461984,60.3322,58.1601,71.842,-72.1451
gen146,10.03,0.563,918.006,0.62397,0.180888,0.0602961,0.169463,296.203
gen147,11.386,1.191,7937.18,0.660374,5.63361,4.97534,14.4764,729.958
gen148,9.839,0.584,1377.26,0.632056,0.35145,0.318373,1.32139,576.867
gen149,9.565,0.789,2775.6,0.650603,1.04661,0.999591,3.79086,973.565
gen150,9.745,0.904,5124.36,0.668241,2.36145,2.22815,6.59664,1087.78
gen151,10.312,0.771,2681.93,0.634407,2.00503,1.28484,4.3306,579.5
gen152,9.534,0.633,1211.69,0.636904,0.244178,0.23597,1.09979,644.098
gen153,29.608,1.13,7343.38,0.281143,88.1093,19.3058,24.2283,-695.238
gen154,9.778,0.681,2138.35,0.640319,0.888375,0.820197,2.74448,642.275
gen155,12.876,1.813,9092.06,0.64124,10.4683,10.2116,26.4251,602.18
gen156,19.35,3.286,8606,0.50652,56.9732,56.1508,75.782,-82.8774
gen157,9.795,0.599,1320.53,0.632473,0.205706,0.17485,0.826533,498.5
gen158,21.068,4.028,9197.61,0.47784,81.8412,80.6395,88.0971,-65.2599
gen159,9.981,0.581,1325.67,0.628674,0.25497,0.236314,1.03365,486.755
gen160,18.506,2.927,9504.8,0.531324,45.6354,44.9029,68.0896,-87.94
gen161,9.751,0.707,1860.98,0.638419,0.814601,0.600124,2.3336,546.088
gen162,21.794,3.939,7596.21,0.448387,66.5006,62.2573,76.4019,80.7424
gen163,9.736,0.834,2937.52,0.648628,1.10455,1.05127,3.81569,839.308
gen164,20.013,3.668,7343.39,0.482194,65.6696,64.6367,81.6257,-76.195
gen165,9.685,0.659,1981.86,0.640781,0.447143,0.371252,2.21327,661.31
gen166,14.733,2.144,10662.3,0.617831,17.0936,16.5619,37.2534,580.31
gen167,9.808,0.622,1475.67,0.633641,0.373265,0.31346,1.15193,581.728
gen168,21.257,3.661,8476.31,0.46686,85.6448,84.1498,91.0771,-234.955
gen169,9.767,0.64,2239.8,0.641389,0.81006,0.681611,2.45944,540.417
gen170,19.037,4.297,7668.95,0.506192,62.1231,61.4394,78.0573,250.437
gen171,10.255,0.505,1150.79,0.621353,0.314545,0.257547,0.816003,247.603
gen172,17.179,3.131,8311.39,0.548144,44.0449,21.6402,34.0496,449.9
gen173,10.15,0.525,1124.27,0.623301,0.277031,0.12706,0.333256,196.573
gen174,11.385,0.86,4051.4,0.62487,3.10337,2.95668,8.2063,473.795
gen175,10.128,0.778,3185.25,0.642723,1.66095,1.59536,4.22096,699.582
gen176,22.346,3.94,7320.43,0.434584,89.609,85.093,86.1409,-25.7725
gen177,10.103,0.57,979.207,0.623035,0.156341,0.139665,0.420222,274.333
gen178,25.745,0.859,6637.97,0.353584,49.7601,18.6067,24.0033,-654.535
gen179,10.058,0.591,1267.05,0.626583,0.464931,0.408386,1.02486,413.45
gen180,11.922,0.877,5764.81,0.629304,4.67095,4.44864,10.2669,287.9
gen181,10.152,0.611,2039.61,0.631641,0.776823,0.698291,1.76706,383.278
gen182,18.632,3.87,9597.92,0.531149,55.9121,54.9391,72.5975,-19.495
gen183,9.961,0.638,1237.76,0.628388,0.386971,0.358,0.933991,409.197
gen184,9.966,0.658,1412.78,0.629894,0.570255,0.541224,1.35759,565.932
gen185,10.12,0.596,2450.94,0.635975,1.02572,0.962271,2.72899,485.945
gen186,14.346,1.913,10229.3,0.621488,15.662,15.2234,29.9863,353.915
gen187,9.952,0.553,1002.15,0.62631,0.0268689,0.0144679,0.0316583,255.5
gen188,21.208,3.632,9387.05,0.476014,79.1408,78.1417,86.4735,-173.192
gen189,10.961,0.627,3009.07,0.623798,1.56601,1.37053,4.2291,184.22
gen190,14.625,1.687,8992.42,0.604256,14.7198,14.3876,27.9333,111.117
gen191,10.159,0.523,921.723,0.62129,0.08748,0.0479057,0.0999405,198.395
gen192,30.368,3.134,9609.87,0.289292,99.8916,98.8975,93.0734,-295.098
gen193,9.973,0.541,861.413,0.624593,0,0,0,326.78
gen194,11.405,0.786,4526.77,0.628615,2.8533,2.61837,6.86712,202.04
gen195,10.907,0.62,3309.09,0.627595,1.75908,1.58142,4.34735,236.06
gen196,10.334,0.487,849.435,0.61699,0,0,0,108.282
gen197,29.229,2.772,7717.69,0.295023,89.1237,88.1808,90.4324,-359.898
gen198,10.472,0.572,1597.08,0.62103,0.75156,0.624177,1.90106,209.33
gen199,27.501,4.7,9956.96,0.353836,97.9336,44.4274,43.4079,720.44
gen200,10.4,0.649,3131.16,0.636442,1.57128,1.44266,4.10939,426.208
gen201,10.623,0.709,2298.22,0.624471,1.50662,1.37337,3.78149,351.485
gen202,10.065,0.564,1012.4,0.624103,0.208938,0.171329,0.551397,221.277
gen203,10.419,0.759,4090.32,0.644868,2.02707,1.86138,5.27698,652.4
gen204,10.581,0.71,3672.21,0.6377,2.02666,1.89096,5.3132,567.148
gen205,12.691,1.42,9942.05,0.65203,8.07813,7.80283,19.7411,452.735
gen206,10.268,0.562,2535.67,0.633645,0.553146,0.467241,2.82739,387.935
gen207,20.349,3.09,9050.43,0.489701,38.0738,37.6063,58.4338,21.6124
gen208,9.961,0.611,1284,0.628759,0.324169,0.276375,0.819966,453.748
gen209,10.264,0.625,2122.21,0.630111,0.923377,0.83231,2.5435,402.92
gen210,10.255,0.596,1766.45,0.627045,0.489218,0.390535,1.27042,265.827
gen211,10.226,0.596,2080.39,0.630466,0.391691,0.341688,2.5171,418.31
gen212,10.245,0.561,2253.28,0.631573,0.716081,0.648487,2.15629,382.062
gen213,9.72,0.743,2777.46,0.647364,1.27231,1.19382,4.03037,882.44
gen214,11.297,0.965,4798.2,0.633572,3.53412,3.3261,9.28948,610.685
gen215,10.103,1.03,4731.46,0.657572,2.27484,2.11613,6.99751,955.543
gen216,9.814,0.851,3427.66,0.651467,1.90334,1.74334,4.75847,934.685
gen217,9.929,0.817,3845.84,0.652815,1.87927,1.77638,5.14969,794.15
gen218,10.306,0.657,2509.07,0.632784,1.17123,1.05665,2.92917,494.653
gen219,10.579,0.786,4302.59,0.643541,2.00752,1.82719,5.70538,649.97
gen220,10.088,0.726,2604.57,0.638231,1.23979,1.14136,3.52388,624.658
gen221,10.089,0.755,3446.69,0.645838,1.38753,1.27121,4.10085,698.772
gen222,10.056,0.828,2917.05,0.641869,1.47338,1.34,4.0029,668.6
gen223,9.864,1.114,4324.83,0.658954,2.61693,2.46888,6.7724,1130.7
gen224,10.097,0.662,2058.72,0.633027,0.841934,0.739565,2.08732,543.455
gen225,9.747,0.806,3340.13,0.651979,1.19241,1.08568,3.97821,863.405
gen226,9.935,0.819,3115.27,0.64612,1.32176,1.20673,4.39611,867.657
gen227,9.973,0.994,4509.13,0.658177,2.25813,2.07154,6.11644,1001.31
gen228,9.448,0.87,3662.32,0.661119,1.29912,1.19763,5.17555,1029.25
gen229,10.223,0.634,2264.23,0.632245,0.925789,0.750754,2.09942,299.443
gen230,27.003,3.283,9668.81,0.359096,94.6994,93.8186,92.4727,-298.945
gen231,10.101,0.548,1040.44,0.62359,0.15172,0.112231,0.418048,250.438
gen232,23.384,2.924,10252.7,0.437989,65.6721,64.5065,76.3355,-246.903
gen233,9.943,0.663,1798.63,0.633847,0.590604,0.43366,1.10882,418.31
gen234,10.336,0.611,2875.8,0.635393,1.21454,1.04043,2.86091,432.283
gen235,27.108,3.095,8401.64,0.345224,93.4358,92.0269,90.5733,-401.612
gen236,10.013,0.766,3225.52,0.645424,1.45378,1.31513,3.56609,687.432
gen237,11.26,1.137,6872.21,0.653283,4.3702,4.14551,10.2886,800.833
gen238,9.693,0.66,2034.59,0.641093,0.919573,0.805918,1.78624,654.83
gen239,19.253,2.388,10041.1,0.519929,40.0858,39.4285,58.1432,-168.94
gen240,9.895,0.652,1459.09,0.631757,0.64156,0.526996,1.5346,502.955
gen241,11.084,0.998,3695.9,0.628075,3.70117,3.52568,8.16475,684.193
gen242,9.978,0.772,2517.9,0.639784,1.1327,0.998702,2.44067,600.965
gen243,9.927,0.745,2459.22,0.640257,1.1388,0.961518,2.3608,643.288
gen244,9.961,0.704,1977.23,0.635153,1.13295,0.979506,2.41674,525.028
gen245,10.75,0.775,3898.17,0.636375,2.21643,1.96697,4.84675,424.79
gen246,10.208,0.718,2328.91,0.633275,1.29115,1.14792,2.75614,529.28
gen247,11.814,1.151,6112.55,0.635106,5.11108,4.7989,11.2117,671.84
gen248,10.569,0.828,4466.3,0.645289,2.59062,2.27533,6.1455,495.463
gen249,10.611,0.834,5220.44,0.651225,2.62202,2.32874,6.33315,502.955
gen250,11.122,0.89,6037.44,0.648189,3.32027,3.05529,8.19888,533.127
gen251,11.556,1.064,5972.2,0.63899,4.9697,4.70351,11.17,650.78
gen252,11.549,0.843,6849.52,0.646661,3.18692,2.8972,7.42595,341.36
gen253,11.465,1.011,6069.71,0.641646,3.65786,3.34665,8.14117,419.525
gen254,11.172,1.018,5890.22,0.646052,3.52781,3.24006,8.7059,629.518
gen255,10.278,0.637,2445.24,0.632751,1.10271,0.929486,3.12388,416.083
gen256,11.415,0.942,5730.7,0.639505,3.46861,3.18992,8.56862,587.6
gen257,11.314,0.905,5691.9,0.641166,3.56507,3.27959,9.01282,568.768
gen258,12.568,1.158,7923.05,0.635945,6.25032,5.99042,14.4046,494.45
gen259,11.307,0.978,5545.69,0.640116,3.65998,3.32435,8.99142,623.24
gen260,11.812,0.847,5192.05,0.626355,3.99156,3.70933,8.5638,395.427
gen261,11.577,0.855,6284.22,0.641019,3.68233,3.38092,9.15619,483.717
gen262,11.46,0.92,4975.66,0.63175,3.5417,3.25809,8.61356,426.41
gen263,11.343,0.829,6604.8,0.648661,3.62227,3.29004,8.88637,408.185
gen264,10.088,0.66,1902.87,0.631805,0.713079,0.537937,1.33494,362.218
gen265,10.438,0.805,2293.64,0.628384,1.63892,1.41883,3.73814,684.598
gen266,9.953,0.756,2159.07,0.63704,1.06131,0.88026,2.28225,500.728
gen267,12.69,0.948,4814.79,0.605118,5.09824,4.74284,11.3997,252.867
gen268,13.722,0.951,8069.19,0.613244,6.9596,6.56272,13.3995,-86.1175
gen269,10.591,0.79,3466.11,0.635773,2.14264,1.88306,4.03896,304.302
gen270,10.547,0.748,3869.11,0.640233,2.07484,1.86028,4.20774,424.79
gen271,10.971,0.789,3236.05,0.625906,2.60191,2.29502,5.03864,437.548
gen272,10.017,0.765,1795.34,0.632469,1.05795,0.909205,1.90176,504.778
gen273,10.863,0.705,4579.87,0.640076,1.84893,1.52494,3.14885,235.858
gen274,11.634,0.902,4516.74,0.624021,4.08848,3.73651,7.63759,339.132
gen275,10.111,0.577,1480.46,0.627394,0.830033,0.659392,1.46009,241.123
gen276,11.105,1.006,5162.88,0.640861,3.84105,3.51927,7.33921,411.628
gen277,10.667,0.67,2448.71,0.624858,1.6867,1.44328,3.28505,266.637
gen278,15.188,1.67,9577.66,0.597946,17.6621,17.1994,28.072,-22.9374
gen279,10.918,0.715,3825.65,0.632176,2.04771,1.78215,4.5926,240.312
gen280,10.647,0.728,4528.25,0.64408,2.13419,1.85762,4.70745,304.91
gen281,11.492,0.816,5026.59,0.631379,3.22349,2.86841,6.48452,296.608
gen282,10.229,0.626,1783.27,0.62778,0.810573,0.638824,1.45818,339.74
gen283,18.471,3.229,10930.2,0.545374,46.7024,46.0283,63.7929,-17.8751
gen284,9.845,0.656,2371.66,0.641002,0.861287,0.708811,1.60827,610.685
gen285,17.395,1.946,9985.45,0.556805,27.8994,27.3711,41.7038,-79.435
gen286,10.155,0.655,2084.29,0.632055,0.977144,0.789313,2.0745,361.407
gen287,14.194,1.571,10872.9,0.629829,13.8664,13.4139,23.7841,173.083
gen288,13.834,1.123,7696.8,0.607881,9.22463,8.6989,16.9481,19.1826
gen289,10.478,0.795,4720.76,0.649391,2.13233,1.83324,4.44772,387.935
gen290,10.287,0.853,3907.54,0.646087,2.15095,1.89651,4.17235,479.465
gen291,10.753,0.958,6161.16,0.656986,3.05012,2.71877,5.9448,549.53
gen292,10.532,0.887,5517.23,0.655605,2.82091,2.49094,5.54962,625.873
gen293,20.737,1.937,10348.2,0.491501,46.9704,46.0827,58.5755,-342.483
gen294,10.27,0.668,2107.42,0.629926,1.18156,0.934698,2.09585,331.843
gen295,11.124,0.832,4376.87,0.633107,3.41271,3.00373,7.27791,335.893
gen296,9.912,0.619,940.107,0.626682,0.165917,0.0746625,0.167175,321.515
gen297,13.273,1.295,7663.66,0.619377,8.30954,7.95589,17.1753,277.37
gen298,11.302,0.689,4952.01,0.634393,2.86104,2.4614,5.89956,109.093
gen299,10.726,0.856,6178.44,0.657525,3.53932,3.18671,6.79372,468.733
gen300,12.525,0.929,5522.69,0.614842,6.45756,5.95275,12.0516,171.058
gen301,11.961,0.884,4133.01,0.613829,4.56337,4.20822,8.99283,431.473
gen302,10.603,0.861,3844.39,0.63905,3.0348,2.69421,5.73158,542.848
gen303,10.417,0.714,2221.02,0.62801,1.65814,1.39042,3.50181,317.06
gen304,19.802,3.132,9464.13,0.504715,64.3668,63.4662,74.4491,-111.835
gen305,10.435,0.797,3036.5,0.635118,2.51927,2.22314,5.01163,621.013
gen306,11.415,1.12,5539.04,0.638077,5.38174,5.01475,10.0694,509.638
gen307,11.939,0.992,5242.07,0.624442,5.17821,4.85397,9.83822,469.138
gen308,10.989,0.641,2739.66,0.620823,2.00341,1.72777,4.13977,187.055
gen309,17.199,2.035,9752.55,0.558877,30.9118,30.2435,44.4112,-121.555
gen310,10.281,0.674,1942.83,0.628229,1.03436,0.836017,1.90198,405.552
gen311,21.609,1.449,9369.38,0.463991,31.831,31.071,42.2535,-332.965
gen312,10.856,0.708,3391.12,0.629526,2.62712,2.31222,5.43883,378.418
gen313,17.06,1.128,8613.92,0.549969,18.2439,17.6585,32.6018,-113.253
gen314,10.228,0.587,1001.78,0.620702,0.198255,0.114779,0.291235,189.89
gen315,13.647,1.166,7755.48,0.612317,11.3686,10.896,18.3656,241.933
gen316,10.444,0.567,2081.41,0.625955,1.32256,1.11678,2.68712,222.493
gen317,10.851,1.128,5981.54,0.653642,5.22445,4.88608,10.3578,907.55
gen318,10.675,0.841,3155.68,0.631341,2.83658,2.58726,5.98564,530.698
gen319,11.454,1.032,5835.11,0.639795,6.14029,5.67064,11.4288,390.973
gen320,10.653,0.782,2595.44,0.626652,2.07221,1.80098,3.8869,398.06
gen321,15.703,1.576,6641.49,0.5608,21.2657,20.6731,36.5813,-120.137
gen322,10.162,0.544,1168.62,0.623486,0.281725,0.221207,0.56307,219.86
gen323,14.728,1.417,8900.94,0.60087,16.9758,16.4482,27.1396,33.3575
gen324,16.699,1.809,8481.75,0.55732,28.8758,28.1803,40.9425,-184.938
gen325,10.024,0.615,2371.5,0.637261,1.28466,1.05413,2.74975,402.718
gen326,18.058,1.987,8658.62,0.531332,40.9057,40.1889,54.4957,-333.573
gen327,10.599,0.891,3793.72,0.638726,3.21065,2.91047,7.0754,612.103
gen328,19.629,2.902,8746.24,0.50142,67.1528,66.3183,74.8596,-182.305
gen329,10.16,0.793,3002.75,0.640449,1.9207,1.61799,4.31509,679.535
gen330,20.999,4.024,7117.25,0.460526,89.7279,88.7245,90.6311,-80.4474
gen331,9.935,0.546,1281.91,0.629165,0.186652,0.128583,0.327239,250.843
gen332,10.407,0.953,4036.36,0.644951,3.23574,2.81135,5.99523,609.065
gen333,23.792,2.991,9204.19,0.420295,97.6987,96.3998,90.6026,-343.292
gen334,9.94,0.568,1304.36,0.629301,0.414135,0.295513,0.703928,398.06
gen335,10.766,0.885,3467.34,0.632353,3.87015,3.49453,8.3206,549.125
gen336,23.641,3.163,7573.36,0.409001,94.3028,92.907,91.4752,-267.76
gen337,9.937,0.599,1064.96,0.62726,0.316186,0.222578,0.46419,348.65
gen338,10.657,0.951,4098.77,0.640382,4.05941,3.66557,7.30371,541.025
gen339,13.166,1.208,7166.55,0.616953,10.6091,10.1077,19.4024,271.295
gen340,10.947,0.84,3768.82,0.631278,3.62572,3.19521,7.78112,394.82
gen341,26.751,3.374,8002.11,0.349417,99.7421,98.8107,91.392,-159.625
gen342,10.294,0.659,2222.69,0.630456,1.49375,1.18051,3.02708,320.503
gen343,16.335,1.764,8675.81,0.566458,27.1981,26.6591,41.6851,-234.955
gen344,10.162,0.563,1153.46,0.623381,0.397058,0.269581,0.659821,203.255
gen345,16.502,3.016,9168.98,0.569558,38.7271,38.1556,57.7487,124.078
gen346,18.175,2.786,10843.8,0.54993,47.8723,47.1502,63.0491,-46.4276
gen347,10.072,0.558,939.403,0.623292,0.0810053,0.0540035,0.0975672,293.773
gen348,29.43,2.854,9153.3,0.303957,100,99.1105,91.7403,-411.332
gen349,9.857,0.673,2189.29,0.639143,0.92692,0.753509,1.99467,498.905
gen350,12.773,1.416,9705.15,0.648209,9.51814,9.10395,18.7753,532.723
gen351,20.764,3.996,8889.28,0.481248,89.4783,88.1549,90.6541,-150.31
gen352,9.864,0.63,1641.11,0.633994,0.512257,0.414783,1.11125,401.097
gen353,10.21,0.794,4114.41,0.64943,2.30272,1.99154,4.39466,557.225
gen354,10.441,1.033,6223.1,0.664068,3.70322,3.33787,7.99789,699.38
gen355,11.276,1.351,8647.4,0.669288,5.70276,5.31772,14.2056,648.957
gen356,12.701,1.551,10530.4,0.657338,9.90778,9.44535,22.9933,697.963
gen357,10.087,0.668,2043.12,0.633101,0.968689,0.791617,2.12941,479.263
gen358,23.225,3.394,9927.01,0.439102,71.1525,70.3934,77.7049,-14.23
gen359,10.027,0.525,1254.29,0.626994,0.289101,0.214226,0.659536,313.618
gen360,18.273,2.336,11212.4,0.550487,32.0277,31.3776,48.5095,-58.78
gen361,9.856,0.747,2576.34,0.642771,1.41466,1.18166,3.0671,686.015
gen362,11.764,1.426,9721.1,0.669067,7.73218,7.37294,17.0423,824.728
gen363,10.158,0.852,3188.59,0.642261,2.14048,1.94107,5.25437,652.198
gen364,9.984,0.862,4518.04,0.657812,2.20265,2.00509,6.19954,953.315
gen365,11.03,1.004,6693.46,0.656171,4.15025,3.85413,12.121,725.907
gen366,9.916,0.915,4718.96,0.661103,2.34432,2.12304,6.17042,897.83
gen367,10.164,0.847,4080.75,0.650159,2.3374,2.1311,6.2877,775.723
gen368,10.941,1.088,6030.29,0.652168,4.1975,3.93752,10.4999,735.02
gen369,9.912,0.765,2893.86,0.64451,1.59932,1.40798,3.86216,591.043
gen370,22.207,3.309,7602.1,0.438918,84.6967,83.5615,88.2651,-218.35
gen371,9.917,0.521,938.215,0.626399,0.0103808,0.00622846,0.0127367,354.522
gen372,15.448,2.19,9858.11,0.596004,21.6719,21.2237,40.9597,331.438
gen373,10.665,1.152,6923.5,0.665975,4.49318,4.18112,11.143,950.278
gen374,10.87,0.949,5865.13,0.651906,3.82305,3.49593,10.0118,729.35
gen375,9.998,0.724,2865.99,0.642426,1.44003,1.27841,3.48703,652.603
gen376,10.433,0.768,3639.93,0.640542,1.87624,1.69624,4.79468,543.455
gen377,26.529,3.272,6972.18,0.344531,96.9625,96.1506,92.1807,-276.467
gen378,10.82,1.11,6234.38,0.656523,4.05219,3.68161,9.20803,803.667
gen379,10.672,1.035,6302.69,0.660049,3.8852,3.56236,9.34797,722.87
gen380,10.221,0.86,4454.86,0.652378,2.52349,2.18334,6.09332,615.95
gen381,11.647,1.321,9125.72,0.665933,6.65886,6.28108,15.9248,729.553
gen382,10.379,0.827,4485.87,0.649361,2.38167,2.07644,5.44379,645.312
gen383,15.274,2.429,10213.2,0.603167,24.3811,24.0269,42.9237,357.56
gen384,9.584,0.723,2323.59,0.646035,0.897423,0.790636,2.25392,798.808
gen385,10.541,1.064,7347.7,0.67219,4.00744,3.66426,9.99895,831.005
gen386,9.663,1.085,6023.99,0.678322,2.76597,2.53393,7.31127,1095.47
gen387,30.316,2.714,6922.22,0.265469,100,98.8998,93.6652,-465.198
gen388,10.062,0.918,4930.51,0.660017,2.93981,2.6134,6.90192,773.495
gen389,19.043,3.969,8528.87,0.513262,65.37,64.6679,75.7056,191.307
gen390,9.775,0.794,3070.29,0.648956,1.37726,1.17109,3.14398,676.497
gen391,14.007,1.8,11123.6,0.636302,15.2181,14.8417,33.3687,303.087
gen392,10.003,0.498,963.542,0.624825,0.0603865,0.0374813,0.0997559,264.613
gen393,21.466,1.942,5130.2,0.429593,84.4673,18.6262,27.6568,-634.893
gen394,10.302,0.539,864.203,0.617866,0.0250135,0.0250135,0.0489497,108.485
gen395,15.909,3.285,10069.9,0.590278,35.8649,35.3787,55.8368,341.968
gen396,10.036,0.688,1983.7,0.633646,0.998814,0.824021,2.51362,500.525
gen397,10.475,0.82,5410.64,0.655703,2.44461,2.10742,6.67986,504.373
gen398,18.11,3.387,8760.51,0.533515,52.0611,51.4218,69.0287,91.475
gen399,10.143,0.58,1255.48,0.624717,0.28087,0.19973,0.574676,294.785
gen400,19.657,4.008,9847.49,0.5126,69.3771,68.63,79.8272,-38.53
gen401,9.873,0.632,2201.03,0.638852,0.717738,0.579949,2.14692,439.573
gen402,11.615,1.107,7570.17,0.652233,5.83045,5.45368,15.5361,522.8
gen403,9.841,0.624,1438.57,0.632633,0.255438,0.201879,0.818936,443.42
gen404,30.786,2.932,9267.68,0.277301,100,98.9225,91.9132,-425.913
gen405,9.556,0.91,4155.27,0.663406,2.03111,1.77287,4.90355,984.095
gen406,10.073,0.724,4596.97,0.656467,1.95571,1.67996,4.56664,671.84
gen407,18.898,4.007,10437.9,0.533481,55.5776,54.948,68.787,221.682
gen408,9.65,0.952,4328.45,0.663107,1.91006,1.66261,5.44407,954.125
gen409,19.382,3.257,9974.8,0.518135,57.2008,56.4515,70.66,-111.025
gen410,9.869,0.599,1274.88,0.630544,0.286698,0.183569,0.455777,385.505
gen411,12.869,1.662,10102.9,0.65023,10.9184,10.4883,20.4796,513.08
gen412,11.474,1.049,7911.16,0.658097,5.25088,4.87718,11.5983,582.133
gen413,10.25,0.743,3745.98,0.645209,1.63196,1.37295,3.22478,383.278
gen414,18.53,1.9,10558.3,0.538601,24.6135,24.0935,37.7151,-7.75
gen415,10.161,0.574,1178.95,0.623649,0.332483,0.238384,0.512406,350.068
gen416,13.269,1.363,8705.67,0.628951,9.71838,9.29136,17.944,248.615
gen417,10.426,0.843,5606.75,0.658512,2.44759,2.18689,5.08706,587.803
gen418,18.988,1.477,9258.25,0.516801,40.5518,39.6937,49.7707,-529.592
gen419,10.612,0.828,4908.32,0.648386,2.83274,2.55537,5.73615,504.373
gen420,10.759,1.069,6670.36,0.66163,3.99305,3.62782,8.79983,687.432
gen421,10.094,0.9,4956.71,0.659567,2.28438,2.04704,4.73629,744.133
gen422,10.445,0.777,5886.07,0.660526,2.50054,2.23517,5.52695,549.53
gen423,10.29,0.777,5069.73,0.656358,2.25524,2.01368,4.94836,637.82
gen424,10.498,0.754,3750.32,0.640179,2.37257,2.12547,5.20966,589.017
gen425,10.263,0.763,3629.97,0.643931,1.90109,1.64563,3.93468,393.605
gen426,10.253,0.899,6148.79,0.667032,2.49091,2.21128,5.48021,671.233
gen427,13.102,1.485,8816.02,0.633573,9.28326,8.91019,17.2765,447.875
gen428,10.453,0.726,3866.58,0.642102,2.03085,1.79636,4.20478,521.99
gen429,9.544,0.801,2821.87,0.65147,1.41073,1.21336,3.06954,919.093
gen430,11.329,0.966,5765.85,0.641626,3.74586,3.40344,7.79212,450.508
gen431,9.922,0.772,3918.38,0.653537,1.41494,1.27035,3.34486,720.238
gen432,9.46,0.876,3548.74,0.65986,2.00388,1.75417,4.82356,1015.08
gen433,9.906,0.745,5235.1,0.66567,2.02523,1.80555,4.55686,795.162
gen434,9.776,0.805,3022.62,0.648525,1.41969,1.2829,3.33451,834.245
gen435,10.334,0.943,6956.71,0.672715,3.42679,3.14534,7.5929,823.107
gen436,9.791,0.799,4194.32,0.658752,1.61661,1.46964,3.60629,815.21
gen437,10.8,1.118,8289.38,0.675442,4.14885,3.86536,9.47786,730.16
gen438,9.907,0.854,4555.1,0.659712,2.04509,1.84603,4.38009,766.813
gen439,9.916,0.862,4766.98,0.661447,2.01617,1.78725,4.15787,782.405
gen440,9.891,0.862,3268.32,0.648472,1.4523,1.27645,3.03886,727.123
gen441,10.642,0.889,5698.24,0.654981,2.82901,2.53734,6.73753,633.77
gen442,9.697,0.794,4142.57,0.660206,1.54297,1.33738,3.53019,754.46
gen443,9.985,0.93,4160.54,0.654687,2.24601,2.03069,4.80513,769.243
gen444,10.249,1.014,6072.92,0.666623,2.77154,2.51064,6.66904,832.22
gen445,9.911,0.728,3296,0.648088,1.36585,1.19122,2.99168,624.455
gen446,10.256,0.763,4001.11,0.647415,1.82635,1.61013,4.31974,600.762
gen447,10.221,0.777,4436.12,0.652071,1.8901,1.64697,4.23116,556.82
gen448,10.106,0.733,3949.3,0.649976,1.77178,1.5946,4.00168,585.17
gen449,11.395,1.37,8521.65,0.665747,6.52133,6.17922,13.3751,690.065
gen450,10.53,0.714,4545.52,0.646612,1.9719,1.72731,4.32064,440.585
gen451,20.709,2.659,10640.6,0.49591,49.0779,48.2875,59.8869,-65.2599
gen452,9.964,0.598,1723.94,0.632635,0.520104,0.380157,1.07527,356.953
gen453,10.23,1.05,6577.99,0.671619,3.459,3.19293,7.53563,821.488
gen454,10.082,0.807,4688.91,0.657248,1.89211,1.57676,4.21439,643.895
gen455,11.928,1.108,8135.89,0.650906,5.71681,5.3638,13.1403,401.907
gen456,10.883,0.873,6984.71,0.661589,3.1609,2.8486,7.70874,461.443
gen457,10.601,0.902,6242.59,0.660743,2.83815,2.60419,6.33427,593.878
gen458,11.054,1.005,7647.71,0.664268,3.80581,3.48187,8.01796,555.403
gen459,10.327,0.682,4206.1,0.647669,1.46667,1.27831,3.61121,406.16
gen460,9.999,0.761,3198.7,0.645462,1.65655,1.44498,3.88298,609.875
gen461,10.302,0.997,5567.34,0.660957,2.98057,2.76522,6.87209,719.833
gen462,10.985,0.798,5311.47,0.644313,3.00906,2.6396,6.24877,250.64
gen463,11.868,1.107,7169.05,0.643433,4.92766,4.53373,10.7271,286.483
gen464,10.305,0.609,2546.62,0.633063,0.7928,0.645595,1.45054,263.6
gen465,11.302,1.571,10580.4,0.686519,7.35027,6.9557,13.2427,657.868
gen466,11.679,1.095,9061.03,0.664318,5.63326,5.25309,10.9507,354.118
gen467,9.789,0.662,1836.9,0.637348,0.807959,0.677107,1.69651,635.39
gen468,9.819,0.622,1882.39,0.637076,0.663694,0.551696,1.68051,482.907
gen469,9.938,0.589,2395.46,0.639197,0.739019,0.620693,1.48344,580.918
gen470,9.673,0.658,1502.74,0.636714,0.67384,0.559806,1.27963,648.755
gen471,18.906,3.287,9154.71,0.520568,58.6961,57.9071,70.2821,-10.585
gen472,10.019,0.553,848.209,0.62355,0.00623273,0.00623273,0.00848734,263.802
gen473,14.29,2.513,11731.4,0.637156,19.5384,19.1409,32.7824,463.67
gen474,9.935,0.848,4806.06,0.661386,1.97695,1.77715,4.93181,845.585
gen475,9.688,0.999,7587.67,0.691739,2.75699,2.48863,8.33266,1059.63
gen476,9.803,0.646,1551.49,0.634466,0.384062,0.324502,0.934618,512.068
gen477,27.396,2.833,9204.7,0.346108,97.6683,96.3257,90.5339,-413.56
gen478,9.609,0.819,3971.85,0.660517,1.40429,1.27905,3.8507,883.453
gen479,10.078,0.727,3391.48,0.64552,1.27654,1.15077,3.58513,623.038
gen480,9.786,0.881,6843.81,0.682837,1.94899,1.738,6.6805,849.23
gen481,9.347,1.03,8798.61,0.709684,2.65377,2.446,7.69001,1373.91
gen482,9.732,0.782,3490.76,0.653602,1.0153,0.939715,3.68623,801.238
gen483,30.675,3.529,8917.39,0.27742,99.9649,99.1921,92.1556,-264.115
gen484,9.301,0.853,6113.11,0.686163,1.64153,1.47961,5.32922,1202.59
gen485,9.726,1.047,6452.29,0.680821,2.55775,2.33905,5.57284,1004.95
gen486,9.618,0.71,2309.46,0.645189,0.547146,0.482299,2.05805,738.463
gen487,10.116,1.255,8712.93,0.693513,3.88233,3.63165,9.86465,1311.13
gen488,9.887,0.636,1442.4,0.631744,0.411021,0.367647,1.46639,543.657
gen489,9.658,1.025,6230.83,0.680186,2.69441,2.52118,7.77112,1226.08
gen490,9.75,0.987,6685,0.682323,2.57826,2.3725,7.00376,1177.48
gen491,9.901,0.93,4738.97,0.661616,2.13863,1.97444,5.08286,1039.58
gen492,9.622,0.87,7341.22,0.690659,1.85093,1.70633,7.06603,1233.17
gen493,9.727,0.914,4572.51,0.66366,1.99823,1.75514,4.98286,1034.31
gen494,9.809,0.665,2499.79,0.642909,0.760441,0.661789,2.08808,659.893
gen495,9.107,0.856,3854.05,0.669816,0.862035,0.802171,4.40354,1303.64
gen496,10.067,1.012,6955.02,0.678292,2.89651,2.73252,9.21971,1373.3
gen497,9.611,0.799,4013.83,0.66082,1.32709,1.20293,3.80581,981.665
gen498,9.496,0.872,3527.26,0.658922,1.3118,1.14706,3.87133,1072.18
gen499,9.634,0.647,1333.29,0.63597,0.341046,0.292033,0.967615,574.033
gen500,9.558,0.915,3877.07,0.66087,2.01269,1.78196,5.54202,1132.93
gen501,9.642,0.939,4569.68,0.66542,2.02356,1.7884,5.75287,1059.02
gen502,12.277,1.343,8723.73,0.649429,7.04938,6.70788,14.5427,812.173
gen503,9.641,0.779,4013.23,0.660166,1.14547,1.01706,3.882,949.67
gen504,9.234,0.926,2972.31,0.659392,1.11922,1.03743,4.06725,1181.73
gen505,10.089,0.84,2890.97,0.640978,1.60525,1.40697,3.58588,708.897
gen506,9.237,0.794,3724.17,0.665877,0.987371,0.908945,4.04866,1236.82
gen507,9.732,0.902,4816.9,0.665737,1.71774,1.53736,5.23743,1026.82
gen508,9.845,0.779,4193.52,0.657604,1.62999,1.40865,3.81958,854.495
gen509,15.629,1.378,8564.96,0.579299,10.4346,9.99009,22.2718,354.725
gen510,9.63,1.041,5187.83,0.6714,2.1512,1.93813,6.78924,1417.45
gen511,10.183,0.875,3865.47,0.647878,2.05802,1.80495,4.6474,747.98
gen512,10.85,1.316,9134.77,0.682355,4.95392,4.6467,13.1196,1153.99
gen513,9.901,0.825,3146.43,0.647108,1.66917,1.45245,3.83205,837.485
gen514,10.568,1.065,8504.53,0.682049,3.7177,3.40646,9.75715,1049.3
gen515,9.722,0.721,2087.09,0.641073,0.645636,0.570039,1.61754,713.353
gen516,9.762,0.678,2935.78,0.647819,1.24749,1.08819,3.02974,729.35
gen517,9.909,0.882,4962.11,0.66338,2.17247,2.00265,5.16362,1032.29
gen518,10.943,0.904,5984.12,0.651405,3.24662,2.935,6.76073,783.823
gen519,9.771,0.834,4116.18,0.658518,1.52729,1.31827,3.89905,880.01
gen520,10.168,0.843,4487.28,0.653729,2.18859,1.96846,4.96619,718.82
gen521,11.246,1.144,7741.39,0.661405,4.44744,4.11242,9.94397,738.462
gen522,11.561,1.674,9551.1,0.672114,7.14471,6.83581,16.2258,1188.62
gen523,9.37,1,5179.81,0.676593,1.67938,1.49523,4.72349,1156.63
gen524,10.05,0.863,4892.43,0.659829,1.83636,1.65211,5.18661,905.323
gen525,11.046,1.185,9554.31,0.681892,4.1324,3.8223,12.213,1113.09
gen526,9.698,1.3,9854.56,0.712437,4.0602,3.75512,10.7108,1587.14
gen527,10.77,1.112,7762.69,0.671307,4.20138,3.85071,10.8163,1134.75
gen528,10.679,0.911,5253.07,0.650252,2.85388,2.55289,6.47976,625.67
gen529,12.568,1.553,10107.6,0.656264,8.50763,8.17103,18.1937,989.765
gen530,10.906,0.89,7608.36,0.666759,3.35498,3.02147,7.53894,730.565
gen531,15.892,1.884,10426.3,0.5915,20.7977,20.3455,36.407,271.295
gen532,9.78,0.757,2442.82,0.643144,1.06464,0.854999,2.17788,668.195
gen533,12.894,0.986,8846.94,0.637286,6.56331,6.08075,12.7094,511.46
gen534,12.697,1.206,8156.88,0.635483,6.75669,6.32256,13.5523,485.135
gen535,12.769,0.991,8208.18,0.63411,6.49006,6.06385,12.9725,372.545
gen536,13.163,1.154,7803.09,0.622654,7.45328,7.0377,15.4321,376.393
gen537,10.182,0.728,3994.52,0.648815,1.55917,1.29544,3.20985,487.16
gen538,10.319,1.056,6962.36,0.673262,3.49874,3.16135,8.27337,988.55
gen539,12.166,0.961,7590.8,0.640873,5.42112,5.03672,11.5249,427.22
gen540,12.299,1.122,9551.65,0.65606,6.29374,5.89849,13.4285,772.483
gen541,11.1,1.353,6172.94,0.650632,5.30848,4.89146,10.3372,989.36
gen542,11.758,0.996,8177.79,0.654583,4.50163,4.14188,11.0385,577.88
gen543,9.802,0.751,2700.25,0.645,1.01995,0.844803,2.37665,777.343
gen544,11.086,1.299,7789.56,0.665379,4.49679,4.19189,10.6572,1038.16
gen545,9.769,0.857,4183.69,0.659205,1.8911,1.72728,4.51624,991.588
gen546,11.658,1.134,5736.35,0.634892,4.96984,4.64537,9.59602,847.61
gen547,10.282,0.802,3415.87,0.641679,2.19983,1.95541,4.29037,799.618
gen548,9.965,0.837,3210.1,0.646388,1.65816,1.46651,3.64407,905.525
gen549,9.39,0.883,3249.64,0.658616,1.67364,1.46954,3.57318,1165.54
gen550,10.155,0.876,4272.34,0.652116,2.0992,1.87413,4.7216,801.845
gen551,9.598,0.779,3095.44,0.652788,1.34855,1.19074,3.15058,981.463
gen552,9.908,0.852,5268.84,0.666111,2.14858,1.92099,4.8785,1016.9
gen553,10.03,0.853,4025.45,0.65242,1.97418,1.73661,4.19976,792.733
gen554,9.41,0.914,3558.79,0.66104,1.72245,1.53469,3.8864,1211.1
gen555,10.131,1.074,5216.8,0.661439,2.92229,2.69471,6.22043,993.208
gen556,10.743,0.873,5064.32,0.647177,2.89595,2.60181,5.90203,664.955
gen557,10.014,0.57,1465.37,0.629236,0.477213,0.404276,0.966357,370.52
gen558,9.553,0.753,3128.05,0.653961,1.54661,1.32976,3.10522,909.98
gen559,9.471,0.825,3180.78,0.656238,1.56378,1.35323,3.20379,955.34
gen560,11.492,1.228,7177.33,0.651422,5.49705,5.16273,10.7064,1038.97
gen561,9.85,0.604,1577.32,0.633664,0.420107,0.376861,0.933623,537.583
gen562,10.423,0.999,5003.16,0.653401,3.19333,2.91119,6.85058,1030.87
gen563,9.603,0.939,4481.04,0.665423,2.00499,1.80654,5.03546,1252.61
gen564,9.907,0.903,3808.71,0.653076,1.71219,1.60904,3.73859,978.02
gen565,9.87,0.882,4015.93,0.655665,1.89969,1.64074,3.9655,961.415
gen566,9.666,0.717,2147.79,0.642761,1.15938,1.00148,2.51461,839.915
gen567,9.797,0.872,6380.63,0.678428,2.02504,1.81427,4.77986,1035.33
gen568,10.19,1.101,5158.32,0.659747,2.97176,2.69968,7.23879,1088.99
gen569,9.629,0.855,2955.2,0.651017,1.83469,1.6875,4.05615,1089.6
gen570,9.781,0.783,2799.93,0.646381,1.443,1.30429,3.05681,897.223
gen571,9.66,0.788,2472.5,0.645925,1.4253,1.27679,3.05055,931.445
gen572,10.896,1.254,5680.07,0.650216,4.26992,3.9857,8.62878,1113.49
gen573,10.913,1.003,5117.01,0.644381,3.45799,3.13834,7.23145,1016.9
gen574,10.745,0.992,5258.57,0.649083,3.41106,3.12315,7.00703,958.782
gen575,20.974,2.592,9066.45,0.476195,49.221,48.4688,63.3129,32.9525
gen576,9.812,0.73,1981.17,0.638288,0.918475,0.81918,1.88302,811.16
gen577,11.359,1.265,6971.01,0.652355,5.00587,4.71574,11.2264,930.433
gen578,9.708,0.605,1766.68,0.638283,0.297346,0.234211,1.25008,638.833
gen579,17.507,1.889,12024.3,0.572762,23.4114,23.0042,42.6281,373.153
gen580,9.309,0.756,2234.55,0.65093,0.568642,0.497814,2.00878,950.885
gen581,11.183,1.123,5884.66,0.645952,3.86988,3.58048,9.28809,1199.55
gen582,9.495,0.877,4295.73,0.665867,1.41594,1.24757,4.57813,1189.63
gen583,12.157,1.33,9269.37,0.656779,5.85938,5.51883,16.8969,1003.74
gen584,9.555,0.968,4636.51,0.667855,1.89548,1.67332,5.51577,1186.59
gen585,10.022,1.244,8718.61,0.695474,3.43637,3.09731,10.8691,1482.04
gen586,17.894,2.219,11325.7,0.559086,27.0506,26.4571,48.7919,267.852
gen587,9.798,0.592,1914.2,0.637743,0.134376,0.0977278,1.19008,514.902
gen588,16.055,1.819,12787.6,0.609299,17.6634,17.2152,38.1839,628.505
gen589,9.281,0.724,3625.11,0.663966,0.981144,0.833771,3.49607,1006.17
gen590,21.84,2.002,10320.5,0.468734,44.1096,43.0194,66.2678,-210.453
gen591,10.096,0.564,731.6,0.62094,0,0,0,151.01
gen592,16.858,1.552,12851.3,0.592956,19.4393,18.8841,41.7572,271.093
gen593,9.468,0.899,4456.3,0.667902,1.12759,0.948706,4.0974,1055.98
gen594,11.008,1.268,8795.27,0.675978,4.81365,4.49035,13.8979,1075.22
gen595,9.477,0.737,3288.44,0.656937,0.755458,0.607607,2.7004,959.39
gen596,11.92,1.336,11648.9,0.683066,5.09125,4.72626,16.2308,1264.36
gen597,9.453,0.709,3985.95,0.66366,0.510892,0.376129,3.10375,911.802
gen598,21.79,2.136,9469.76,0.462326,61.409,60.1823,78.4168,-392.905
gen599,9.531,0.708,2748.21,0.650919,0.422086,0.318594,2.5355,862.595
gen600,11.829,1.456,11684.5,0.685454,6.78598,6.41808,19.7912,1225.27
gen601,9.407,0.9,4528.76,0.669808,1.4533,1.27415,5.73336,1337.66
gen602,10.513,1.253,11233.4,0.708051,4.69683,4.36879,14.4793,1474.15
gen603,9.865,1.036,8195.09,0.693636,2.80621,2.52911,9.70177,1317.01
gen604,9.657,0.982,7008.2,0.687131,1.84879,1.58698,6.55879,1177.28
gen605,9.665,0.948,6767.38,0.684743,2.16184,1.87496,7.34619,1249.57
gen606,10.452,0.996,10249.5,0.700019,3.31396,3.05256,11.1337,1127.67
gen607,9.892,0.85,6901.38,0.681129,1.81445,1.57625,6.36437,1083.32
gen608,17.101,1.523,14097.1,0.599135,19.511,18.9542,42.1333,339.335
gen609,9.598,0.663,2814.33,0.650065,0.680049,0.544859,2.66751,766.205
gen610,10.04,1.238,10331.3,0.709609,3.77386,3.44216,12.1296,1411.37
gen611,9.658,0.937,6187.49,0.679649,2.03245,1.79083,6.96086,1310.93
gen612,10.323,1.056,8341.57,0.685593,3.16176,2.82872,9.87339,1151.77
gen613,10.226,1.077,9402.15,0.697163,3.56704,3.25124,11.4695,1237.22
gen614,16.886,1.675,11764.8,0.582808,20.3493,19.8009,43.1421,303.695
gen615,9.617,0.638,1887.5,0.641292,0.282658,0.244021,2.30391,751.22
gen616,9.767,1.083,7595.23,0.690326,2.91598,2.59313,9.19166,1261.52
gen617,9.353,1.053,8432.05,0.7063,2.14543,1.875,6.6072,1260.91
gen618,9.97,0.995,8402.97,0.693285,2.63344,2.30296,8.57343,1191.25
gen619,10.113,1.001,6230.55,0.67081,2.48853,2.2111,9.35656,1136.38
gen620,9.641,1.012,7305.95,0.690189,2.32007,2.08523,8.41474,1344.95
gen621,10.953,1.341,11415.3,0.700809,5.51124,5.15921,18.7495,1428.38
gen622,9.727,0.748,3920.66,0.657517,1.06847,0.835124,4.12607,712.137
gen623,12.598,1.688,12557.5,0.677923,8.86423,8.45568,26.3059,1125.03
gen624,9.462,0.899,6401.63,0.685534,1.57017,1.3266,6.14944,1145.28
gen625,9.793,1.055,7935.65,0.69281,3.0505,2.73694,10.2422,1316.2
gen626,10.204,1.111,8399.24,0.688645,3.6963,3.40059,12.1123,1193.68
gen627,10.341,1.236,9748.89,0.69819,3.9869,3.71473,14.4837,1554.34
gen628,9.991,0.993,8363.92,0.6925,2.72614,2.32481,9.97931,1077.85
gen629,10.807,1.222,11825.9,0.7073,4.4443,4.11014,15.8691,1060.24
gen630,9.58,0.98,7197.36,0.69041,2.19183,1.93541,8.14751,1213.73
gen631,9.915,1.049,8424.24,0.694695,3.14897,2.89055,11.5554,1392.94
gen632,9.585,0.717,4657.13,0.667007,0.756608,0.659243,5.1345,1020.14
gen633,12.706,1.207,11778.3,0.667893,6.92899,6.58453,23.0807,698.57
gen634,9.667,0.886,7004.01,0.686728,1.49354,1.2967,6.69682,1213.93
gen635,9.472,0.818,5444.54,0.67658,1.35427,1.11564,5.86353,1114.71
gen636,10.386,1.162,10938,0.707846,4.14963,3.83109,13.5293,1163.51
gen637,10.344,0.968,8162.57,0.683405,3.2101,2.74687,10.1209,909.373
gen638,10.465,1.252,10303.2,0.700661,4.18888,3.86469,14.291,1282.99
gen639,9.908,1.061,7666.96,0.688043,2.64746,2.37259,9.31525,1221.02
gen640,10.216,1.075,8457.45,0.688863,3.31026,2.96953,12.3715,1176.27
gen641,9.861,0.996,7239.32,0.68505,2.27896,2.01305,8.36076,1137.59
gen642,9.646,0.963,7311.97,0.690059,2.23715,1.95982,9.046,1228.72
gen643,9.706,0.914,7555.21,0.690936,2.40553,2.10561,9.57857,1311.54
gen644,9.742,0.865,6639.39,0.681873,2.01618,1.71642,7.1332,1080.69
gen645,10.442,1.079,8575.59,0.685297,3.17326,2.8141,11.629,993.613
gen646,10.838,1.169,12501.4,0.712656,4.26028,3.87457,15.3661,987.74
gen647,11.041,1.121,11319.9,0.697778,4.3232,3.87991,15.4786,868.265
gen648,9.903,0.916,6807.04,0.680164,2.27111,1.97443,8.90855,1153.99
gen649,9.786,0.837,6562.43,0.680231,1.86839,1.59266,7.38537,1011.43
gen650,12.186,1.289,12667.5,0.686699,6.26962,5.90428,22.1439,919.902
gen651,10.486,0.91,7495.67,0.674393,2.34436,2.03221,10.4025,886.49
gen652,10.396,0.971,7622.84,0.677485,2.64999,2.26327,10.9223,1093.24
gen653,11.556,1.121,11017.6,0.684493,4.52715,4.20445,17.5106,888.92
gen654,10.541,1.044,8973.98,0.686793,3.34871,2.79309,11.0071,861.177
gen655,10.463,0.988,9016.24,0.68868,2.93669,2.64259,11.2897,1075.83
gen656,10.52,0.983,9135.51,0.688576,3.28018,2.92533,11.8507,1002.93
gen657,9.666,1.203,9752.56,0.712014,2.86287,2.5275,11.006,1405.09
gen658,10.772,1.104,9554.22,0.687377,4.17097,3.7706,13.6885,1041.61
gen659,11.097,1.208,11510.4,0.698489,4.93799,4.58399,17.5883,939.545
gen660,10.71,1.147,11283.4,0.704283,4.33188,3.94087,15.0951,1010.02
gen661,10.366,1.077,9403.7,0.694305,3.97652,3.58667,13.2549,986.525
gen662,10.767,1.121,10618.4,0.697086,4.10028,3.74307,14.1239,911.803
gen663,10.438,1.185,11454,0.711461,3.5238,3.15949,12.4665,1008.6
gen664,9.989,0.996,8734.76,0.695883,2.84534,2.46175,9.98225,837.485
gen665,10.018,1.019,8276.14,0.691199,2.63543,2.29004,9.47236,857.128
gen666,10.658,1.07,9464.75,0.688853,3.49807,3.15065,12.6699,719.022
gen667,13.267,1.355,12264.9,0.661012,8.26513,7.82807,23.7365,636.402
gen668,9.845,0.669,3673.08,0.652737,0.965231,0.614051,2.89698,563.907
gen669,13.105,1.302,13563.9,0.675937,7.21987,6.9034,24.2211,541.025
gen670,10.145,0.819,5533.14,0.663574,1.79902,1.48414,4.80973,507.815
gen671,10.19,1.079,9783.06,0.701333,3.28581,2.92306,10.2111,772.077
gen672,9.704,1.053,8184.13,0.696869,2.68789,2.27926,8.74139,1023.58
gen673,10.084,1.154,9229.57,0.698651,3.61658,3.27719,11.608,1066.72
gen674,15.22,1.362,12188.1,0.62027,8.2065,7.77926,25.3453,588.612
gen675,10.355,0.949,8607.52,0.687152,3.15112,2.79357,10.4785,738.057
gen676,10.516,0.982,9779.4,0.694451,3.13439,2.7332,10.1928,760.535
gen677,10.09,1.036,7335.42,0.681284,2.88133,2.39479,9.03261,862.595
gen678,12.466,1.164,9242.97,0.649927,7.73926,5.36549,16.5793,51.785
gen679,10.818,1.144,11053.9,0.699997,4.5824,4.19847,15.0017,743.728
gen680,11.1,1.034,11471.9,0.697791,4.58829,4.15935,14.0898,752.637
gen681,11.645,1.093,11414.4,0.686192,5.09243,4.71646,16.7294,665.765
gen682,10.152,1.085,10123.8,0.705189,3.75374,3.36653,12.356,1032.09
gen683,10.89,1.041,10479.4,0.693178,4.40523,3.94021,14.3162,878.39
gen684,9.881,1.003,7499.86,0.686996,2.66493,2.27625,8.32586,901.678
gen685,10.349,0.994,8109.42,0.682867,3.20772,2.82682,10.1586,901.475
gen686,10.058,1.076,8426.69,0.691828,3.2631,2.86859,10.1664,958.377
gen687,9.951,1.125,9539.83,0.704123,3.30714,2.55016,9.69564,888.313
gen688,9.954,1.029,7863.14,0.688811,3.27899,2.52406,9.43593,857.127
gen689,11.143,1.108,10063.5,0.684356,4.85927,4.48897,14.9615,890.743
gen690,10.432,0.999,8120.96,0.681277,2.70965,2.41023,10.1665,893.578
gen691,10.204,0.856,7085.8,0.676399,2.28159,1.93788,8.19596,901.07
gen692,10.753,1.123,8552.06,0.678779,3.78776,3.26486,12.5541,836.877
gen693,10.919,1.129,8718.49,0.676881,3.8066,3.43794,13.4471,853.685
gen694,12.895,1.154,9474.92,0.643198,7.96787,5.75267,18.7439,324.35
gen695,11.87,1.19,8680.27,0.657131,6.83951,4.07211,14.7436,420.943
gen696,10.766,1.273,9271.98,0.685241,4.56328,4.13362,14.2314,994.828
gen697,9.785,0.922,5257.05,0.668645,1.8667,1.64433,6.12933,997.258
gen698,11.119,1.419,10082.7,0.68554,5.46496,4.64175,15.6699,885.883
gen699,10.998,1.422,8645.87,0.675096,5.14076,4.35963,15.2002,812.78
gen700,10.448,1.211,8840.67,0.687779,3.77391,2.68593,9.97537,772.685
gen701,24.078,3.144,9057.41,0.413362,76.7191,48.7682,66.1677,-45.2125
gen702,10.907,1.134,9089.73,0.680477,3.90736,3.48183,11.8916,720.845
gen703,20.456,2.869,9059.38,0.487219,45.0332,44.3547,66.9738,142.302
gen704,10.345,1.201,8222.89,0.684315,3.95415,3.31317,11.3352,914.233
gen705,20.496,3.199,7888.52,0.47641,65.493,64.5875,80.0822,52.1901
gen706,10.056,0.575,1352.37,0.627366,0.64816,0.197991,0.712994,294.988
gen707,18.938,2.541,10113.5,0.527298,42.576,41.9036,66.5018,74.87
gen708,9.402,0.73,2844.1,0.654465,0.653951,0.520739,2.86546,769.647
gen709,21.458,3.233,8239.19,0.45989,74.7977,73.6416,85.3867,-226.855
gen710,10.651,1.062,8670.95,0.681839,3.70451,3.32904,11.1129,759.32
gen711,20.208,2.845,9043.83,0.492126,60.7505,59.6283,77.3183,-140.793
gen712,11.602,0.922,8449.6,0.660106,4.27816,3.8776,11.1071,341.765
gen713,21.13,3.707,7944.38,0.464755,86.7166,85.6177,91.7003,-122.568
gen714,9.526,0.975,5860.47,0.679477,2.26128,1.9799,6.87191,1019.13
gen715,20.038,2.883,10496,0.508745,56.9314,55.9298,73.3668,-213.49
gen716,9.896,1.083,7597.46,0.6877,2.87277,2.52935,8.23222,995.03
gen717,20.528,3.356,8979.85,0.485838,68.1651,66.9567,82.6021,-150.513
gen718,9.53,0.661,1920.73,0.643414,0.329933,0.263137,1.59635,715.985
gen719,13.352,1.792,11748.5,0.655349,10.0755,9.7604,25.3315,966.477
gen720,22.04,3.756,7816.05,0.445015,84.5646,83.3951,90.5622,-170.56
gen721,9.806,1.037,5794.6,0.673244,2.40875,2.09742,6.70178,1082.92
gen722,23.822,3.104,9187.79,0.41972,91.9675,90.355,91.0915,-378.325
gen723,9.791,0.752,5256.96,0.668238,1.37503,1.14347,5.42737,842.143
gen724,26.633,2.449,9730.16,0.365848,80.5086,79.2292,85.7154,-399.385
gen725,10.305,1.176,10307.3,0.703854,4.10456,3.7072,11.5971,1123.62
gen726,10.773,1.176,9999.94,0.691488,4.1023,3.76407,11.7775,948.05
gen727,20.435,3.085,10311.8,0.499281,64.9568,63.9949,79.5537,-191.215
gen728,9.562,0.752,3649.71,0.65847,0.807101,0.634007,2.82503,784.633
gen729,31.195,2.434,9802.01,0.27289,100,98.7533,91.2322,-471.273
gen730,10.206,0.97,9130.1,0.694947,3.23468,2.84447,9.76105,991.79
gen731,9.824,1.042,6163.29,0.676201,2.2934,1.96341,7.88861,1077.85
gen732,10.056,0.953,8694.07,0.694071,3.22896,2.8827,11.007,985.513
gen733,11.692,0.904,10266.5,0.674582,3.51941,3.19627,15.1019,639.845
gen734,23.516,2.98,6901.48,0.405213,79.1469,77.3904,87.296,-349.975
gen735,9.969,0.61,3672.48,0.650089,0.308871,0.234742,2.94787,551.555
gen736,11.405,1.21,10952.2,0.687151,5.46239,5.0519,17.6609,859.963
gen737,9.912,0.904,5702.06,0.670015,2.05946,1.80669,8.08965,991.385
gen738,10.173,0.814,4707.27,0.655558,1.73057,1.50639,6.69971,790.302
gen739,9.979,0.881,7462.98,0.684451,2.33772,2.06726,8.66983,1020.55
gen740,10.516,0.935,6800.74,0.667565,2.70011,2.41836,10.0605,873.327
gen741,9.922,0.887,6499.99,0.676963,1.70903,1.52188,7.49099,1077.45
gen742,9.942,0.865,4696.21,0.660282,1.59141,1.36791,6.67162,966.882
gen743,10.245,0.906,7202.73,0.676694,2.79885,2.49283,9.88491,791.922
gen744,10.237,0.97,7701.05,0.681449,2.96338,2.6416,10.057,837.282
gen745,10.14,0.849,6367.74,0.671238,2.44459,2.14008,9.33615,831.41
gen746,9.792,0.897,6165.03,0.676632,1.9912,1.70051,7.62369,992.6
gen747,10.578,1.087,8167.03,0.678843,3.2079,2.89683,10.2657,1047.68
gen748,10.54,0.879,6335.1,0.662789,2.47416,2.19164,8.6096,777.748
gen749,10.098,0.999,6547.32,0.673965,2.21189,1.91514,8.35639,873.328
gen750,11.327,1.038,8279.31,0.664408,3.84598,3.49177,12.9215,701.203
gen751,10.44,0.966,7623.93,0.676584,2.81669,2.55537,9.62167,826.752
gen752,26.765,1.818,12532.1,0.387306,45.1405,44.3225,61.6036,-301.375
gen753,9.671,0.755,3668.4,0.656407,0.706815,0.551561,3.84381,814.603
gen754,9.96,0.899,6049.28,0.672147,2.12602,1.87823,7.23321,974.578
gen755,9.955,1.08,7093.33,0.681948,2.86132,2.59797,9.14776,1079.07
gen756,10.11,0.966,6764.21,0.675616,2.53393,2.25285,7.8772,957.163
gen757,10.323,0.919,6193.83,0.666035,2.60803,2.31612,7.96529,881.833
gen758,11.944,1.109,9371.39,0.661698,4.16748,3.83719,13.9151,695.735
gen759,15.064,1.562,12376.4,0.625498,11.7066,11.3477,29.7147,545.48
gen760,9.881,0.988,6905.24,0.68162,2.16435,1.92779,7.32751,1144.27
gen761,11.336,1.136,10218.6,0.68184,4.139,3.83693,13.5633,811.565
gen762,12.887,1.299,11425.9,0.661162,6.88619,6.59095,20.59,651.995
gen763,10.916,0.999,9937.29,0.687695,3.03511,2.76021,12.0306,871.303
gen764,10.023,1.134,8707.04,0.695166,2.73998,2.46244,9.89421,1181.13
gen765,10.176,0.953,7655.85,0.682265,2.41956,2.13802,8.94883,989.36
gen766,10.215,1.121,10812.9,0.710159,3.57028,3.28184,11.5258,1261.32
gen767,11.619,1.162,9917.43,0.673368,4.668,4.34013,15.9983,756.282
gen768,10.861,1.081,10404.9,0.693169,3.25178,2.97312,11.8988,850.648
gen769,21.45,1.972,10706.3,0.480157,38.8229,37.8723,60.8789,-257.23
gen770,11.655,1.103,10785.7,0.680345,5.17902,4.84709,16.5577,769.04
gen771,9.859,0.855,5288.43,0.667298,1.78948,1.45539,6.1103,996.853
gen772,13.498,1.253,12654.7,0.659612,7.65077,7.28229,21.1789,394.618
gen773,10.551,0.899,7762.82,0.675446,2.70453,2.41398,8.93931,852.268
gen774,10.209,1.066,9659.24,0.699807,2.92081,2.67015,10.8122,1097.09
gen775,11.685,1.228,11778.9,0.688877,5.32877,4.93574,15.9077,857.33
gen776,11.592,1.317,11774.3,0.690892,5.70157,5.34855,17.4397,1001.31
gen777,11.454,1.266,11978.8,0.695478,5.21797,4.88592,16.4599,916.46
gen778,13.218,1.352,13214.8,0.670561,8.08465,7.70169,23.677,582.133
gen779,9.618,0.945,6392.85,0.682331,1.87008,1.58301,6.35595,1113.9
gen780,10.762,1.047,10902.9,0.699625,4.23256,3.90199,13.1405,941.773
gen781,22.846,2.917,10163.9,0.448214,59.5333,58.4832,74.339,-210.655
gen782,10.988,1.203,10630.8,0.6928,4.22771,3.91776,13.1345,912.815
gen783,20.759,2.442,10162.2,0.490217,58.9772,57.8749,76.5118,-336.812
gen784,9.643,0.884,5031.15,0.669461,1.40158,1.19642,5.62435,1011.84
gen785,22.52,2.216,10173.1,0.453815,65.4172,63.967,77.0149,-439.277
gen786,9.647,0.695,2625.06,0.64741,0.405998,0.301948,2.84054,802.048
gen787,12.862,1.116,12894.2,0.674585,7.20825,6.79774,20.893,546.898
gen788,10.503,0.854,6280.13,0.663011,1.90293,1.64964,8.91577,860.57
gen789,11.11,1.291,10378.4,0.688172,4.63145,4.28641,15.3783,1036.34
gen790,10.45,0.779,6882.54,0.669395,1.65885,1.42431,7.47165,794.352
gen791,14.746,1.46,13370.2,0.640796,11.3846,10.9837,30.1067,539
gen792,13.318,0.983,13154.4,0.667351,5.74997,5.41059,20.3306,338.728
gen793,11.653,1.146,10270.5,0.675822,4.32757,4.03126,15.5417,845.585
gen794,13.327,1.092,12028.5,0.657215,6.03308,5.6365,20.7883,440.99
gen795,11.63,1.014,7825.54,0.654069,3.44902,3.0735,13.5673,727.73
gen796,13.139,1.065,10801,0.649979,5.36763,5.0087,20.1742,389.555
gen797,16.128,1.139,13371.4,0.611923,11.9215,11.5447,33.8662,111.725
gen798,9.924,0.601,1623.22,0.632554,0.0184498,0.0122999,1.256,568.97
gen799,25.389,2.276,10461.9,0.397664,71.3738,70.2096,80.3552,-445.96
gen800,10.013,0.671,3552.68,0.64821,0.322274,0.216915,3.84058,647.743
gen801,14.381,1.318,13044.4,0.645114,9.02287,8.66973,27.3553,505.79
gen802,10.16,0.759,4978.97,0.658178,0.902708,0.720913,5.53165,738.463
gen803,15.084,1.452,14114.4,0.640547,11.4579,11.0262,30.3556,605.825
gen804,11.281,0.851,6795.4,0.651685,2.02895,1.75752,10.4466,696.14
gen805,11.626,1.198,13108.3,0.702002,4.51165,4.14219,16.2837,1023.18
gen806,10.881,0.903,5719.27,0.650291,1.90668,1.67248,9.40369,718.617
gen807,11.036,1.053,10243.8,0.688083,3.78942,3.46235,13.3396,1114.1
gen808,11.71,1.109,10517.1,0.67681,4.22267,3.88137,15.4891,921.725
gen809,11.095,1.019,9759.23,0.682454,3.39105,3.09725,12.8711,944.203
gen810,11.369,1.211,11859.9,0.69606,5.10103,4.71077,15.6114,1064.08
gen811,10.594,1.113,8286.11,0.67963,3.21216,2.86979,11.0774,1067.73
gen812,11.035,1.113,11028.8,0.695268,4.18407,3.86569,13.6906,941.975
gen813,11.426,1.157,10886.3,0.686038,4.92032,4.57882,15.6555,791.315
gen814,11.372,1.119,10030,0.679376,3.88015,3.51474,12.7487,849.027
gen815,11.897,1.144,10538.5,0.673225,4.91922,4.59416,15.658,821.487
gen816,10.072,1.005,6205.36,0.671431,1.89431,1.58346,6.7231,871.505
gen817,9.534,1.006,7528.24,0.694374,2.4152,2.11433,8.22772,1295.14
gen818,11.253,1.135,10064.1,0.682151,3.94758,3.59403,14.0459,804.275
gen819,12.057,1.157,12004.3,0.683157,5.43126,5.09211,17.3551,825.538
gen820,10.265,1.173,9071.94,0.693551,2.90659,2.57031,11.0766,1181.13
gen821,15.315,1.79,12906,0.625497,15.0629,14.6326,35.463,483.718
gen822,11.442,1.279,10129.3,0.679101,4.85852,4.57299,15.6813,976.805
gen823,11.564,1.157,10778.7,0.682239,4.58658,4.27879,15.8612,899.247
gen824,11.317,1.205,9406.92,0.67504,4.01314,3.73024,14.7954,951.695
gen825,23.856,2.075,9365.84,0.41891,66.2331,64.5314,75.8809,-431.988
gen826,9.989,0.852,5748.19,0.668764,1.30968,1.09106,6.42308,1010.62
gen827,10.745,1.216,10574.1,0.697296,4.10758,3.6986,14.4323,1233.17
gen828,10.427,0.934,6654.91,0.668077,2.21919,1.96338,9.79056,1085.34
gen829,11.185,1.257,10070.7,0.683808,4.07817,3.79544,15.7563,992.6
gen830,11.536,1.103,9548.7,0.671654,4.02072,3.68159,14.9222,819.26
gen831,11.66,1.088,12648.9,0.696987,5.14702,4.81124,17.4553,870.29
gen832,12.471,1.369,14870.7,0.700815,7.28079,6.92668,22.2764,868.063
gen833,12.997,1.516,13039.8,0.673792,9.91132,9.45848,25.288,902.488
gen834,10.483,1.257,9998.34,0.697557,3.64332,3.34786,13.29,1375.93
gen835,11.023,1.469,12964,0.713525,5.25622,4.95912,17.2732,1297.97
gen836,11.669,1.321,11973.9,0.691115,5.33135,4.98011,17.2008,806.098
gen837,11.026,1.04,9772.86,0.684028,3.84899,3.48528,13.3543,751.423
gen838,10.537,1.225,11083.1,0.706159,3.98246,3.61065,13.9575,1054.56
gen839,11.484,1.33,11086.1,0.686935,6.11723,5.78023,16.9964,1243.29
gen840,10.614,1.281,10356.3,0.698131,4.42316,4.04988,13.5467,1091.62
gen841,11.043,1.407,11665,0.701319,5.66357,5.28318,15.7386,1250.79
gen842,11.204,1.278,11308.8,0.694597,5.58648,5.23042,15.6527,944.405
gen843,10.537,1.233,10632.6,0.702118,4.05223,3.68989,14.5345,1105.39
gen844,11.052,1.283,11151.8,0.696309,4.83411,4.56679,15.9183,1166.35
gen845,10.164,1.274,8892.96,0.694181,3.7578,3.4248,13.6631,1304.65
gen846,11.325,1.452,10119.4,0.6817,7.06949,6.71867,18.9647,1202.19
gen847,10.331,1.216,10187,0.702305,3.8307,3.58059,14.4988,1245.93
gen848,11.203,1.361,13269.1,0.712398,6.88269,6.44784,18.9422,1218.19
gen849,10.816,1.336,9940.27,0.690335,4.48301,4.07745,15.5181,1034.11
gen850,11.465,1.364,11721.9,0.693104,6.95672,6.50561,19.5852,1093.04
gen851,9.867,1.135,8785.1,0.69907,3.25991,2.87324,12.3231,1483.26
gen852,12.433,1.403,13242.3,0.686996,8.45747,8.02085,25.0735,1097.7
gen853,11.954,1.289,12701.4,0.691763,7.0048,6.63339,20.7039,949.265
gen854,12.616,1.298,13651,0.686745,9.09369,8.66224,25.4933,681.358
gen855,11.567,1.397,12998.1,0.702552,6.96255,6.5927,21.1663,1033.91
gen856,9.808,0.922,5584.08,0.671117,2.64515,2.28266,7.39029,1073.6
gen857,19.458,1.672,11797.3,0.530336,32.6014,31.8435,52.924,-32.05
gen858,10.348,1.238,11993.5,0.718251,3.98655,3.67397,15.1554,1290.68
gen859,15.096,1.698,13271.5,0.633125,14.1842,13.7909,36.3908,585.575
gen860,9.845,1.164,9734,0.70811,3.00314,2.71191,12.3249,1384.84
gen861,10.1,1.375,12440.2,0.727587,4.36515,3.97727,13.977,1500.27
gen862,10.724,1.242,12691.5,0.716827,4.09173,3.78983,13.5735,1076.84
gen863,11.205,1.179,12448.8,0.704671,5.271,4.84437,16.155,1136.38
gen864,14.543,1.501,13780.1,0.648718,10.8628,10.5753,32.3864,703.632
gen865,9.886,1.211,9625.43,0.70637,3.378,3.09042,11.9759,1470.3
gen866,10.186,1.215,9860.62,0.70234,3.377,3.07156,13.0814,1380.39
gen867,9.816,1.109,11252,0.722275,3.33881,3.01845,12.533,1402.87
gen868,9.905,1.121,8954.82,0.699795,3.18946,2.86632,10.6613,1228.92
gen869,11.101,1.254,11635,0.699605,4.26077,3.94033,15.4803,995.84
gen870,11.416,1.252,12579.6,0.701641,6.04747,5.69599,19.389,1020.14
gen871,9.267,0.905,5223.17,0.678937,1.36105,1.16748,6.29284,1267.8
gen872,11.168,1.228,12009.8,0.70156,4.69301,4.31986,16.5341,975.388
gen873,9.921,1.05,9307.49,0.702523,2.79153,2.48112,9.72385,1268.41
gen874,9.916,1.075,9504.77,0.704442,2.8927,2.55386,9.91902,1391.53
gen875,9.756,0.959,8604.84,0.699432,2.69339,2.41949,9.82693,1315.39
gen876,10.798,1.115,12771.4,0.715816,4.5122,4.14418,16.3575,1086.16
gen877,9.826,1.118,10107.8,0.711787,2.83757,2.54331,10.4373,1391.12
gen878,11.103,1.223,12255.2,0.705094,5.64008,5.2697,18.6367,972.958
gen879,9.783,1.28,11448.8,0.725008,3.22955,2.89768,12.887,1560.01
gen880,14.167,1.518,13572.9,0.654594,11.0611,10.6687,30.3352,528.875
gen881,9.906,1.013,7003,0.682028,2.28835,1.99556,8.81169,1073.2
gen882,15.521,1.656,13995.7,0.630855,16.3145,15.915,37.2148,433.295
gen883,9.146,0.843,4062.66,0.670872,1.09703,0.912858,4.59022,1326.32
gen884,9.627,0.987,6912.01,0.686889,1.91912,1.6907,8.16578,1275.7
gen885,17.538,1.609,11853.5,0.570122,21.7456,21.0289,45.5276,-18.8875
gen886,10.407,1.123,11244.2,0.710105,3.12777,2.86658,11.5073,1243.9
gen887,10.579,1.303,10246.5,0.697898,4.45199,4.12139,14.0064,1336.24
gen888,9.63,0.857,6410.63,0.682098,2.14062,1.83098,7.00086,1082.92
gen889,10.447,0.882,9850.79,0.696342,2.71658,2.4708,10.6765,1164.73
gen890,9.792,0.87,7749.01,0.690842,2.38886,2.07961,7.46574,1201.58
gen891,9.62,0.885,6025.97,0.678888,1.25241,1.09231,5.6871,1181.13
gen892,9.621,0.91,7205.21,0.689523,2.07364,1.82056,7.03159,1200.16
gen893,10.563,1.015,8560.47,0.682572,3.30933,3.0445,11.4132,1016.9
gen894,9.433,1.018,6447.17,0.686737,2.15293,1.93212,7.576,1324.7
gen895,11.459,1.406,12986,0.704674,6.8873,6.49696,19.5781,1118.15
gen896,9.331,0.861,5453.43,0.679624,1.53523,1.2605,5.65755,1041
gen897,18.954,2.253,10027.5,0.525715,37.2486,36.2931,59.6406,-153.145
gen898,9.514,0.918,7281.54,0.692418,1.77606,1.50376,6.12864,1127.67
gen899,17.797,2.839,10101.2,0.551088,34.7079,34.0899,59.815,389.555
gen900,9.438,0.765,3761.47,0.662041,0.713241,0.581159,2.97731,911.802
gen901,14.803,2.211,12164.8,0.63003,16.7757,16.3975,35.252,732.185
gen902,9.797,0.576,1688.92,0.635709,0.0718067,0.0471872,0.859969,440.99
gen903,16.676,2.551,10484.2,0.577051,28.9501,28.404,50.4845,407.375
gen904,9.103,0.884,4536.35,0.676085,1.09835,0.894286,3.82977,1210.69
gen905,11.453,1.132,10934.2,0.685874,6.48481,6.03899,15.9998,828.575
gen906,9.461,0.953,5396.1,0.676594,2.21513,1.92032,5.98059,1081.7
gen907,11.42,1.304,11709.4,0.693815,6.97289,6.5811,16.9932,999.688
gen908,10.673,1.17,9762.64,0.691393,4.90909,4.50876,12.4394,931.85
gen909,11.121,1.067,10713.3,0.690588,4.79973,4.50217,12.7139,851.66
gen910,10.246,1.113,10349.2,0.705336,4.32282,3.95677,12.7591,1197.94
gen911,9.59,1.095,7019.8,0.688798,2.40491,2.11043,8.04385,1419.27
gen912,22.139,2.528,11506.2,0.474149,47.7248,46.7806,64.5598,-61.615
gen913,9.644,1.069,8127.06,0.697612,2.75205,2.39629,7.47432,1162.7
gen914,11.534,1.264,11768.2,0.691939,7.2115,6.84354,17.6964,920.105
gen915,9.93,1.024,9244.45,0.701727,3.46718,3.05927,10.0103,1060.84
gen916,10.545,1.158,11337.5,0.708173,4.45979,4.07803,12.8514,1196.11
gen917,10.041,1.004,8081.57,0.688951,2.93705,2.63307,8.24855,1128.68
gen918,10.147,1.035,9497.19,0.699569,3.55862,3.23627,9.92932,1065.9
gen919,10.682,1.059,10519.7,0.697837,4.02836,3.64325,11.4038,882.035
gen920,11.629,1.327,12027,0.692424,6.78209,6.38927,17.1957,955.745
gen921,13.288,1.611,12563.1,0.663692,11.0011,10.6544,27.3217,919.093
gen922,10.412,1.063,9644.28,0.695504,3.45765,3.09819,10.5567,946.835
gen923,13.351,1.288,12118.3,0.657858,9.01698,8.60466,21.6199,719.023
gen924,10.39,1.091,9515.13,0.694839,3.37127,3.00983,10.5055,925.977
gen925,9.92,1.246,10186.3,0.710779,3.38909,3.07663,10.906,1434.66
gen926,13.218,1.166,9192.62,0.634051,6.94694,6.52833,16.4142,619.392
gen927,11.375,1.091,9144.13,0.671295,4.66866,4.28311,14.1771,828.575
gen928,11.359,1.087,9690.77,0.676536,3.96162,3.58465,12.402,841.13
gen929,12.532,1.143,13123.9,0.683466,6.00981,5.63892,16.9183,952.303
gen930,10.714,1.17,9097.66,0.684567,3.95774,3.61064,12.0069,948.05
gen931,11.638,1.076,9930.63,0.672954,4.82616,4.44197,14.3667,776.735
gen932,11.733,1.331,11121.4,0.682147,5.73741,5.35524,16.8492,995.233
gen933,11.473,1.269,10020.3,0.677467,5.70068,5.30932,15.9115,998.675
gen934,11.401,1.206,9528.35,0.674411,4.40898,4.04811,13.6797,939.342
gen935,10.657,1.168,8341.13,0.678925,3.49025,3.18049,11.4229,938.33
gen936,10.923,1.073,7066.36,0.661837,3.53818,3.22934,11.7028,894.792
gen937,10.988,1.127,10782.9,0.694042,4.1662,3.76094,13.3565,946.025
gen938,14.435,1.272,13260.7,0.645876,8.74353,8.35665,23.622,619.798
gen939,11.813,1.306,9865.14,0.669158,5.08055,4.73919,14.4293,978.02
gen940,13.41,1.247,10005.9,0.637568,6.93719,6.60788,19.0793,636.2
gen941,12.43,1.282,9499.54,0.653171,6.26089,5.89011,17.176,868.265
gen942,12.205,1.339,8943.71,0.652879,5.57213,5.2023,15.6112,849.433
gen943,12.176,1.345,7518.25,0.640655,6.17062,5.8525,15.1136,1014.88
gen944,13.09,1.312,7454.79,0.62128,7.12824,6.75083,17.0109,657.868
gen945,14.041,1.292,7821.16,0.605036,7.19244,6.80621,16.2897,619.19
gen946,11.175,1.113,6446.92,0.651159,4.65197,4.32185,12.275,1053.15
gen947,11.646,1.13,7092.75,0.647339,4.8288,4.46876,12.5255,870.695
gen948,11.357,1.116,6442.92,0.647395,4.09605,3.81625,10.9041,867.05
gen949,13.819,1.518,10127,0.630719,9.02965,8.61434,21.7374,787.468
gen950,11.17,0.994,4930.42,0.637415,2.56176,2.26383,6.87438,1040.8
gen951,14.464,1.57,9694.24,0.61368,8.47051,8.07991,21.0057,798.402
gen952,10.722,1.054,6056.23,0.656837,2.80392,2.4743,8.10725,961.82
gen953,15.341,1.543,10688.1,0.60459,12.6278,12.2591,29.3975,516.32
gen954,9.517,0.811,4441.38,0.666616,1.42651,1.15828,4.47978,905.93
gen955,28.241,2.557,9665.06,0.332457,90.4022,89.1248,87.021,-410.725
gen956,9.851,0.575,862.441,0.627161,0.00414199,0,0,326.172
gen957,16.969,1.581,9975.88,0.564849,20.3038,19.8557,35.8608,-70.9301
gen958,20.036,1.889,11132.8,0.512861,39.0261,38.3034,58.0912,-127.63
gen959,10.283,0.765,3360.47,0.641099,1.78753,1.4797,4.00397,591.448
gen960,12.44,1.186,7311.15,0.63311,6.21107,5.68402,15.2114,614.128
gen961,12.009,1.187,6614.1,0.63568,5.93994,5.56854,13.6066,865.633
gen962,12.147,1.217,7320.99,0.639261,6.1234,5.68637,13.765,753.448
gen963,11.206,1.001,4877.3,0.63621,3.93182,3.55682,8.64045,802.048
gen964,11.975,1.127,6735.82,0.637372,5.06999,4.68557,12.2787,749.802
gen965,11.296,1.041,4709.27,0.632918,3.96391,3.5563,9.00403,790.91
gen966,14.502,1.496,9383.46,0.60998,11.2637,10.734,22.1939,313.213
gen967,12.217,1.331,6859.75,0.633864,6.49402,6.018,14.2035,820.07
gen968,10.975,1.149,5299.77,0.644998,3.84702,3.49484,9.88083,922.13
gen969,14.1,1.149,6820.25,0.594579,9.02293,8.55668,18.1967,308.96
gen970,9.778,0.712,2586.03,0.644399,1.06427,0.839452,2.4158,628.303
gen971,17.806,1.85,10547.8,0.553275,25.735,25.2014,42.4109,64.3401
gen972,10.138,1.008,3631.19,0.646915,2.5314,2.33914,7.18679,1240.86
gen973,9.6,0.936,4310.02,0.66394,2.30384,2.06036,6.1577,1218.79
gen974,9.402,0.998,3391.47,0.659838,2.18439,1.94757,5.85131,1301.61
gen975,10.601,0.945,4186.87,0.642313,2.80672,2.52369,7.14734,911.398
gen976,10.55,0.997,4813.09,0.649082,3.07149,2.80921,7.95956,1085.34
gen977,10.518,1.036,5188.74,0.653184,3.55161,3.27081,8.86162,1044.84
gen978,10.32,1.033,5190.71,0.657259,3.01399,2.71708,7.83316,963.44
gen979,10.022,0.902,3953.64,0.652019,2.43454,2.23201,6.22345,1085.14
gen980,9.74,0.789,3101.07,0.649943,1.32152,1.13038,3.56791,841.13
gen981,9.914,0.934,3613.88,0.65123,2.32874,2.0967,6.03923,1076.84
gen982,10.435,0.905,3815.67,0.642311,2.57557,2.22902,6.15521,713.15
gen983,9.942,0.602,789.752,0.624685,0,0,0,237.478
gen984,26.971,3.406,9288.13,0.356531,91.6642,90.5724,90.355,-253.18
gen985,10.005,0.6,1162.19,0.626742,0.182504,0.130657,0.295539,253.475
gen986,9.944,0.78,3806.41,0.652091,1.69127,1.43489,4.35256,823.715
gen987,31.558,2.062,10163.5,0.268078,100,98.8066,89.7636,-538.705
gen988,9.791,0.796,3360.22,0.65124,1.48565,1.26929,3.56408,802.047
gen989,18.849,1.851,10400.9,0.53056,32.9228,32.0585,55.2214,-162.662
gen990,9.867,0.69,2205.63,0.639114,0.609233,0.474302,1.95314,515.51
gen991,9.959,0.91,5185.71,0.664414,2.33594,2.0299,6.26696,1013.26
gen992,9.964,0.914,5197.82,0.664427,2.32646,2.06285,6.4331,971.945
gen993,9.881,0.825,3640.77,0.651968,1.86109,1.61474,4.59256,883.857
gen994,10.87,1.127,7616.53,0.667966,3.82013,3.5167,10.1079,883.453
gen995,9.927,0.736,2864.35,0.643888,1.29349,1.04514,2.855,635.188
gen996,9.956,0.799,2654.7,0.641511,1.6901,1.37904,3.47824,655.235
gen997,10.309,0.76,3053.84,0.637797,1.90349,1.61277,4.09791,454.76
gen998,9.956,0.946,4597.01,0.659237,2.38169,2.04975,5.90364,853.078
gen999,14.142,1.649,11119.9,0.633248,12.026,11.6224,26.4237,559.047